physics_frame_id,attempt,state,actual_joint26,applied_target26,next_target26,joint_error26,frame_position,frame_quat_wxyz,frame_linear_velocity,frame_angular_velocity,fixed_position,fixed_quat_wxyz,palm_position,palm_quat_wxyz,support_link_names,support_link_positions,support_force_n,support_force_xyz,frame_fixed_force_n,frame_fixed_force_xyz,frame_table_force_n,frame_table_force_xyz,support_fingers,support_links,hand_frame_contact,frame_fixed_contact,frame_table_contact,frame_ground_contact,illegal_contact,illegal_pairs,signed_gap_m,preinsert_position_error_m,preinsert_rotation_error_deg,goal_position_error_m,goal_rotation_error_deg,relative_position_drift_m,relative_rotation_drift_deg,post_reset_object_root_writes,post_reset_wrist_state_writes,post_reset_fixed_asset_root_writes,terminal,failure,diagnostic_post_terminal
0,attempt_0,SETTLE_ON_FORK,"[-0.048956405371427536,-0.19211694598197937,1.1159899234771729,2.8823294639587402,0.15918083488941193,-1.5423282384872437,0.0387205109000206,-0.0299559086561203,-0.03339453041553497,-0.029487866908311844,-0.03269193321466446,-0.0552019402384758,-0.14174796640872955,-0.1405242532491684,-0.14474676549434662,-0.14659084379673004,0.36893925070762634,0.3657611906528473,0.36877167224884033,0.3634405732154846,0.3628591001033783,0.3633285462856293,0.3729158043861389,0.371367871761322,0.3661431670188904,0.3712184727191925]","[-0.049019116908311844,-0.19217970967292786,1.1160317659378052,2.8825559616088867,0.15894357860088348,-1.5429998636245728,0.038880009204149246,-0.030385009944438934,-0.03416500985622406,-0.03003498911857605,-0.03258999437093735,-0.05515999346971512,-0.14153999090194702,-0.14048998057842255,-0.14468999207019806,-0.14710499346256256,0.36910131573677063,0.36573249101638794,0.36931121349334717,0.3636675179004669,0.3627399802207947,0.3633349537849426,0.3728812336921692,0.3710786998271942,0.3659687340259552,0.37119248509407043]","[-0.049019118701466774,-0.19217971644579906,1.1160317348816973,2.8825559180792415,0.1589435743175724,-1.5429998466092598,0.038880009204149246,-0.030385009944438934,-0.03416500985622406,-0.03003498911857605,-0.03258999437093735,-0.05515999346971512,-0.14153999090194702,-0.14048998057842255,-0.14468999207019806,-0.14710499346256256,0.36910131573677063,0.36573249101638794,0.36931121349334717,0.3636675179004669,0.3627399802207947,0.3633349537849426,0.3728812336921692,0.3710786998271942,0.3659687340259552,0.37119248509407043]","[-6.271153688430786e-05,-6.276369094848633e-05,4.184246063232422e-05,0.00022649765014648438,-0.00023725628852844238,-0.0006716251373291016,0.00015949830412864685,-0.00042910128831863403,-0.0007704794406890869,-0.0005471222102642059,0.00010193884372711182,4.194676876068115e-05,0.00020797550678253174,3.427267074584961e-05,5.677342414855957e-05,-0.0005141496658325195,0.0001620650291442871,-2.8699636459350586e-05,0.0005395412445068359,0.0002269446849822998,-0.00011911988258361816,6.407499313354492e-06,-3.457069396972656e-05,-0.0002891719341278076,-0.00017443299293518066,-2.5987625122070312e-05]","[0.12359930574893951,-0.30186644196510315,1.012006402015686]","[0.00918108131736517,0.03669647499918938,-0.7064237594604492,0.7067775726318359]","[-0.6859964728355408,0.2871943712234497,0.32737424969673157]","[4.26663064956665,-4.839588642120361,4.575823783874512]","[-0.1599999964237213,-0.30000001192092896,0.7400000095367432]","[0.7070000171661377,0.7070000171661377,0.0,0.0]","[-0.04895626753568649,-0.1921168863773346,1.1159898042678833]","[0.1473539024591446,0.7016687393188477,0.6963047981262207,-0.03327573090791702]","[""right_finger2_link3"",""right_finger2_link4"",""right_finger3_link3"",""right_finger3_link4"",""right_finger4_link3"",""right_finger4_link4""]","[[0.0024302692618221045,-0.2396954894065857,0.9915061593055725],[0.004703179933130741,-0.23980753123760223,0.9620940685272217],[-0.02657829225063324,-0.24460357427597046,0.9910374283790588],[-0.025684572756290436,-0.24478282034397125,0.9615514874458313],[-0.05299124866724014,-0.23986557126045227,0.9915094375610352],[-0.05438373237848282,-0.23955802619457245,0.9620439410209656]]","[3.3448840712429804,0.0,0.0,0.0,0.0,0.0]","[[1.3182665270505822e-07,-0.00100998068228364,-3.344883918762207],[0.0,0.0,0.0],[0.0,0.0,0.0],[0.0,0.0,0.0],[0.0,0.0,0.0],[0.0,0.0,0.0]]",0.0,"[0.0,0.0,0.0]",0.0,"[0.0,0.0,0.0]",[],[],False,False,False,False,False,[],-0.005053333633043389,0.010160008985383471,4.335847255287968,0.021552979639011535,4.335847255287968,0.0,0.0,0,0,0,False,,False
1,attempt_0,FAILED,"[-0.04835102707147598,-0.19261831045150757,1.1165939569473267,2.895301342010498,0.1538764238357544,-1.5512639284133911,0.03707252815365791,-0.03700561448931694,-0.058943551033735275,-0.046237763017416,-0.04152363911271095,-0.05536584556102753,-0.14346137642860413,-0.13270826637744904,-0.13604705035686493,-0.13612933456897736,0.36720800399780273,0.3612089157104492,0.39669471979141235,0.38070324063301086,0.3653043210506439,0.3632560968399048,0.37320181727409363,0.35996919870376587,0.3595981299877167,0.37014591693878174]","[-0.049019116908311844,-0.19217970967292786,1.1160317659378052,2.8825559616088867,0.15894357860088348,-1.5429998636245728,0.038880009204149246,-0.030385009944438934,-0.03416500985622406,-0.03003498911857605,-0.03258999437093735,-0.05515999346971512,-0.14153999090194702,-0.14048998057842255,-0.14468999207019806,-0.14710499346256256,0.36910131573677063,0.36573249101638794,0.36931121349334717,0.3636675179004669,0.3627399802207947,0.3633349537849426,0.3728812336921692,0.3710786998271942,0.3659687340259552,0.37119248509407043]","[-0.049019118701466774,-0.19217971644579906,1.1160317348816973,2.8825559180792415,0.1589435743175724,-1.5429998466092598,0.038880009204149246,-0.030385009944438934,-0.03416500985622406,-0.03003498911857605,-0.03258999437093735,-0.05515999346971512,-0.14153999090194702,-0.14048998057842255,-0.14468999207019806,-0.14710499346256256,0.36910131573677063,0.36573249101638794,0.36931121349334717,0.3636675179004669,0.3627399802207947,0.3633349537849426,0.3728812336921692,0.3710786998271942,0.3659687340259552,0.37119248509407043]","[-0.0006680898368358612,0.0004386007785797119,-0.0005621910095214844,-0.012745380401611328,0.005067154765129089,0.00826406478881836,0.001807481050491333,0.006620604544878006,0.024778541177511215,0.01620277389883995,0.008933644741773605,0.00020585209131240845,0.0019213855266571045,-0.007781714200973511,-0.00864294171333313,-0.010975658893585205,0.0018933117389678955,0.004523575305938721,-0.027383506298065186,-0.017035722732543945,-0.002564340829849243,7.88569450378418e-05,-0.0003205835819244385,0.011109501123428345,0.006370604038238525,0.0010465681552886963]","[0.13382887840270996,-0.24335873126983643,1.0023804903030396]","[-0.06526800990104675,0.17289839684963226,-0.6124922037124634,0.7685697674751282]","[0.6504143476486206,0.8129344582557678,-8.45950984954834]","[-40.697837829589844,-36.36757278442383,10.23138427734375]","[-0.1599999964237213,-0.30000001192092896,0.7400000095367432]","[0.7070000171661377,0.7070000171661377,0.0,0.0]","[-0.04835088923573494,-0.1926182508468628,1.116593837738037]","[0.14085087180137634,0.6998653411865234,0.6995502710342407,-0.03128776326775551]","[""right_finger2_link3"",""right_finger2_link4"",""right_finger3_link3"",""right_finger3_link4"",""right_finger4_link3"",""right_finger4_link4""]","[[0.002435280242934823,-0.23869560658931732,0.9913275241851807],[0.004528510384261608,-0.23879149556159973,0.9619020223617554],[-0.02623763307929039,-0.24460257589817047,0.9913914799690247],[-0.025306159630417824,-0.24436582624912262,0.961907148361206],[-0.05265131592750549,-0.2397167980670929,0.9918957948684692],[-0.05399913340806961,-0.23908686637878418,0.9624333381652832]]","[119.53781383507616,0.0,0.0,0.0,0.0,0.0]","[[-7.7489800453186035,-0.2106701284646988,-119.28620147705078],[0.0,0.0,0.0],[0.0,0.0,0.0],[0.0,0.0,0.0],[0.0,0.0,0.0],[0.0,0.0,0.0]]",0.0,"[0.0,0.0,0.0]",0.0,"[0.0,0.0,0.0]",[],[],False,False,False,False,False,[],-0.0247215436426097,0.05944410547087356,24.86074673513663,0.057596459276678835,24.86074673513663,0.0,0.0,0,0,0,True,HARD_FORCE_ABORT,False
2,attempt_0,FAILED,"[-0.04616542160511017,-0.1955363005399704,1.1179838180541992,2.8941235542297363,0.15463028848171234,-1.5519241094589233,0.03971443325281143,-0.035141319036483765,-0.055138517171144485,-0.04420778900384903,-0.038424696773290634,-0.05503736808896065,-0.14276407659053802,-0.13404887914657593,-0.13705778121948242,-0.13753898441791534,0.3698475658893585,0.36450231075286865,0.3938397765159607,0.3785138428211212,0.36460620164871216,0.36336758732795715,0.3726811707019806,0.36024096608161926,0.3597452938556671,0.3705529570579529]","[-0.049019116908311844,-0.19217970967292786,1.1160317659378052,2.8825559616088867,0.15894357860088348,-1.5429998636245728,0.038880009204149246,-0.030385009944438934,-0.03416500985622406,-0.03003498911857605,-0.03258999437093735,-0.05515999346971512,-0.14153999090194702,-0.14048998057842255,-0.14468999207019806,-0.14710499346256256,0.36910131573677063,0.36573249101638794,0.36931121349334717,0.3636675179004669,0.3627399802207947,0.3633349537849426,0.3728812336921692,0.3710786998271942,0.3659687340259552,0.37119248509407043]","[-0.049019118701466774,-0.19217971644579906,1.1160317348816973,2.8825559180792415,0.1589435743175724,-1.5429998466092598,0.038880009204149246,-0.030385009944438934,-0.03416500985622406,-0.03003498911857605,-0.03258999437093735,-0.05515999346971512,-0.14153999090194702,-0.14048998057842255,-0.14468999207019806,-0.14710499346256256,0.36910131573677063,0.36573249101638794,0.36931121349334717,0.3636675179004669,0.3627399802207947,0.3633349537849426,0.3728812336921692,0.3710786998271942,0.3659687340259552,0.37119248509407043]","[-0.0028536953032016754,0.0033565908670425415,-0.001952052116394043,-0.01156759262084961,0.004313290119171143,0.008924245834350586,-0.0008344240486621857,0.00475630909204483,0.020973507314920425,0.01417279988527298,0.005834702402353287,-0.00012262538075447083,0.0012240856885910034,-0.006441101431846619,-0.007632210850715637,-0.009566009044647217,-0.0007462501525878906,0.0012301802635192871,-0.024528563022613525,-0.014846324920654297,-0.0018662214279174805,-3.263354301452637e-05,0.00020006299018859863,0.010837733745574951,0.006223440170288086,0.0006395280361175537]","[0.13548481464385986,-0.2429600954055786,1.001074194908142]","[-0.06018480658531189,0.18127290904521942,-0.6063058376312256,0.771952748298645]","[0.3553161025047302,-0.38804391026496887,-1.1150163412094116]","[13.93952751159668,-6.569129943847656,-8.187125205993652]","[-0.1599999964237213,-0.30000001192092896,0.7400000095367432]","[0.7070000171661377,0.7070000171661377,0.0,0.0]","[-0.046165283769369125,-0.19553622603416443,1.1179836988449097]","[0.14151117205619812,0.699498176574707,0.6997756958007812,-0.03147768974304199]","[""right_finger2_link3"",""right_finger2_link4"",""right_finger3_link3"",""right_finger3_link4"",""right_finger4_link3"",""right_finger4_link4""]","[[0.004745800979435444,-0.24164696037769318,0.9927707314491272],[0.0068395864218473434,-0.24162718653678894,0.9633451700210571],[-0.023987524211406708,-0.24749810993671417,0.9927821159362793],[-0.02308071404695511,-0.24726997315883636,0.9632969498634338],[-0.05039172247052193,-0.2427058070898056,0.9933066964149475],[-0.05175425484776497,-0.24211670458316803,0.9638440608978271]]","[97.73115435148901,0.0,0.0,0.0,0.0,0.0]","[[-10.894268989562988,-23.57146644592285,-94.21825408935547],[0.0,0.0,0.0],[0.0,0.0,0.0],[0.0,0.0,0.0],[0.0,0.0,0.0],[0.0,0.0,0.0]]",0.0,"[0.0,0.0,0.0]",0.0,"[0.0,0.0,0.0]",[],[],False,False,False,False,False,[],-0.027338029030066435,0.060430192823777734,25.894863615378558,0.05794118506729815,25.894863615378558,0.0,0.0,0,0,0,True,HARD_FORCE_ABORT,True
3,attempt_0,FAILED,"[-0.0424603633582592,-0.19951529800891876,1.1198170185089111,2.888556480407715,0.15757295489311218,-1.5472557544708252,0.04035066068172455,-0.03519619628787041,-0.038248900324106216,-0.03862382844090462,-0.03747115284204483,-0.05488773062825203,-0.14195090532302856,-0.13997365534305573,-0.14026232063770294,-0.14124645292758942,0.37059006094932556,0.3659319281578064,0.37707847356796265,0.37350985407829285,0.3655693233013153,0.36340606212615967,0.3725278675556183,0.36638057231903076,0.36146411299705505,0.37024253606796265]","[-0.049019116908311844,-0.19217970967292786,1.1160317659378052,2.8825559616088867,0.15894357860088348,-1.5429998636245728,0.038880009204149246,-0.030385009944438934,-0.03416500985622406,-0.03003498911857605,-0.03258999437093735,-0.05515999346971512,-0.14153999090194702,-0.14048998057842255,-0.14468999207019806,-0.14710499346256256,0.36910131573677063,0.36573249101638794,0.36931121349334717,0.3636675179004669,0.3627399802207947,0.3633349537849426,0.3728812336921692,0.3710786998271942,0.3659687340259552,0.37119248509407043]","[-0.049019118701466774,-0.19217971644579906,1.1160317348816973,2.8825559180792415,0.1589435743175724,-1.5429998466092598,0.038880009204149246,-0.030385009944438934,-0.03416500985622406,-0.03003498911857605,-0.03258999437093735,-0.05515999346971512,-0.14153999090194702,-0.14048998057842255,-0.14468999207019806,-0.14710499346256256,0.36910131573677063,0.36573249101638794,0.36931121349334717,0.3636675179004669,0.3627399802207947,0.3633349537849426,0.3728812336921692,0.3710786998271942,0.3659687340259552,0.37119248509407043]","[-0.006558753550052643,0.007335588335990906,-0.003785252571105957,-0.006000518798828125,0.0013706237077713013,0.004255890846252441,-0.0014706514775753021,0.004811186343431473,0.004083890467882156,0.008588839322328568,0.004881158471107483,-0.000272262841463089,0.00041091442108154297,-0.0005163252353668213,-0.004427671432495117,-0.0058585405349731445,-0.0014887452125549316,-0.00019943714141845703,-0.0077672600746154785,-0.009842336177825928,-0.00282934308052063,-7.110834121704102e-05,0.0003533661365509033,0.004698127508163452,0.0045046210289001465,0.0009499490261077881]","[0.13744571805000305,-0.2402336597442627,1.0067765712738037]","[-0.0807812288403511,0.17015832662582397,-0.6144735217094421,0.7661218047142029]","[1.0426806211471558,-1.3736952543258667,-0.4518067240715027]","[3.3667123317718506,9.239376068115234,-10.169881820678711]","[-0.1599999964237213,-0.30000001192092896,0.7400000095367432]","[0.7070000171661377,0.7070000171661377,0.0,0.0]","[-0.04246022552251816,-0.199515238404274,1.1198168992996216]","[0.14454178512096405,0.7005220651626587,0.6981045603752136,-0.03203950449824333]","[""right_finger2_link3"",""right_finger2_link4"",""right_finger3_link3"",""right_finger3_link4"",""right_finger4_link3"",""right_finger4_link4""]","[[0.008811043575406075,-0.24641695618629456,0.995036780834198],[0.011035475879907608,-0.2465032935142517,0.9656208753585815],[-0.020194848999381065,-0.25143373012542725,0.9946133494377136],[-0.019356969743967056,-0.2513462007045746,0.9651253819465637],[-0.046482328325510025,-0.24701757729053497,0.9952524900436401],[-0.04781916365027428,-0.24654042720794678,0.9657866954803467]]","[103.83406221887834,0.0,17.51106684523116,0.0,0.0,0.0]","[[3.962475299835205,-65.16223907470703,-80.74462127685547],[0.0,0.0,0.0],[-2.2220494747161865,-4.509837627410889,-16.773828506469727],[0.0,0.0,0.0],[0.0,0.0,0.0],[0.0,0.0,0.0]]",0.0,"[0.0,0.0,0.0]",0.0,"[0.0,0.0,0.0]",[],[],False,False,False,False,False,[],-0.024133082926206084,0.061702677617349426,25.035758555715017,0.062086518096718765,25.035758555715017,0.0,0.0,0,0,0,True,HARD_FORCE_ABORT,True
4,attempt_0,FAILED,"[-0.040341101586818695,-0.20103669166564941,1.1205697059631348,2.884662628173828,0.1614397019147873,-1.5375763177871704,0.038444455713033676,-0.034612808376550674,-0.05147212743759155,-0.00014845408441033214,-0.04549526050686836,-0.05519631505012512,-0.14193157851696014,-0.12640471756458282,-0.166582390666008,-0.1474282443523407,0.36870741844177246,0.3642023503780365,0.37434321641921997,0.3497624397277832,0.3737418055534363,0.3633294403553009,0.3729049861431122,0.3672166168689728,0.36997395753860474,0.3663805425167084]","[-0.049019116908311844,-0.19217970967292786,1.1160317659378052,2.8825559616088867,0.15894357860088348,-1.5429998636245728,0.038880009204149246,-0.030385009944438934,-0.03416500985622406,-0.03003498911857605,-0.03258999437093735,-0.05515999346971512,-0.14153999090194702,-0.14048998057842255,-0.14468999207019806,-0.14710499346256256,0.36910131573677063,0.36573249101638794,0.36931121349334717,0.3636675179004669,0.3627399802207947,0.3633349537849426,0.3728812336921692,0.3710786998271942,0.3659687340259552,0.37119248509407043]","[-0.049019118701466774,-0.19217971644579906,1.1160317348816973,2.8825559180792415,0.1589435743175724,-1.5429998466092598,0.038880009204149246,-0.030385009944438934,-0.03416500985622406,-0.03003498911857605,-0.03258999437093735,-0.05515999346971512,-0.14153999090194702,-0.14048998057842255,-0.14468999207019806,-0.14710499346256256,0.36910131573677063,0.36573249101638794,0.36931121349334717,0.3636675179004669,0.3627399802207947,0.3633349537849426,0.3728812336921692,0.3710786998271942,0.3659687340259552,0.37119248509407043]","[-0.008678015321493149,0.008856981992721558,-0.00453794002532959,-0.0021066665649414062,-0.0024961233139038086,-0.005423545837402344,0.00043555349111557007,0.00422779843211174,0.017307117581367493,-0.029886534437537193,0.012905266135931015,3.632158041000366e-05,0.00039158761501312256,-0.014085263013839722,0.021892398595809937,0.0003232508897781372,0.00039389729499816895,0.0015301406383514404,-0.005032002925872803,0.013905078172683716,-0.011001825332641602,5.513429641723633e-06,-2.3752450942993164e-05,0.0038620829582214355,-0.004005223512649536,0.0048119425773620605]","[0.13273867964744568,-0.203159898519516,0.9962064623832703]","[-0.14277896285057068,0.2618963122367859,-0.6068692207336426,0.7367048859596252]","[-4.6378984451293945,-1.886207938194275,1.5851715803146362]","[17.0399227142334,-4.238994121551514,35.77605438232422]","[-0.1599999964237213,-0.30000001192092896,0.7400000095367432]","[0.7070000171661377,0.7070000171661377,0.0,0.0]","[-0.04034096747636795,-0.20103663206100464,1.1205695867538452]","[0.14737999439239502,0.703328013420105,0.6947150230407715,-0.031304530799388885]","[""right_finger2_link3"",""right_finger2_link4"",""right_finger3_link3"",""right_finger3_link4"",""right_finger4_link3"",""right_finger4_link4""]","[[0.01130256149917841,-0.2486327737569809,0.996205747127533],[0.013713402673602104,-0.24884086847305298,0.9668051600456238],[-0.01718585565686226,-0.2540261447429657,0.995914876461029],[-0.015795154497027397,-0.25449904799461365,0.9664514660835266],[-0.04495362192392349,-0.2470012605190277,0.9954513311386108],[-0.04683581739664078,-0.24607205390930176,0.9660261273384094]]","[0.0,0.0,28.58843868155488,0.0,0.0,0.0]","[[0.0,0.0,0.0],[0.0,0.0,0.0],[-0.17532972991466522,-12.077404022216797,-25.91147232055664],[0.0,0.0,0.0],[0.0,0.0,0.0],[0.0,0.0,0.0]]",0.0,"[0.0,0.0,0.0]",0.0,"[0.0,0.0,0.0]",[],[],False,False,False,False,False,[],-0.029685076439218472,0.09958735163288124,36.37123195873095,0.09659683936880521,36.37123195873095,0.0,0.0,0,0,0,True,HARD_FORCE_ABORT,True
5,attempt_0,FAILED,"[-0.03816543519496918,-0.20309185981750488,1.1219258308410645,2.8748321533203125,0.1681915819644928,-1.5349675416946411,0.03667474165558815,-0.03600528463721275,-0.050975482910871506,0.0012654060265049338,-0.04024629294872284,-0.05539093166589737,-0.14158423244953156,-0.12651745975017548,-0.16600842773914337,-0.15257851779460907,0.3664991855621338,0.36168935894966125,0.3691914677619934,0.34490737318992615,0.36993709206581116,0.36323997378349304,0.37331873178482056,0.3684921860694885,0.3729192614555359,0.36682724952697754]","[-0.049019116908311844,-0.19217970967292786,1.1160317659378052,2.8825559616088867,0.15894357860088348,-1.5429998636245728,0.038880009204149246,-0.030385009944438934,-0.03416500985622406,-0.03003498911857605,-0.03258999437093735,-0.05515999346971512,-0.14153999090194702,-0.14048998057842255,-0.14468999207019806,-0.14710499346256256,0.36910131573677063,0.36573249101638794,0.36931121349334717,0.3636675179004669,0.3627399802207947,0.3633349537849426,0.3728812336921692,0.3710786998271942,0.3659687340259552,0.37119248509407043]","[-0.049019118701466774,-0.19217971644579906,1.1160317348816973,2.8825559180792415,0.1589435743175724,-1.5429998466092598,0.038880009204149246,-0.030385009944438934,-0.03416500985622406,-0.03003498911857605,-0.03258999437093735,-0.05515999346971512,-0.14153999090194702,-0.14048998057842255,-0.14468999207019806,-0.14710499346256256,0.36910131573677063,0.36573249101638794,0.36931121349334717,0.3636675179004669,0.3627399802207947,0.3633349537849426,0.3728812336921692,0.3710786998271942,0.3659687340259552,0.37119248509407043]","[-0.010853681713342667,0.010912150144577026,-0.005894064903259277,0.007723808288574219,-0.009248003363609314,-0.00803232192993164,0.002205267548561096,0.005620274692773819,0.016810473054647446,-0.03130039572715759,0.007656298577785492,0.00023093819618225098,4.424154758453369e-05,-0.01397252082824707,0.021318435668945312,0.005473524332046509,0.002602130174636841,0.004043132066726685,0.00011974573135375977,0.01876014471054077,-0.0071971118450164795,9.498000144958496e-05,-0.0004374980926513672,0.0025865137577056885,-0.0069505274295806885,0.0043652355670928955]","[0.1325169801712036,-0.1989697813987732,1.0040507316589355]","[-0.16555699706077576,0.24774356186389923,-0.6120783090591431,0.7325122356414795]","[-0.06859879940748215,0.31665948033332825,0.16146862506866455]","[-4.368889331817627,4.273159027099609,-6.979233264923096]","[-0.1599999964237213,-0.30000001192092896,0.7400000095367432]","[0.7070000171661377,0.7070000171661377,0.0,0.0]","[-0.03816530108451843,-0.2030918002128601,1.1219255924224854]","[0.15316922962665558,0.7029915452003479,0.6937664747238159,-0.03209669142961502]","[""right_finger2_link3"",""right_finger2_link4"",""right_finger3_link3"",""right_finger3_link4"",""right_finger4_link3"",""right_finger4_link4""]","[[0.014357637614011765,-0.2519472539424896,0.9984190464019775],[0.017013952136039734,-0.25254353880882263,0.9690449237823486],[-0.014159442856907845,-0.25724631547927856,0.9979336857795715],[-0.012566938064992428,-0.2581344246864319,0.9684901237487793],[-0.041883014142513275,-0.25016969442367554,0.9971884489059448],[-0.04355200007557869,-0.24961891770362854,0.9677408337593079]]","[0.0,0.0,0.0,0.0,2.755784120400976,0.0]","[[0.0,0.0,0.0],[0.0,0.0,0.0],[0.0,0.0,0.0],[0.0,0.0,0.0],[-0.2962512671947479,-0.6135694980621338,-2.670227289199829],[0.0,0.0,0.0]]",0.0,"[0.0,0.0,0.0]",0.0,"[0.0,0.0,0.0]",[],[],False,False,False,False,False,[],-0.025012525753779435,0.10204431530273227,36.10643642114641,0.1014741701761339,36.10643642114641,0.0,0.0,0,0,0,True,HARD_FORCE_ABORT,True
6,attempt_0,FAILED,"[-0.03718540072441101,-0.20428963005542755,1.1227573156356812,2.873425006866455,0.16906875371932983,-1.5311897993087769,0.03950333595275879,-0.03294656053185463,-0.046726055443286896,-0.02021714486181736,0.0018761814571917057,-0.05514708161354065,-0.1417069286108017,-0.1295979917049408,-0.1497734636068344,-0.17167389392852783,0.36939218640327454,0.36525091528892517,0.37214967608451843,0.3516128957271576,0.35082998871803284,0.36335405707359314,0.37277743220329285,0.3680610954761505,0.37134259939193726,0.3733856976032257]","[-0.049019116908311844,-0.19217970967292786,1.1160317659378052,2.8825559616088867,0.15894357860088348,-1.5429998636245728,0.038880009204149246,-0.030385009944438934,-0.03416500985622406,-0.03003498911857605,-0.03258999437093735,-0.05515999346971512,-0.14153999090194702,-0.14048998057842255,-0.14468999207019806,-0.14710499346256256,0.36910131573677063,0.36573249101638794,0.36931121349334717,0.3636675179004669,0.3627399802207947,0.3633349537849426,0.3728812336921692,0.3710786998271942,0.3659687340259552,0.37119248509407043]","[-0.049019118701466774,-0.19217971644579906,1.1160317348816973,2.8825559180792415,0.1589435743175724,-1.5429998466092598,0.038880009204149246,-0.030385009944438934,-0.03416500985622406,-0.03003498911857605,-0.03258999437093735,-0.05515999346971512,-0.14153999090194702,-0.14048998057842255,-0.14468999207019806,-0.14710499346256256,0.36910131573677063,0.36573249101638794,0.36931121349334717,0.3636675179004669,0.3627399802207947,0.3633349537849426,0.3728812336921692,0.3710786998271942,0.3659687340259552,0.37119248509407043]","[-0.011833716183900833,0.012109920382499695,-0.0067255496978759766,0.00913095474243164,-0.01012517511844635,-0.011810064315795898,-0.0006233267486095428,0.002561550587415695,0.012561045587062836,-0.00981784425675869,-0.034466177225112915,-1.2911856174468994e-05,0.0001669377088546753,-0.01089198887348175,0.0050834715366363525,0.02456890046596527,-0.00029087066650390625,0.00048157572746276855,-0.0028384625911712646,0.012054622173309326,0.01190999150276184,-1.9103288650512695e-05,0.00010380148887634277,0.003017604351043701,-0.005373865365982056,-0.0021932125091552734]","[0.13236071169376373,-0.19602108001708984,1.0141702890396118]","[-0.1876286119222641,0.23277316987514496,-0.6137900948524475,0.7306666970252991]","[0.22175875306129456,-0.020948875695466995,0.04326409101486206]","[0.9713239669799805,0.990553617477417,-2.389279365539551]","[-0.1599999964237213,-0.30000001192092896,0.7400000095367432]","[0.7070000171661377,0.7070000171661377,0.0,0.0]","[-0.03718526288866997,-0.20428957045078278,1.1227571964263916]","[0.15402154624462128,0.7041258215904236,0.6924315690994263,-0.0319787822663784]","[""right_finger2_link3"",""right_finger2_link4"",""right_finger3_link3"",""right_finger3_link4"",""right_finger4_link3"",""right_finger4_link4""]","[[0.015373989939689636,-0.25328949093818665,0.999321460723877],[0.01803574524819851,-0.2537286877632141,0.9699450135231018],[-0.01325463317334652,-0.2584340274333954,0.9987566471099854],[-0.011691962368786335,-0.25913503766059875,0.9693064093589783],[-0.040235862135887146,-0.2524663805961609,0.9984077215194702],[-0.041422031819820404,-0.2524171769618988,0.9689316749572754]]","[0.0,0.0,0.0,0.0,2.353550677314129,0.0]","[[0.0,0.0,0.0],[0.0,0.0,0.0],[0.0,0.0,0.0],[0.0,0.0,0.0],[-0.14293555915355682,-0.46106547117233276,-2.3035166263580322],[0.0,0.0,0.0]]",0.0,"[0.0,0.0,0.0]",0.0,"[0.0,0.0,0.0]",[],[],False,False,False,False,False,[],-0.017994180230494816,0.10379169190877564,36.14137853980273,0.10613130395627073,36.14137853980273,0.0,0.0,0,0,0,True,HARD_FORCE_ABORT,True
7,attempt_0,FAILED,"[-0.03633837774395943,-0.20482099056243896,1.1230385303497314,2.875744581222534,0.16943468153476715,-1.5255100727081299,0.0380692295730114,-0.03324632719159126,-0.04363279417157173,-0.03342471271753311,0.011481918394565582,-0.055310238152742386,-0.1416577398777008,-0.13244083523750305,-0.14131151139736176,-0.18387503921985626,0.36805224418640137,0.36395061016082764,0.36993280053138733,0.3521518111228943,0.35179150104522705,0.36329543590545654,0.3730660378932953,0.36890169978141785,0.37092751264572144,0.37335336208343506]","[-0.049019116908311844,-0.19217970967292786,1.1160317659378052,2.8825559616088867,0.15894357860088348,-1.5429998636245728,0.038880009204149246,-0.030385009944438934,-0.03416500985622406,-0.03003498911857605,-0.03258999437093735,-0.05515999346971512,-0.14153999090194702,-0.14048998057842255,-0.14468999207019806,-0.14710499346256256,0.36910131573677063,0.36573249101638794,0.36931121349334717,0.3636675179004669,0.3627399802207947,0.3633349537849426,0.3728812336921692,0.3710786998271942,0.3659687340259552,0.37119248509407043]","[-0.049019118701466774,-0.19217971644579906,1.1160317348816973,2.8825559180792415,0.1589435743175724,-1.5429998466092598,0.038880009204149246,-0.030385009944438934,-0.03416500985622406,-0.03003498911857605,-0.03258999437093735,-0.05515999346971512,-0.14153999090194702,-0.14048998057842255,-0.14468999207019806,-0.14710499346256256,0.36910131573677063,0.36573249101638794,0.36931121349334717,0.3636675179004669,0.3627399802207947,0.3633349537849426,0.3728812336921692,0.3710786998271942,0.3659687340259552,0.37119248509407043]","[-0.012680739164352417,0.012641280889511108,-0.0070067644119262695,0.006811380386352539,-0.010491102933883667,-0.01748979091644287,0.0008107796311378479,0.0028613172471523285,0.009467784315347672,0.0033897235989570618,-0.04407191276550293,0.00015024468302726746,0.00011774897575378418,-0.008049145340919495,-0.0033784806728363037,0.0367700457572937,0.0010490715503692627,0.0017818808555603027,-0.0006215870380401611,0.011515706777572632,0.010948479175567627,3.9517879486083984e-05,-0.00018480420112609863,0.002177000045776367,-0.004958778619766235,-0.002160876989364624]","[0.13246075809001923,-0.19467729330062866,1.0154292583465576]","[-0.19221308827400208,0.23242998123168945,-0.6133188605308533,0.7299797534942627]","[0.14487211406230927,-0.22318357229232788,-0.5475978851318359]","[6.204524517059326,1.0917136669158936,-2.0450141429901123]","[-0.1599999964237213,-0.30000001192092896,0.7400000095367432]","[0.7070000171661377,0.7070000171661377,0.0,0.0]","[-0.036338239908218384,-0.2048209309577942,1.123038411140442]","[0.1534160077571869,0.7062400579452515,0.6904721260070801,-0.0306084044277668]","[""right_finger2_link3"",""right_finger2_link4"",""right_finger3_link3"",""right_finger3_link4"",""right_finger4_link3"",""right_finger4_link4""]","[[0.01619136519730091,-0.2537072002887726,0.9995447397232056],[0.018915634602308273,-0.2541102468967438,0.9701735377311707],[-0.01257957611232996,-0.2585475444793701,0.9988353848457336],[-0.01104744616895914,-0.2591313123703003,0.9693809747695923],[-0.03911828622221947,-0.25318801403045654,0.9987629055976868],[-0.04004504159092903,-0.25343477725982666,0.9692785143852234]]","[0.0,0.0,0.0,0.0,44.123916639444936,0.0]","[[0.0,0.0,0.0],[0.0,0.0,0.0],[0.0,0.0,0.0],[0.0,0.0,0.0],[-0.5100632905960083,-7.7708587646484375,-43.431251525878906],[0.0,0.0,0.0]]",0.0,"[0.0,0.0,0.0]",0.0,"[0.0,0.0,0.0]",[],[],False,False,False,False,False,[],-0.01730823509455237,0.10506166399709113,36.44272099320561,0.10772478716816544,36.44272099320561,0.0,0.0,0,0,0,True,HARD_FORCE_ABORT,True
8,attempt_0,FAILED,"[-0.036601826548576355,-0.2041158676147461,1.1226868629455566,2.8745944499969482,0.1699049323797226,-1.52662193775177,0.037625253200531006,-0.0326310396194458,-0.04122111201286316,-0.03446577861905098,0.0048565673641860485,-0.055400654673576355,-0.14159536361694336,-0.13449661433696747,-0.1370028704404831,-0.18376293778419495,0.36760640144348145,0.3638664186000824,0.3694281280040741,0.3547833263874054,0.35525113344192505,0.36326977610588074,0.3731805682182312,0.36934173107147217,0.37028130888938904,0.3724459707736969]","[-0.049019116908311844,-0.19217970967292786,1.1160317659378052,2.8825559616088867,0.15894357860088348,-1.5429998636245728,0.038880009204149246,-0.030385009944438934,-0.03416500985622406,-0.03003498911857605,-0.03258999437093735,-0.05515999346971512,-0.14153999090194702,-0.14048998057842255,-0.14468999207019806,-0.14710499346256256,0.36910131573677063,0.36573249101638794,0.36931121349334717,0.3636675179004669,0.3627399802207947,0.3633349537849426,0.3728812336921692,0.3710786998271942,0.3659687340259552,0.37119248509407043]","[-0.049019118701466774,-0.19217971644579906,1.1160317348816973,2.8825559180792415,0.1589435743175724,-1.5429998466092598,0.038880009204149246,-0.030385009944438934,-0.03416500985622406,-0.03003498911857605,-0.03258999437093735,-0.05515999346971512,-0.14153999090194702,-0.14048998057842255,-0.14468999207019806,-0.14710499346256256,0.36910131573677063,0.36573249101638794,0.36931121349334717,0.3636675179004669,0.3627399802207947,0.3633349537849426,0.3728812336921692,0.3710786998271942,0.3659687340259552,0.37119248509407043]","[-0.012417290359735489,0.011936157941818237,-0.006655097007751465,0.007961511611938477,-0.010961353778839111,-0.016377925872802734,0.0012547560036182404,0.0022460296750068665,0.007056102156639099,0.00443078950047493,-0.03744656220078468,0.00024066120386123657,5.537271499633789e-05,-0.005993366241455078,-0.007687121629714966,0.036657944321632385,0.0014949142932891846,0.001866072416305542,-0.00011691451072692871,0.008884191513061523,0.007488846778869629,6.517767906188965e-05,-0.0002993345260620117,0.001736968755722046,-0.004312574863433838,-0.0012534856796264648]","[0.1324886679649353,-0.1939096599817276,1.0147595405578613]","[-0.19363325834274292,0.23508787155151367,-0.6266254186630249,0.7173424959182739]","[-0.5896340608596802,-0.06381206214427948,0.4650014340877533]","[8.922821044921875,3.0411295890808105,-0.5121541619300842]","[-0.1599999964237213,-0.30000001192092896,0.7400000095367432]","[0.7070000171661377,0.7070000171661377,0.0,0.0]","[-0.03660168871283531,-0.20411580801010132,1.122686743736267]","[0.15396347641944885,0.7057318687438965,0.6908557415008545,-0.030921319499611855]","[""right_finger2_link3"",""right_finger2_link4"",""right_finger3_link3"",""right_finger3_link4"",""right_finger4_link3"",""right_finger4_link4""]","[[0.01600492000579834,-0.2530786991119385,0.9992547035217285],[0.01873232237994671,-0.2535024881362915,0.9698841571807861],[-0.012839936651289463,-0.2578731179237366,0.9985063076019287],[-0.011359229683876038,-0.2584359347820282,0.9690488576889038],[-0.03912295773625374,-0.2527202367782593,0.9984905123710632],[-0.03991895914077759,-0.2529756426811218,0.969002366065979]]","[0.0,0.0,0.0,0.0,38.51846795281732,0.0]","[[0.0,0.0,0.0],[0.0,0.0,0.0],[0.0,0.0,0.0],[0.0,0.0,0.0],[-0.17273938655853271,-6.694028854370117,-37.93194580078125],[0.0,0.0,0.0]]",0.0,"[0.0,0.0,0.0]",0.0,"[0.0,0.0,0.0]",[],[],False,False,False,False,False,[],-0.015463612372052848,0.10586597634501983,36.26884404725271,0.108324043539518,36.26884404725271,0.0,0.0,0,0,0,True,HARD_FORCE_ABORT,True
9,attempt_0,FAILED,"[-0.036976296454668045,-0.20332005620002747,1.1223818063735962,2.878307819366455,0.16761775314807892,-1.5237387418746948,0.03775844722986221,-0.03255955129861832,-0.039593398571014404,-0.04496573284268379,0.014408002607524395,-0.05533421039581299,-0.14157734811306,-0.13597245514392853,-0.1259443312883377,-0.20447948575019836,0.36780720949172974,0.36396658420562744,0.368827760219574,0.35536617040634155,0.35844868421554565,0.3632727563381195,0.3731682300567627,0.3696945905685425,0.3698557913303375,0.3708938956260681]","[-0.049019116908311844,-0.19217970967292786,1.1160317659378052,2.8825559616088867,0.15894357860088348,-1.5429998636245728,0.038880009204149246,-0.030385009944438934,-0.03416500985622406,-0.03003498911857605,-0.03258999437093735,-0.05515999346971512,-0.14153999090194702,-0.14048998057842255,-0.14468999207019806,-0.14710499346256256,0.36910131573677063,0.36573249101638794,0.36931121349334717,0.3636675179004669,0.3627399802207947,0.3633349537849426,0.3728812336921692,0.3710786998271942,0.3659687340259552,0.37119248509407043]","[-0.049019118701466774,-0.19217971644579906,1.1160317348816973,2.8825559180792415,0.1589435743175724,-1.5429998466092598,0.038880009204149246,-0.030385009944438934,-0.03416500985622406,-0.03003498911857605,-0.03258999437093735,-0.05515999346971512,-0.14153999090194702,-0.14048998057842255,-0.14468999207019806,-0.14710499346256256,0.36910131573677063,0.36573249101638794,0.36931121349334717,0.3636675179004669,0.3627399802207947,0.3633349537849426,0.3728812336921692,0.3710786998271942,0.3659687340259552,0.37119248509407043]","[-0.012042820453643799,0.01114034652709961,-0.006350040435791016,0.004248142242431641,-0.008674174547195435,-0.01926112174987793,0.001121561974287033,0.0021745413541793823,0.005428388714790344,0.014930743724107742,-0.04699799790978432,0.00017421692609786987,3.7357211112976074e-05,-0.0045175254344940186,-0.01874566078186035,0.0573744922876358,0.0012941062450408936,0.001765906810760498,0.00048345327377319336,0.008301347494125366,0.0042912960052490234,6.219744682312012e-05,-0.00028699636459350586,0.0013841092586517334,-0.0038870573043823242,0.00029858946800231934]","[0.11863063275814056,-0.16177892684936523,1.0104533433914185]","[-0.24331313371658325,0.2880120873451233,-0.5984160304069519,0.7069270610809326]","[-3.078578233718872,-1.4274835586547852,-0.6169748306274414]","[-7.475539207458496,20.015695571899414,25.27683448791504]","[-0.1599999964237213,-0.30000001192092896,0.7400000095367432]","[0.7070000171661377,0.7070000171661377,0.0,0.0]","[-0.036976158618927,-0.2033199816942215,1.1223816871643066]","[0.1519249677658081,0.7071841955184937,0.6898512244224548,-0.03024459071457386]","[""right_finger2_link3"",""right_finger2_link4"",""right_finger3_link3"",""right_finger3_link4"",""right_finger4_link3"",""right_finger4_link4""]","[[0.015286991372704506,-0.25193628668785095,0.9986670017242432],[0.017969626933336258,-0.25224077701568604,0.9692907929420471],[-0.013633453287184238,-0.256561279296875,0.9979066848754883],[-0.012238715775310993,-0.2569732069969177,0.9684425592422485],[-0.039418112486600876,-0.2519039809703827,0.9981788396835327],[-0.03997672349214554,-0.25236058235168457,0.9686877131462097]]","[0.0,0.0,0.0,0.0,37.92042375511717,0.0]","[[0.0,0.0,0.0],[0.0,0.0,0.0],[0.0,0.0,0.0],[0.0,0.0,0.0],[-0.6378912925720215,-5.297217845916748,-37.543190002441406],[0.0,0.0,0.0]]",0.0,"[0.0,0.0,0.0]",0.0,"[0.0,0.0,0.0]",[],[],False,False,False,False,False,[],-0.01975956965374337,0.13840628830574692,45.25757485886375,0.13937152605124925,45.25757485886375,0.0,0.0,0,0,0,True,HARD_FORCE_ABORT,True
10,attempt_0,FAILED,"[-0.03715677559375763,-0.20270182192325592,1.1220062971115112,2.8786864280700684,0.16693754494190216,-1.5224674940109253,0.03825186565518379,-0.031920306384563446,-0.03832244500517845,-0.04991618171334267,0.027147063985466957,-0.0552767813205719,-0.1415778398513794,-0.1370420604944229,-0.11701001971960068,-0.21773062646389008,0.3683551549911499,0.36460670828819275,0.3691437244415283,0.35734862089157104,0.3537271320819855,0.36329132318496704,0.37308958172798157,0.3698175847530365,0.3693080246448517,0.3719979226589203]","[-0.049019116908311844,-0.19217970967292786,1.1160317659378052,2.8825559616088867,0.15894357860088348,-1.5429998636245728,0.038880009204149246,-0.030385009944438934,-0.03416500985622406,-0.03003498911857605,-0.03258999437093735,-0.05515999346971512,-0.14153999090194702,-0.14048998057842255,-0.14468999207019806,-0.14710499346256256,0.36910131573677063,0.36573249101638794,0.36931121349334717,0.3636675179004669,0.3627399802207947,0.3633349537849426,0.3728812336921692,0.3710786998271942,0.3659687340259552,0.37119248509407043]","[-0.049019118701466774,-0.19217971644579906,1.1160317348816973,2.8825559180792415,0.1589435743175724,-1.5429998466092598,0.038880009204149246,-0.030385009944438934,-0.03416500985622406,-0.03003498911857605,-0.03258999437093735,-0.05515999346971512,-0.14153999090194702,-0.14048998057842255,-0.14468999207019806,-0.14710499346256256,0.36910131573677063,0.36573249101638794,0.36931121349334717,0.3636675179004669,0.3627399802207947,0.3633349537849426,0.3728812336921692,0.3710786998271942,0.3659687340259552,0.37119248509407043]","[-0.011862341314554214,0.010522112250328064,-0.005974531173706055,0.0038695335388183594,-0.007993966341018677,-0.02053236961364746,0.0006281435489654541,0.0015352964401245117,0.0041574351489543915,0.019881192594766617,-0.059737056493759155,0.000116787850856781,3.784894943237305e-05,-0.003447920083999634,-0.02767997235059738,0.07062563300132751,0.0007461607456207275,0.0011257827281951904,0.00016748905181884766,0.006318897008895874,0.009012848138809204,4.363059997558594e-05,-0.00020834803581237793,0.0012611150741577148,-0.0033392906188964844,-0.0008054375648498535]","[0.11614948511123657,-0.155859112739563,1.0141668319702148]","[-0.26213914155960083,0.29043278098106384,-0.5959111452102661,0.7013000845909119]","[0.42861199378967285,0.5215767621994019,0.3193219304084778]","[-4.5167741775512695,2.449601888656616,-1.7574270963668823]","[-0.1599999964237213,-0.30000001192092896,0.7400000095367432]","[0.7070000171661377,0.7070000171661377,0.0,0.0]","[-0.037156637758016586,-0.20270176231861115,1.1220061779022217]","[0.1515810489654541,0.7077023386955261,0.6893945932388306,-0.030263429507613182]","[""right_finger2_link3"",""right_finger2_link4"",""right_finger3_link3"",""right_finger3_link4"",""right_finger4_link3"",""right_finger4_link4""]","[[0.014994189143180847,-0.2512904107570648,0.9982325434684753],[0.017658615484833717,-0.25154465436935425,0.9688541889190674],[-0.013970871455967426,-0.2558448910713196,0.997464656829834],[-0.012615050189197063,-0.25619325041770935,0.9679978489875793],[-0.03934713080525398,-0.25146883726119995,0.997868001461029],[-0.03967563807964325,-0.25202444195747375,0.9683750867843628]]","[0.0,0.0,0.0,0.0,12.006603090896688,0.0]","[[0.0,0.0,0.0],[0.0,0.0,0.0],[0.0,0.0,0.0],[0.0,0.0,0.0],[-0.008316819556057453,-1.9858211278915405,-11.841239929199219],[0.0,0.0,0.0]]",0.0,"[0.0,0.0,0.0]",0.0,"[0.0,0.0,0.0]",[],[],False,False,False,False,False,[],-0.01653086390273595,0.14425166028459882,46.9405439068425,0.14594338779428,46.9405439068425,0.0,0.0,0,0,0,True,HARD_FORCE_ABORT,True
11,attempt_0,FAILED,"[-0.03704383224248886,-0.20275504887104034,1.1218522787094116,2.880648374557495,0.1661827266216278,-1.5215718746185303,0.038670748472213745,-0.03146204352378845,-0.03730584308505058,-0.056948062032461166,0.03113522194325924,-0.05519358068704605,-0.1415514200925827,-0.13782154023647308,-0.10830111801624298,-0.23127907514572144,0.36875516176223755,0.36511823534965515,0.36945563554763794,0.35814782977104187,0.35699760913848877,0.36330628395080566,0.3729969263076782,0.3698939383029938,0.36880606412887573,0.37037888169288635]","[-0.049019116908311844,-0.19217970967292786,1.1160317659378052,2.8825559616088867,0.15894357860088348,-1.5429998636245728,0.038880009204149246,-0.030385009944438934,-0.03416500985622406,-0.03003498911857605,-0.03258999437093735,-0.05515999346971512,-0.14153999090194702,-0.14048998057842255,-0.14468999207019806,-0.14710499346256256,0.36910131573677063,0.36573249101638794,0.36931121349334717,0.3636675179004669,0.3627399802207947,0.3633349537849426,0.3728812336921692,0.3710786998271942,0.3659687340259552,0.37119248509407043]","[-0.049019118701466774,-0.19217971644579906,1.1160317348816973,2.8825559180792415,0.1589435743175724,-1.5429998466092598,0.038880009204149246,-0.030385009944438934,-0.03416500985622406,-0.03003498911857605,-0.03258999437093735,-0.05515999346971512,-0.14153999090194702,-0.14048998057842255,-0.14468999207019806,-0.14710499346256256,0.36910131573677063,0.36573249101638794,0.36931121349334717,0.3636675179004669,0.3627399802207947,0.3633349537849426,0.3728812336921692,0.3710786998271942,0.3659687340259552,0.37119248509407043]","[-0.011975284665822983,0.010575339198112488,-0.005820512771606445,0.0019075870513916016,-0.007239148020744324,-0.02142798900604248,0.0002092607319355011,0.0010770335793495178,0.003140833228826523,0.026913072913885117,-0.06372521817684174,3.358721733093262e-05,1.1429190635681152e-05,-0.002668440341949463,-0.03638887405395508,0.08417408168315887,0.00034615397453308105,0.0006142556667327881,-0.00014442205429077148,0.005519688129425049,0.005742371082305908,2.866983413696289e-05,-0.0001156926155090332,0.0011847615242004395,-0.0028373301029205322,0.000813603401184082]","[0.11594276130199432,-0.15525464713573456,1.0167280435562134]","[-0.26843205094337463,0.28599241375923157,-0.596215009689331,0.7004856467247009]","[0.1775365024805069,-0.15109872817993164,-0.4344833195209503]","[0.798350989818573,3.6472365856170654,-0.37832576036453247]","[-0.1599999964237213,-0.30000001192092896,0.7400000095367432]","[0.7070000171661377,0.7070000171661377,0.0,0.0]","[-0.037043698132038116,-0.20275498926639557,1.121852159500122]","[0.15064582228660583,0.708215594291687,0.6890929341316223,-0.029792385175824165]","[""right_finger2_link3"",""right_finger2_link4"",""right_finger3_link3"",""right_finger3_link4"",""right_finger4_link3"",""right_finger4_link4""]","[[0.01499265618622303,-0.2511172592639923,0.9979410171508789],[0.017636800184845924,-0.25128430128097534,0.9685602784156799],[-0.014006014913320541,-0.25561395287513733,0.9971656203269958],[-0.012685923837125301,-0.2558613717556,0.9676962494850159],[-0.03900861740112305,-0.2516043782234192,0.9977502226829529],[-0.03912782296538353,-0.2523089647293091,0.9682589173316956]]","[0.0,0.0,0.0,0.0,68.35757127981282,0.0]","[[0.0,0.0,0.0],[0.0,0.0,0.0],[0.0,0.0,0.0],[0.0,0.0,0.0],[1.4719127416610718,-10.414020538330078,-67.54360961914062],[0.0,0.0,0.0]]",0.0,"[0.0,0.0,0.0]",0.0,"[0.0,0.0,0.0]",[],[],False,False,False,False,False,[],-0.014548280831359617,0.14477223833072947,47.04429504921966,0.14698164726406407,47.04429504921966,0.0,0.0,0,0,0,True,HARD_FORCE_ABORT,True
12,attempt_0,FAILED,"[-0.036956340074539185,-0.20296476781368256,1.1219481229782104,2.8828647136688232,0.1656801551580429,-1.5198763608932495,0.038800593465566635,-0.031147168949246407,-0.03654045611619949,-0.0610780343413353,0.031930938363075256,-0.05517062917351723,-0.14153116941452026,-0.13844850659370422,-0.10668845474720001,-0.23302404582500458,0.3688998818397522,0.36534827947616577,0.3695334196090698,0.3585156798362732,0.3575727939605713,0.36331284046173096,0.3729628324508667,0.3700185716152191,0.3683963119983673,0.36996737122535706]","[-0.049019116908311844,-0.19217970967292786,1.1160317659378052,2.8825559616088867,0.15894357860088348,-1.5429998636245728,0.038880009204149246,-0.030385009944438934,-0.03416500985622406,-0.03003498911857605,-0.03258999437093735,-0.05515999346971512,-0.14153999090194702,-0.14048998057842255,-0.14468999207019806,-0.14710499346256256,0.36910131573677063,0.36573249101638794,0.36931121349334717,0.3636675179004669,0.3627399802207947,0.3633349537849426,0.3728812336921692,0.3710786998271942,0.3659687340259552,0.37119248509407043]","[-0.049019118701466774,-0.19217971644579906,1.1160317348816973,2.8825559180792415,0.1589435743175724,-1.5429998466092598,0.038880009204149246,-0.030385009944438934,-0.03416500985622406,-0.03003498911857605,-0.03258999437093735,-0.05515999346971512,-0.14153999090194702,-0.14048998057842255,-0.14468999207019806,-0.14710499346256256,0.36910131573677063,0.36573249101638794,0.36931121349334717,0.3636675179004669,0.3627399802207947,0.3633349537849426,0.3728812336921692,0.3710786998271942,0.3659687340259552,0.37119248509407043]","[-0.01206277683377266,0.0107850581407547,-0.0059163570404052734,-0.00030875205993652344,-0.006736576557159424,-0.023123502731323242,7.941573858261108e-05,0.0007621590048074722,0.0023754462599754333,0.031043045222759247,-0.0645209327340126,1.0635703802108765e-05,-8.821487426757812e-06,-0.0020414739847183228,-0.03800153732299805,0.08591905236244202,0.00020143389701843262,0.00038421154022216797,-0.00022220611572265625,0.005151838064193726,0.005167186260223389,2.2113323211669922e-05,-8.159875869750977e-05,0.0010601282119750977,-0.0024275779724121094,0.001225113868713379]","[0.11581902205944061,-0.1552520990371704,1.0174652338027954]","[-0.26971229910850525,0.2846728265285492,-0.5960853099822998,0.7006418108940125]","[0.3339969217777252,-0.16365964710712433,-0.4243237376213074]","[2.983283758163452,0.7818772196769714,0.16204693913459778]","[-0.1599999964237213,-0.30000001192092896,0.7400000095367432]","[0.7070000171661377,0.7070000171661377,0.0,0.0]","[-0.03695620223879814,-0.20296470820903778,1.121948003768921]","[0.1497163474559784,0.7090031504631042,0.6885155439376831,-0.02908354066312313]","[""right_finger2_link3"",""right_finger2_link4"",""right_finger3_link3"",""right_finger3_link4"",""right_finger4_link3"",""right_finger4_link4""]","[[0.014987963251769543,-0.2510947287082672,0.997907280921936],[0.01762731745839119,-0.2511773109436035,0.9685257077217102],[-0.014041924849152565,-0.2555178999900818,0.9971124529838562],[-0.01274072378873825,-0.25566840171813965,0.9676415920257568],[-0.038966141641139984,-0.2516854405403137,0.9978072643280029],[-0.03905293717980385,-0.25243163108825684,0.9683168530464172]]","[0.0,0.0,0.0,0.0,56.55826786960023,0.0]","[[0.0,0.0,0.0],[0.0,0.0,0.0],[0.0,0.0,0.0],[0.0,0.0,0.0],[1.9817814826965332,-8.197776794433594,-55.9259033203125],[0.0,0.0,0.0]]",0.0,"[0.0,0.0,0.0]",0.0,"[0.0,0.0,0.0]",[],[],False,False,False,False,False,[],-0.014127241571724292,0.14476509401915685,47.038932398866415,0.14712500638007958,47.038932398866415,0.0,0.0,0,0,0,True,HARD_FORCE_ABORT,True
13,attempt_0,FAILED,"[-0.03692453354597092,-0.2031814455986023,1.122133493423462,2.885422468185425,0.16508334875106812,-1.518573522567749,0.03878766670823097,-0.03094487078487873,-0.035943653434515,-0.06387903541326523,0.029696131125092506,-0.055170707404613495,-0.14152877032756805,-0.13894569873809814,-0.10650169104337692,-0.23291368782520294,0.36890891194343567,0.36541682481765747,0.36949318647384644,0.3585774302482605,0.35959166288375854,0.36331382393836975,0.3729584813117981,0.3701607286930084,0.36806169152259827,0.36901381611824036]","[-0.049019116908311844,-0.19217970967292786,1.1160317659378052,2.8825559616088867,0.15894357860088348,-1.5429998636245728,0.038880009204149246,-0.030385009944438934,-0.03416500985622406,-0.03003498911857605,-0.03258999437093735,-0.05515999346971512,-0.14153999090194702,-0.14048998057842255,-0.14468999207019806,-0.14710499346256256,0.36910131573677063,0.36573249101638794,0.36931121349334717,0.3636675179004669,0.3627399802207947,0.3633349537849426,0.3728812336921692,0.3710786998271942,0.3659687340259552,0.37119248509407043]","[-0.049019118701466774,-0.19217971644579906,1.1160317348816973,2.8825559180792415,0.1589435743175724,-1.5429998466092598,0.038880009204149246,-0.030385009944438934,-0.03416500985622406,-0.03003498911857605,-0.03258999437093735,-0.05515999346971512,-0.14153999090194702,-0.14048998057842255,-0.14468999207019806,-0.14710499346256256,0.36910131573677063,0.36573249101638794,0.36931121349334717,0.3636675179004669,0.3627399802207947,0.3633349537849426,0.3728812336921692,0.3710786998271942,0.3659687340259552,0.37119248509407043]","[-0.012094583362340927,0.011001735925674438,-0.006101727485656738,-0.002866506576538086,-0.006139770150184631,-0.02442634105682373,9.234249591827393e-05,0.0005598608404397964,0.0017786435782909393,0.03384404629468918,-0.062286123633384705,1.0713934898376465e-05,-1.1220574378967285e-05,-0.0015442818403244019,-0.038188301026821136,0.08580869436264038,0.00019240379333496094,0.00031566619873046875,-0.00018197298049926758,0.005090087652206421,0.003148317337036133,2.1129846572875977e-05,-7.724761962890625e-05,0.000917971134185791,-0.0020929574966430664,0.002178668975830078]","[0.11590206623077393,-0.15538771450519562,1.016830325126648]","[-0.2680785655975342,0.28586480021476746,-0.5959427356719971,0.7009046673774719]","[0.27635911107063293,-0.2907950282096863,-0.40432101488113403]","[3.6857450008392334,0.2512319087982178,0.8547980189323425]","[-0.1599999964237213,-0.30000001192092896,0.7400000095367432]","[0.7070000171661377,0.7070000171661377,0.0,0.0]","[-0.03692439943552017,-0.20318138599395752,1.1221333742141724]","[0.1486271321773529,0.7096863389015198,0.6880792379379272,-0.02832227759063244]","[""right_finger2_link3"",""right_finger2_link4"",""right_finger3_link3"",""right_finger3_link4"",""right_finger4_link3"",""right_finger4_link4""]","[[0.014920694753527641,-0.25103113055229187,0.9979426264762878],[0.017550939694046974,-0.2510282099246979,0.9685600399971008],[-0.014133802615106106,-0.25539323687553406,0.9971344470977783],[-0.012853668071329594,-0.25544673204421997,0.9676623344421387],[-0.03904072567820549,-0.2516753375530243,0.9979146718978882],[-0.039137665182352066,-0.2524203360080719,0.9684242606163025]]","[0.0,0.0,0.0,0.0,55.09699023682113,0.0]","[[0.0,0.0,0.0],[0.0,0.0,0.0],[0.0,0.0,0.0],[0.0,0.0,0.0],[2.1248085498809814,-7.9270920753479,-54.48233413696289],[0.0,0.0,0.0]]",0.0,"[0.0,0.0,0.0]",0.0,"[0.0,0.0,0.0]",[],[],False,False,False,False,False,[],-0.014762915392434128,0.14464001403000037,47.01449175089188,0.14687230574207308,47.01449175089188,0.0,0.0,0,0,0,True,HARD_FORCE_ABORT,True
14,attempt_0,FAILED,"[-0.03690517693758011,-0.2034119814634323,1.1223340034484863,2.8877451419830322,0.1645788848400116,-1.517516016960144,0.038800839334726334,-0.030817925930023193,-0.035511504858732224,-0.06598731130361557,0.027514319866895676,-0.05516813322901726,-0.14153030514717102,-0.13932064175605774,-0.1062060073018074,-0.23306512832641602,0.3689461350440979,0.3654783368110657,0.3694378137588501,0.3585597574710846,0.36146798729896545,0.36331671476364136,0.3729501962661743,0.37028613686561584,0.3677842617034912,0.3680068254470825]","[-0.049019116908311844,-0.19217970967292786,1.1160317659378052,2.8825559616088867,0.15894357860088348,-1.5429998636245728,0.038880009204149246,-0.030385009944438934,-0.03416500985622406,-0.03003498911857605,-0.03258999437093735,-0.05515999346971512,-0.14153999090194702,-0.14048998057842255,-0.14468999207019806,-0.14710499346256256,0.36910131573677063,0.36573249101638794,0.36931121349334717,0.3636675179004669,0.3627399802207947,0.3633349537849426,0.3728812336921692,0.3710786998271942,0.3659687340259552,0.37119248509407043]","[-0.049019118701466774,-0.19217971644579906,1.1160317348816973,2.8825559180792415,0.1589435743175724,-1.5429998466092598,0.038880009204149246,-0.030385009944438934,-0.03416500985622406,-0.03003498911857605,-0.03258999437093735,-0.05515999346971512,-0.14153999090194702,-0.14048998057842255,-0.14468999207019806,-0.14710499346256256,0.36910131573677063,0.36573249101638794,0.36931121349334717,0.3636675179004669,0.3627399802207947,0.3633349537849426,0.3728812336921692,0.3710786998271942,0.3659687340259552,0.37119248509407043]","[-0.012113939970731735,0.011232271790504456,-0.006302237510681152,-0.005189180374145508,-0.005635306239128113,-0.02548384666442871,7.91698694229126e-05,0.00043291598558425903,0.0013464950025081635,0.03595232218503952,-0.06010431423783302,8.139759302139282e-06,-9.685754776000977e-06,-0.0011693388223648071,-0.038483984768390656,0.08596013486385345,0.0001551806926727295,0.0002541542053222656,-0.0001266002655029297,0.005107760429382324,0.0012719929218292236,1.823902130126953e-05,-6.896257400512695e-05,0.0007925629615783691,-0.0018155276775360107,0.003185659646987915]","[0.1159079521894455,-0.15549711883068085,1.0165473222732544]","[-0.26709994673728943,0.28646206855773926,-0.5957571864128113,0.7011921405792236]","[0.23469063639640808,-0.18670536577701569,-0.3150278925895691]","[3.4649670124053955,1.2080096006393433,0.7645537853240967]","[-0.1599999964237213,-0.30000001192092896,0.7400000095367432]","[0.7070000171661377,0.7070000171661377,0.0,0.0]","[-0.036905039101839066,-0.20341192185878754,1.1223338842391968]","[0.14764772355556488,0.7102592587471008,0.6877272725105286,-0.027627723291516304]","[""right_finger2_link3"",""right_finger2_link4"",""right_finger3_link3"",""right_finger3_link4"",""right_finger4_link3"",""right_finger4_link4""]","[[0.014857018366456032,-0.25100502371788025,0.9980098605155945],[0.01747944951057434,-0.2509263753890991,0.9686267375946045],[-0.014216436073184013,-0.2553178668022156,0.9971907734870911],[-0.012953195720911026,-0.2552875876426697,0.9677178263664246],[-0.03910338878631592,-0.25168466567993164,0.9980372190475464],[-0.03920518234372139,-0.2524191439151764,0.9685465097427368]]","[0.0,0.0,0.0,0.0,53.82054407603181,0.0]","[[0.0,0.0,0.0],[0.0,0.0,0.0],[0.0,0.0,0.0],[0.0,0.0,0.0],[1.8878610134124756,-7.856312274932861,-53.210575103759766],[0.0,0.0,0.0]]",0.0,"[0.0,0.0,0.0]",0.0,"[0.0,0.0,0.0]",[],[],False,False,False,False,False,[],-0.015162064875569259,0.14453895118218693,46.99378753230588,0.14671492348441345,46.99378753230588,0.0,0.0,0,0,0,True,HARD_FORCE_ABORT,True
15,attempt_0,FAILED,"[-0.036823075264692307,-0.2036968171596527,1.122481346130371,2.8888609409332275,0.16422882676124573,-1.5163612365722656,0.03875203803181648,-0.030782116577029228,-0.03519490733742714,-0.06762456148862839,0.029959531500935555,-0.055174991488456726,-0.14153489470481873,-0.13961711525917053,-0.10500704497098923,-0.23482662439346313,0.36892592906951904,0.36545443534851074,0.36929550766944885,0.3587048053741455,0.3604050576686859,0.36331725120544434,0.3729548752307892,0.3704169690608978,0.36756208539009094,0.36809659004211426]","[-0.049019116908311844,-0.19217970967292786,1.1160317659378052,2.8825559616088867,0.15894357860088348,-1.5429998636245728,0.038880009204149246,-0.030385009944438934,-0.03416500985622406,-0.03003498911857605,-0.03258999437093735,-0.05515999346971512,-0.14153999090194702,-0.14048998057842255,-0.14468999207019806,-0.14710499346256256,0.36910131573677063,0.36573249101638794,0.36931121349334717,0.3636675179004669,0.3627399802207947,0.3633349537849426,0.3728812336921692,0.3710786998271942,0.3659687340259552,0.37119248509407043]","[-0.049019118701466774,-0.19217971644579906,1.1160317348816973,2.8825559180792415,0.1589435743175724,-1.5429998466092598,0.038880009204149246,-0.030385009944438934,-0.03416500985622406,-0.03003498911857605,-0.03258999437093735,-0.05515999346971512,-0.14153999090194702,-0.14048998057842255,-0.14468999207019806,-0.14710499346256256,0.36910131573677063,0.36573249101638794,0.36931121349334717,0.3636675179004669,0.3627399802207947,0.3633349537849426,0.3728812336921692,0.3710786998271942,0.3659687340259552,0.37119248509407043]","[-0.012196041643619537,0.011517107486724854,-0.006449580192565918,-0.00630497932434082,-0.005285248160362244,-0.02663862705230713,0.00012797117233276367,0.0003971066325902939,0.0010298974812030792,0.03758957237005234,-0.06254952400922775,1.4998018741607666e-05,-5.0961971282958984e-06,-0.0008728653192520142,-0.03968294709920883,0.08772163093090057,0.00017538666725158691,0.00027805566787719727,1.570582389831543e-05,0.004962712526321411,0.0023349225521087646,1.7702579498291016e-05,-7.364153861999512e-05,0.0006617307662963867,-0.0015933513641357422,0.0030958950519561768]","[0.11575327813625336,-0.15537211298942566,1.0176374912261963]","[-0.2692311704158783,0.28465214371681213,-0.5956645607948303,0.7011928558349609]","[0.24140910804271698,-0.21728216111660004,-0.2719508707523346]","[2.402503728866577,2.3832578659057617,0.20203684270381927]","[-0.1599999964237213,-0.30000001192092896,0.7400000095367432]","[0.7070000171661377,0.7070000171661377,0.0,0.0]","[-0.03682294115424156,-0.20369675755500793,1.1224812269210815]","[0.14714936912059784,0.7107638716697693,0.687326192855835,-0.027285868301987648]","[""right_finger2_link3"",""right_finger2_link4"",""right_finger3_link3"",""right_finger3_link4"",""right_finger4_link3"",""right_finger4_link4""]","[[0.01487546507269144,-0.25118762254714966,0.9980916380882263],[0.01749619096517563,-0.2510734498500824,0.9687085151672363],[-0.014214408583939075,-0.25545185804367065,0.997262716293335],[-0.012960975058376789,-0.2553790807723999,0.9677894711494446],[-0.03904278576374054,-0.2518809735774994,0.9981546998023987],[-0.039117924869060516,-0.25262463092803955,0.9686641693115234]]","[0.0,0.0,0.0,0.0,54.928170632507225,0.0]","[[0.0,0.0,0.0],[0.0,0.0,0.0],[0.0,0.0,0.0],[0.0,0.0,0.0],[1.8265321254730225,-8.099822998046875,-54.296966552734375],[0.0,0.0,0.0]]",0.0,"[0.0,0.0,0.0]",0.0,"[0.0,0.0,0.0]",[],[],False,False,False,False,False,[],-0.014526138131572774,0.14464685540613426,47.01246509147456,0.14704381415160006,47.01246509147456,0.0,0.0,0,0,0,True,HARD_FORCE_ABORT,True
16,attempt_0,FAILED,"[-0.03679956868290901,-0.20385827124118805,1.1225751638412476,2.8901286125183105,0.16361579298973083,-1.516021966934204,0.0388176366686821,-0.030637990683317184,-0.034939367324113846,-0.06841811537742615,0.029647020623087883,-0.05517027899622917,-0.1415380835533142,-0.13982264697551727,-0.1046612560749054,-0.2351437360048294,0.36899420619010925,0.36557117104530334,0.36937063932418823,0.35893866419792175,0.3607027232646942,0.3633200526237488,0.37293770909309387,0.3704867362976074,0.3673340976238251,0.3677816689014435]","[-0.049019116908311844,-0.19217970967292786,1.1160317659378052,2.8825559616088867,0.15894357860088348,-1.5429998636245728,0.038880009204149246,-0.030385009944438934,-0.03416500985622406,-0.03003498911857605,-0.03258999437093735,-0.05515999346971512,-0.14153999090194702,-0.14048998057842255,-0.14468999207019806,-0.14710499346256256,0.36910131573677063,0.36573249101638794,0.36931121349334717,0.3636675179004669,0.3627399802207947,0.3633349537849426,0.3728812336921692,0.3710786998271942,0.3659687340259552,0.37119248509407043]","[-0.049019118701466774,-0.19217971644579906,1.1160317348816973,2.8825559180792415,0.1589435743175724,-1.5429998466092598,0.038880009204149246,-0.030385009944438934,-0.03416500985622406,-0.03003498911857605,-0.03258999437093735,-0.05515999346971512,-0.14153999090194702,-0.14048998057842255,-0.14468999207019806,-0.14710499346256256,0.36910131573677063,0.36573249101638794,0.36931121349334717,0.3636675179004669,0.3627399802207947,0.3633349537849426,0.3728812336921692,0.3710786998271942,0.3659687340259552,0.37119248509407043]","[-0.012219548225402832,0.011678561568260193,-0.006543397903442383,-0.007572650909423828,-0.004672214388847351,-0.026977896690368652,6.237253546714783e-05,0.0002529807388782501,0.0007743574678897858,0.0383831262588501,-0.06223701685667038,1.0285526514053345e-05,-1.9073486328125e-06,-0.0006673336029052734,-0.040028735995292664,0.08803874254226685,0.00010710954666137695,0.00016131997108459473,-5.942583084106445e-05,0.004728853702545166,0.002037256956100464,1.4901161193847656e-05,-5.647540092468262e-05,0.000591963529586792,-0.001365363597869873,0.003410816192626953]","[0.11571735143661499,-0.15543098747730255,1.0177181959152222]","[-0.26920759677886963,0.28450697660446167,-0.5956279635429382,0.7012919783592224]","[0.24483731389045715,-0.2657991647720337,-0.3534519374370575]","[3.0109684467315674,0.38635826110839844,0.6918222904205322]","[-0.1599999964237213,-0.30000001192092896,0.7400000095367432]","[0.7070000171661377,0.7070000171661377,0.0,0.0]","[-0.03679943457245827,-0.20385821163654327,1.122575044631958]","[0.14649739861488342,0.7110180258750916,0.6872120499610901,-0.02704744227230549]","[""right_finger2_link3"",""right_finger2_link4"",""right_finger3_link3"",""right_finger3_link4"",""right_finger4_link3"",""right_finger4_link4""]","[[0.014811928384006023,-0.2512030005455017,0.9980936646461487],[0.01741603948175907,-0.2510437071323395,0.9687092304229736],[-0.014287364669144154,-0.25544679164886475,0.9972713589668274],[-0.013054320588707924,-0.2553255558013916,0.9677973985671997],[-0.03909521549940109,-0.25191256403923035,0.9982019066810608],[-0.039177488535642624,-0.25263476371765137,0.9687108993530273]]","[0.0,0.0,0.0,0.0,53.2362974618719,0.0]","[[0.0,0.0,0.0],[0.0,0.0,0.0],[0.0,0.0,0.0],[0.0,0.0,0.0],[2.047028064727783,-7.7403950691223145,-52.63078308105469],[0.0,0.0,0.0]]",0.0,"[0.0,0.0,0.0]",0.0,"[0.0,0.0,0.0]",[],[],False,False,False,False,False,[],-0.014559500243483847,0.1445893295489071,46.99977475701531,0.14700369723959736,46.99977475701531,0.0,0.0,0,0,0,True,HARD_FORCE_ABORT,True
17,attempt_0,FAILED,"[-0.0368134044110775,-0.20399686694145203,1.1226394176483154,2.891047239303589,0.1632072925567627,-1.5157124996185303,0.03882905840873718,-0.030536236241459846,-0.03473979979753494,-0.06854603439569473,0.02935291826725006,-0.05517508462071419,-0.1415427327156067,-0.13998766243457794,-0.10470625758171082,-0.23459187150001526,0.3690153956413269,0.36562561988830566,0.36939719319343567,0.35919511318206787,0.3605397939682007,0.3633219301700592,0.37293291091918945,0.37056007981300354,0.3671412169933319,0.3676827549934387]","[-0.049019116908311844,-0.19217970967292786,1.1160317659378052,2.8825559616088867,0.15894357860088348,-1.5429998636245728,0.038880009204149246,-0.030385009944438934,-0.03416500985622406,-0.03003498911857605,-0.03258999437093735,-0.05515999346971512,-0.14153999090194702,-0.14048998057842255,-0.14468999207019806,-0.14710499346256256,0.36910131573677063,0.36573249101638794,0.36931121349334717,0.3636675179004669,0.3627399802207947,0.3633349537849426,0.3728812336921692,0.3710786998271942,0.3659687340259552,0.37119248509407043]","[-0.049019118701466774,-0.19217971644579906,1.1160317348816973,2.8825559180792415,0.1589435743175724,-1.5429998466092598,0.038880009204149246,-0.030385009944438934,-0.03416500985622406,-0.03003498911857605,-0.03258999437093735,-0.05515999346971512,-0.14153999090194702,-0.14048998057842255,-0.14468999207019806,-0.14710499346256256,0.36910131573677063,0.36573249101638794,0.36931121349334717,0.3636675179004669,0.3627399802207947,0.3633349537849426,0.3728812336921692,0.3710786998271942,0.3659687340259552,0.37119248509407043]","[-0.012205712497234344,0.01181715726852417,-0.006607651710510254,-0.008491277694702148,-0.004263713955879211,-0.02728736400604248,5.09507954120636e-05,0.00015122629702091217,0.0005747899413108826,0.03851104527711868,-0.06194291263818741,1.5091150999069214e-05,2.7418136596679688e-06,-0.0005023181438446045,-0.039983734488487244,0.0874868780374527,8.592009544372559e-05,0.00010687112808227539,-8.597970008850098e-05,0.004472404718399048,0.002200186252593994,1.3023614883422852e-05,-5.167722702026367e-05,0.0005186200141906738,-0.001172482967376709,0.003509730100631714]","[0.11578720808029175,-0.15563587844371796,1.0169126987457275]","[-0.26732510328292847,0.2858274579048157,-0.5956434011459351,0.7014620304107666]","[0.2424146682024002,-0.2574315667152405,-0.3566357493400574]","[3.753896951675415,0.06578575074672699,0.6568776965141296]","[-0.1599999964237213,-0.30000001192092896,0.7400000095367432]","[0.7070000171661377,0.7070000171661377,0.0,0.0]","[-0.036813270300626755,-0.20399680733680725,1.1226392984390259]","[0.14603754878044128,0.7112209796905518,0.687107264995575,-0.02685730904340744]","[""right_finger2_link3"",""right_finger2_link4"",""right_finger3_link3"",""right_finger3_link4"",""right_finger4_link3"",""right_finger4_link4""]","[[0.014738667756319046,-0.25123709440231323,0.9980934262275696],[0.017332322895526886,-0.25104594230651855,0.9687082767486572],[-0.014368160627782345,-0.2554638087749481,0.9972743391990662],[-0.013148890808224678,-0.2553075850009918,0.967799961566925],[-0.03917059302330017,-0.25193488597869873,0.9982229471206665],[-0.03926319628953934,-0.25262451171875,0.968731164932251]]","[0.0,0.0,0.0,0.0,49.41735440361428,0.0]","[[0.0,0.0,0.0],[0.0,0.0,0.0],[0.0,0.0,0.0],[0.0,0.0,0.0],[1.910764217376709,-7.190695285797119,-48.85404586791992],[0.0,0.0,0.0]]",0.0,"[0.0,0.0,0.0]",0.0,"[0.0,0.0,0.0]",[],[],False,False,False,False,False,[],-0.015198658978929469,0.14439987970297813,46.962071305382416,0.14665267883940483,46.962071305382416,0.0,0.0,0,0,0,True,HARD_FORCE_ABORT,True
18,attempt_0,FAILED,"[-0.036801982671022415,-0.20415309071540833,1.122705340385437,2.8922691345214844,0.1627296805381775,-1.5152103900909424,0.038840312510728836,-0.030522214248776436,-0.03460393473505974,-0.06927020847797394,0.029424548149108887,-0.055168040096759796,-0.14154194295406342,-0.14010782539844513,-0.10425906628370285,-0.23547133803367615,0.36903586983680725,0.3656372129917145,0.3693540692329407,0.35920044779777527,0.3608572483062744,0.36332371830940247,0.3729266822338104,0.37063348293304443,0.3669906556606293,0.3673660159111023]","[-0.049019116908311844,-0.19217970967292786,1.1160317659378052,2.8825559616088867,0.15894357860088348,-1.5429998636245728,0.038880009204149246,-0.030385009944438934,-0.03416500985622406,-0.03003498911857605,-0.03258999437093735,-0.05515999346971512,-0.14153999090194702,-0.14048998057842255,-0.14468999207019806,-0.14710499346256256,0.36910131573677063,0.36573249101638794,0.36931121349334717,0.3636675179004669,0.3627399802207947,0.3633349537849426,0.3728812336921692,0.3710786998271942,0.3659687340259552,0.37119248509407043]","[-0.049019118701466774,-0.19217971644579906,1.1160317348816973,2.8825559180792415,0.1589435743175724,-1.5429998466092598,0.038880009204149246,-0.030385009944438934,-0.03416500985622406,-0.03003498911857605,-0.03258999437093735,-0.05515999346971512,-0.14153999090194702,-0.14048998057842255,-0.14468999207019806,-0.14710499346256256,0.36910131573677063,0.36573249101638794,0.36931121349334717,0.3636675179004669,0.3627399802207947,0.3633349537849426,0.3728812336921692,0.3710786998271942,0.3659687340259552,0.37119248509407043]","[-0.012217134237289429,0.011973381042480469,-0.006673574447631836,-0.009713172912597656,-0.0037861019372940063,-0.02778947353363037,3.9696693420410156e-05,0.00013720430433750153,0.0004389248788356781,0.03923521935939789,-0.062014542520046234,8.046627044677734e-06,1.952052116394043e-06,-0.000382155179977417,-0.04043092578649521,0.08836634457111359,6.54458999633789e-05,9.527802467346191e-05,-4.285573959350586e-05,0.00446707010269165,0.0018827319145202637,1.1235475540161133e-05,-4.544854164123535e-05,0.0004452168941497803,-0.0010219216346740723,0.0038264691829681396]","[0.11573751270771027,-0.15567094087600708,1.017082691192627]","[-0.2675555348396301,0.28549692034721375,-0.595632791519165,0.701517641544342]","[0.26786553859710693,-0.2528732717037201,-0.2293400913476944]","[2.6306474208831787,1.881940245628357,0.3552892208099365]","[-0.1599999964237213,-0.30000001192092896,0.7400000095367432]","[0.7070000171661377,0.7070000171661377,0.0,0.0]","[-0.03680184856057167,-0.20415303111076355,1.1227052211761475]","[0.1454492062330246,0.7115169167518616,0.6869366765022278,-0.02657422423362732]","[""right_finger2_link3"",""right_finger2_link4"",""right_finger3_link3"",""right_finger3_link4"",""right_finger4_link3"",""right_finger4_link4""]","[[0.014679450541734695,-0.2512611746788025,0.9980800747871399],[0.017263103276491165,-0.2510325312614441,0.9686943292617798],[-0.014434829354286194,-0.2554638087749481,0.9972628951072693],[-0.01322880294173956,-0.2552669644355774,0.9677882194519043],[-0.03921493887901306,-0.2519608736038208,0.9982419013977051],[-0.03930763900279999,-0.25263458490371704,0.9687497615814209]]","[0.0,0.0,0.0,0.0,51.85126539679094,0.0]","[[0.0,0.0,0.0],[0.0,0.0,0.0],[0.0,0.0,0.0],[0.0,0.0,0.0],[1.7906619310379028,-7.64769172668457,-51.25290298461914],[0.0,0.0,0.0]]",0.0,"[0.0,0.0,0.0]",0.0,"[0.0,0.0,0.0]",[],[],False,False,False,False,False,[],-0.015143130311044861,0.1443643711240299,46.95289138718288,0.14665249452153775,46.95289138718288,0.0,0.0,0,0,0,True,HARD_FORCE_ABORT,True
19,attempt_0,FAILED,"[-0.03677636757493019,-0.20429299771785736,1.1227681636810303,2.8933353424072266,0.16219745576381683,-1.5148619413375854,0.03886723890900612,-0.030495988205075264,-0.03450440987944603,-0.06970219314098358,0.029486794024705887,-0.0551614910364151,-0.14154279232025146,-0.14019589126110077,-0.10413514077663422,-0.23581409454345703,0.3690677583217621,0.36566945910453796,0.369345098733902,0.3592391610145569,0.36089181900024414,0.36332589387893677,0.3729169964790344,0.3706902861595154,0.3668569326400757,0.36718490719795227]","[-0.049019116908311844,-0.19217970967292786,1.1160317659378052,2.8825559616088867,0.15894357860088348,-1.5429998636245728,0.038880009204149246,-0.030385009944438934,-0.03416500985622406,-0.03003498911857605,-0.03258999437093735,-0.05515999346971512,-0.14153999090194702,-0.14048998057842255,-0.14468999207019806,-0.14710499346256256,0.36910131573677063,0.36573249101638794,0.36931121349334717,0.3636675179004669,0.3627399802207947,0.3633349537849426,0.3728812336921692,0.3710786998271942,0.3659687340259552,0.37119248509407043]","[-0.049019118701466774,-0.19217971644579906,1.1160317348816973,2.8825559180792415,0.1589435743175724,-1.5429998466092598,0.038880009204149246,-0.030385009944438934,-0.03416500985622406,-0.03003498911857605,-0.03258999437093735,-0.05515999346971512,-0.14153999090194702,-0.14048998057842255,-0.14468999207019806,-0.14710499346256256,0.36910131573677063,0.36573249101638794,0.36931121349334717,0.3636675179004669,0.3627399802207947,0.3633349537849426,0.3728812336921692,0.3710786998271942,0.3659687340259552,0.37119248509407043]","[-0.012242749333381653,0.012113288044929504,-0.006736397743225098,-0.010779380798339844,-0.0032538771629333496,-0.028137922286987305,1.2770295143127441e-05,0.00011097826063632965,0.0003394000232219696,0.03966720402240753,-0.062076788395643234,1.4975666999816895e-06,2.8014183044433594e-06,-0.00029408931732177734,-0.04055485129356384,0.08870910108089447,3.355741500854492e-05,6.303191184997559e-05,-3.388524055480957e-05,0.004428356885910034,0.0018481612205505371,9.059906005859375e-06,-3.5762786865234375e-05,0.000388413667678833,-0.0008881986141204834,0.004007577896118164]","[0.11564263701438904,-0.1556328386068344,1.0176527500152588]","[-0.26864132285118103,0.2845090329647064,-0.595601499080658,0.7015306353569031]","[0.2705115079879761,-0.25832417607307434,-0.23093751072883606]","[2.2371745109558105,1.7656745910644531,0.38109830021858215]","[-0.1599999964237213,-0.30000001192092896,0.7400000095367432]","[0.7070000171661377,0.7070000171661377,0.0,0.0]","[-0.03677622973918915,-0.20429293811321259,1.1227680444717407]","[0.14489538967609406,0.7117521166801453,0.6868176460266113,-0.02637591026723385]","[""right_finger2_link3"",""right_finger2_link4"",""right_finger3_link3"",""right_finger3_link4"",""right_finger4_link3"",""right_finger4_link4""]","[[0.014629224315285683,-0.2512839138507843,0.9980673789978027],[0.017199937254190445,-0.2510218024253845,0.9686807990074158],[-0.014490584842860699,-0.2554686665534973,0.9972565174102783],[-0.013299570418894291,-0.2552364766597748,0.9677814841270447],[-0.03926234692335129,-0.2519789934158325,0.9982607960700989],[-0.039365705102682114,-0.2526314854621887,0.9687681794166565]]","[0.0,0.0,0.0,0.0,51.02021181158611,0.0]","[[0.0,0.0,0.0],[0.0,0.0,0.0],[0.0,0.0,0.0],[0.0,0.0,0.0],[1.8003718852996826,-7.513827323913574,-50.431766510009766],[0.0,0.0,0.0]]",0.0,"[0.0,0.0,0.0]",0.0,"[0.0,0.0,0.0]",[],[],False,False,False,False,False,[],-0.014797410645909892,0.14439595038899375,46.95661960093402,0.14680012437818873,46.95661960093402,0.0,0.0,0,0,0,True,HARD_FORCE_ABORT,True
20,attempt_0,FAILED,"[-0.036746736615896225,-0.20441988110542297,1.1228234767913818,2.8943159580230713,0.16164925694465637,-1.5146206617355347,0.03885747119784355,-0.03047117032110691,-0.03442057594656944,-0.06997452676296234,0.02941637858748436,-0.055163055658340454,-0.14154338836669922,-0.14026840031147003,-0.10411368310451508,-0.236073300242424,0.3690613806247711,0.3656727075576782,0.3693296015262604,0.3592771887779236,0.3610101044178009,0.3633260130882263,0.3729156255722046,0.37074488401412964,0.36673876643180847,0.366997629404068]","[-0.049019116908311844,-0.19217970967292786,1.1160317659378052,2.8825559616088867,0.15894357860088348,-1.5429998636245728,0.038880009204149246,-0.030385009944438934,-0.03416500985622406,-0.03003498911857605,-0.03258999437093735,-0.05515999346971512,-0.14153999090194702,-0.14048998057842255,-0.14468999207019806,-0.14710499346256256,0.36910131573677063,0.36573249101638794,0.36931121349334717,0.3636675179004669,0.3627399802207947,0.3633349537849426,0.3728812336921692,0.3710786998271942,0.3659687340259552,0.37119248509407043]","[-0.049019118701466774,-0.19217971644579906,1.1160317348816973,2.8825559180792415,0.1589435743175724,-1.5429998466092598,0.038880009204149246,-0.030385009944438934,-0.03416500985622406,-0.03003498911857605,-0.03258999437093735,-0.05515999346971512,-0.14153999090194702,-0.14048998057842255,-0.14468999207019806,-0.14710499346256256,0.36910131573677063,0.36573249101638794,0.36931121349334717,0.3636675179004669,0.3627399802207947,0.3633349537849426,0.3728812336921692,0.3710786998271942,0.3659687340259552,0.37119248509407043]","[-0.012272380292415619,0.012240171432495117,-0.00679171085357666,-0.01175999641418457,-0.002705678343772888,-0.028379201889038086,2.253800630569458e-05,8.616037666797638e-05,0.0002555660903453827,0.03993953764438629,-0.06200637295842171,3.0621886253356934e-06,3.3974647521972656e-06,-0.00022158026695251465,-0.04057630896568298,0.08896830677986145,3.993511199951172e-05,5.97834587097168e-05,-1.8388032913208008e-05,0.004390329122543335,0.0017298758029937744,8.940696716308594e-06,-3.439188003540039e-05,0.0003338158130645752,-0.0007700324058532715,0.004194855690002441]","[0.11563116312026978,-0.15569444000720978,1.0175716876983643]","[-0.2683548331260681,0.2846204936504364,-0.5956001877784729,0.7015964388847351]","[0.2677033841609955,-0.2663308084011078,-0.2968536913394928]","[2.906313180923462,0.38526028394699097,0.6817110776901245]","[-0.1599999964237213,-0.30000001192092896,0.7400000095367432]","[0.7070000171661377,0.7070000171661377,0.0,0.0]","[-0.03674659878015518,-0.2044198215007782,1.1228233575820923]","[0.1443653255701065,0.7119451761245728,0.686735212802887,-0.026220407336950302]","[""right_finger2_link3"",""right_finger2_link4"",""right_finger3_link3"",""right_finger3_link4"",""right_finger4_link3"",""right_finger4_link4""]","[[0.014582604169845581,-0.2513013482093811,0.9980500936508179],[0.017139332368969917,-0.25100937485694885,0.9686625003814697],[-0.014541812241077423,-0.2554718554019928,0.9972475171089172],[-0.013366629369556904,-0.25520792603492737,0.9677720665931702],[-0.039309605956077576,-0.2519897222518921,0.9982741475105286],[-0.03942713141441345,-0.25261902809143066,0.9687811136245728]]","[0.0,0.0,0.0,0.0,50.647163438201964,0.0]","[[0.0,0.0,0.0],[0.0,0.0,0.0],[0.0,0.0,0.0],[0.0,0.0,0.0],[1.925222396850586,-7.403687477111816,-50.066097259521484],[0.0,0.0,0.0]]",0.0,"[0.0,0.0,0.0]",0.0,"[0.0,0.0,0.0]",[],[],False,False,False,False,False,[],-0.01490934749977324,0.14433743546003028,46.94354875155035,0.1467259948505229,46.94354875155035,0.0,0.0,0,0,0,True,HARD_FORCE_ABORT,True
21,attempt_0,FAILED,"[-0.03672849014401436,-0.20453572273254395,1.1228587627410889,2.8951053619384766,0.16121543943881989,-1.5144422054290771,0.03884793072938919,-0.030453218147158623,-0.034357186406850815,-0.07005195319652557,0.02940601296722889,-0.05516578629612923,-0.14154288172721863,-0.14032457768917084,-0.10411813110113144,-0.23615312576293945,0.36905741691589355,0.36567285656929016,0.3693142831325531,0.3593321740627289,0.3609919846057892,0.36332616209983826,0.37291479110717773,0.37079349160194397,0.36663636565208435,0.3668864071369171]","[-0.049019116908311844,-0.19217970967292786,1.1160317659378052,2.8825559616088867,0.15894357860088348,-1.5429998636245728,0.038880009204149246,-0.030385009944438934,-0.03416500985622406,-0.03003498911857605,-0.03258999437093735,-0.05515999346971512,-0.14153999090194702,-0.14048998057842255,-0.14468999207019806,-0.14710499346256256,0.36910131573677063,0.36573249101638794,0.36931121349334717,0.3636675179004669,0.3627399802207947,0.3633349537849426,0.3728812336921692,0.3710786998271942,0.3659687340259552,0.37119248509407043]","[-0.049019118701466774,-0.19217971644579906,1.1160317348816973,2.8825559180792415,0.1589435743175724,-1.5429998466092598,0.038880009204149246,-0.030385009944438934,-0.03416500985622406,-0.03003498911857605,-0.03258999437093735,-0.05515999346971512,-0.14153999090194702,-0.14048998057842255,-0.14468999207019806,-0.14710499346256256,0.36910131573677063,0.36573249101638794,0.36931121349334717,0.3636675179004669,0.3627399802207947,0.3633349537849426,0.3728812336921692,0.3710786998271942,0.3659687340259552,0.37119248509407043]","[-0.012290626764297485,0.012356013059616089,-0.006826996803283691,-0.012549400329589844,-0.0022718608379364014,-0.028557658195495605,3.207847476005554e-05,6.820820271968842e-05,0.00019217655062675476,0.040016964077949524,-0.06199600547552109,5.792826414108276e-06,2.8908252716064453e-06,-0.00016540288925170898,-0.04057186096906662,0.08904813230037689,4.3898820877075195e-05,5.963444709777832e-05,-3.069639205932617e-06,0.004335343837738037,0.0017479956150054932,8.791685104370117e-06,-3.355741500854492e-05,0.00028520822525024414,-0.0006676316261291504,0.00430607795715332]","[0.11567139625549316,-0.15582287311553955,1.0170910358428955]","[-0.2672446668148041,0.2853904664516449,-0.5956303477287292,0.7016817331314087]","[0.2653442621231079,-0.2730523347854614,-0.2842698097229004]","[3.0952563285827637,0.29297691583633423,0.6558231711387634]","[-0.1599999964237213,-0.30000001192092896,0.7400000095367432]","[0.7070000171661377,0.7070000171661377,0.0,0.0]","[-0.036728352308273315,-0.20453566312789917,1.1228586435317993]","[0.14394068717956543,0.7120941877365112,0.6866745352745056,-0.02609395980834961]","[""right_finger2_link3"",""right_finger2_link4"",""right_finger3_link3"",""right_finger3_link4"",""right_finger4_link3"",""right_finger4_link4""]","[[0.014540632255375385,-0.2513284683227539,0.9980273842811584],[0.017086226493120193,-0.2510126531124115,0.9686391353607178],[-0.01458732970058918,-0.25548818707466125,0.9972314238548279],[-0.013424749486148357,-0.25519895553588867,0.9677557945251465],[-0.03935223072767258,-0.2520061731338501,0.9982730746269226],[-0.03948119655251503,-0.2526119649410248,0.9687796235084534]]","[0.0,0.0,0.0,0.0,49.01845967877191,0.0]","[[0.0,0.0,0.0],[0.0,0.0,0.0],[0.0,0.0,0.0],[0.0,0.0,0.0],[1.8388649225234985,-7.180837154388428,-48.45475769042969],[0.0,0.0,0.0]]",0.0,"[0.0,0.0,0.0]",0.0,"[0.0,0.0,0.0]",[],[],False,False,False,False,False,[],-0.015287500399826848,0.1442183000945066,46.92004331033401,0.14651041348831934,46.92004331033401,0.0,0.0,0,0,0,True,HARD_FORCE_ABORT,True
22,attempt_0,FAILED,"[-0.03670729324221611,-0.20464523136615753,1.122887372970581,2.8958795070648193,0.16081760823726654,-1.514248013496399,0.038860492408275604,-0.0304449163377285,-0.03431376442313194,-0.0702429935336113,0.0295768640935421,-0.055162735283374786,-0.1415429711341858,-0.1403629183769226,-0.10398773103952408,-0.23649108409881592,0.36907342076301575,0.3656858503818512,0.3693072199821472,0.35935306549072266,0.3609718680381775,0.3633273243904114,0.3729095160961151,0.3708317279815674,0.36654916405677795,0.36677971482276917]","[-0.049019116908311844,-0.19217970967292786,1.1160317659378052,2.8825559616088867,0.15894357860088348,-1.5429998636245728,0.038880009204149246,-0.030385009944438934,-0.03416500985622406,-0.03003498911857605,-0.03258999437093735,-0.05515999346971512,-0.14153999090194702,-0.14048998057842255,-0.14468999207019806,-0.14710499346256256,0.36910131573677063,0.36573249101638794,0.36931121349334717,0.3636675179004669,0.3627399802207947,0.3633349537849426,0.3728812336921692,0.3710786998271942,0.3659687340259552,0.37119248509407043]","[-0.049019118701466774,-0.19217971644579906,1.1160317348816973,2.8825559180792415,0.1589435743175724,-1.5429998466092598,0.038880009204149246,-0.030385009944438934,-0.03416500985622406,-0.03003498911857605,-0.03258999437093735,-0.05515999346971512,-0.14153999090194702,-0.14048998057842255,-0.14468999207019806,-0.14710499346256256,0.36910131573677063,0.36573249101638794,0.36931121349334717,0.3636675179004669,0.3627399802207947,0.3633349537849426,0.3728812336921692,0.3710786998271942,0.3659687340259552,0.37119248509407043]","[-0.012311823666095734,0.012465521693229675,-0.006855607032775879,-0.013323545455932617,-0.0018740296363830566,-0.028751850128173828,1.9516795873641968e-05,5.990639328956604e-05,0.0001487545669078827,0.04020800441503525,-0.062166858464479446,2.7418136596679688e-06,2.9802322387695312e-06,-0.00012706220149993896,-0.04070226103067398,0.08938609063625336,2.7894973754882812e-05,4.6640634536743164e-05,3.993511199951172e-06,0.004314452409744263,0.0017681121826171875,7.62939453125e-06,-2.828240394592285e-05,0.00024697184562683105,-0.0005804300308227539,0.0044127702713012695]","[0.11565157771110535,-0.15585844218730927,1.0171126127243042]","[-0.2672392427921295,0.2853066325187683,-0.5956510901451111,0.7017002105712891]","[0.22172217071056366,-0.16668708622455597,-0.2231549769639969]","[2.5956406593322754,1.4636393785476685,0.4346349239349365]","[-0.1599999964237213,-0.30000001192092896,0.7400000095367432]","[0.7070000171661377,0.7070000171661377,0.0,0.0]","[-0.03670715540647507,-0.20464517176151276,1.1228872537612915]","[0.14353379607200623,0.7122448086738586,0.686608612537384,-0.025958525016903877]","[""right_finger2_link3"",""right_finger2_link4"",""right_finger3_link3"",""right_finger3_link4"",""right_finger4_link3"",""right_finger4_link4""]","[[0.014506206847727299,-0.25135159492492676,0.9980006814002991],[0.017041807994246483,-0.2510122060775757,0.9686118960380554],[-0.014624632894992828,-0.2555007040500641,0.9972105622291565],[-0.013473005034029484,-0.25518691539764404,0.967734694480896],[-0.03938217833638191,-0.25202345848083496,0.9982681274414062],[-0.03951818123459816,-0.2526108920574188,0.9687743186950684]]","[0.0,0.0,0.0,0.0,48.96719839744229,0.0]","[[0.0,0.0,0.0],[0.0,0.0,0.0],[0.0,0.0,0.0],[0.0,0.0,0.0],[1.717138648033142,-7.22804069519043,-48.40034484863281],[0.0,0.0,0.0]]",0.0,"[0.0,0.0,0.0]",0.0,"[0.0,0.0,0.0]",[],[],False,False,False,False,False,[],-0.015301036821454006,0.14418394414301672,46.91204667013696,0.14648101426427326,46.91204667013696,0.0,0.0,0,0,0,True,HARD_FORCE_ABORT,True
23,attempt_0,FAILED,"[-0.03664538636803627,-0.20479674637317657,1.1228820085525513,2.8958067893981934,0.16051217913627625,-1.5139797925949097,0.03879481926560402,-0.03049924597144127,-0.03428381681442261,-0.07050419598817825,0.032712195068597794,-0.05517034977674484,-0.14154288172721863,-0.14040610194206238,-0.10307967662811279,-0.23816300928592682,0.36901432275772095,0.36561083793640137,0.3692004084587097,0.35946786403656006,0.3591691553592682,0.36332571506500244,0.3729197680950165,0.37088966369628906,0.3664890229701996,0.36737146973609924]","[-0.049019116908311844,-0.19217970967292786,1.1160317659378052,2.8825559616088867,0.15894357860088348,-1.5429998636245728,0.038880009204149246,-0.030385009944438934,-0.03416500985622406,-0.03003498911857605,-0.03258999437093735,-0.05515999346971512,-0.14153999090194702,-0.14048998057842255,-0.14468999207019806,-0.14710499346256256,0.36910131573677063,0.36573249101638794,0.36931121349334717,0.3636675179004669,0.3627399802207947,0.3633349537849426,0.3728812336921692,0.3710786998271942,0.3659687340259552,0.37119248509407043]","[-0.049019118701466774,-0.19217971644579906,1.1160317348816973,2.8825559180792415,0.1589435743175724,-1.5429998466092598,0.038880009204149246,-0.030385009944438934,-0.03416500985622406,-0.03003498911857605,-0.03258999437093735,-0.05515999346971512,-0.14153999090194702,-0.14048998057842255,-0.14468999207019806,-0.14710499346256256,0.36910131573677063,0.36573249101638794,0.36931121349334717,0.3636675179004669,0.3627399802207947,0.3633349537849426,0.3728812336921692,0.3710786998271942,0.3659687340259552,0.37119248509407043]","[-0.012373730540275574,0.012617036700248718,-0.006850242614746094,-0.01325082778930664,-0.0015686005353927612,-0.029020071029663086,8.518993854522705e-05,0.0001142360270023346,0.00011880695819854736,0.0404692068696022,-0.06530219316482544,1.0356307029724121e-05,2.8908252716064453e-06,-8.387863636016846e-05,-0.041610315442085266,0.09105801582336426,8.699297904968262e-05,0.00012165307998657227,0.00011080503463745117,0.00419965386390686,0.0035708248615264893,9.238719940185547e-06,-3.853440284729004e-05,0.00018903613090515137,-0.0005202889442443848,0.0038210153579711914]","[0.11551658809185028,-0.15577903389930725,1.0179623365402222]","[-0.2690746784210205,0.28373053669929504,-0.5957432985305786,0.70155930519104]","[0.2466009110212326,-0.2258695811033249,-0.22380489110946655]","[1.750852108001709,1.7702434062957764,0.23930703103542328]","[-0.1599999964237213,-0.30000001192092896,0.7400000095367432]","[0.7070000171661377,0.7070000171661377,0.0,0.0]","[-0.03664524853229523,-0.2047966867685318,1.1228818893432617]","[0.14346064627170563,0.7123532891273499,0.6865070462226868,-0.026075266301631927]","[""right_finger2_link3"",""right_finger2_link4"",""right_finger3_link3"",""right_finger3_link4"",""right_finger4_link3"",""right_finger4_link4""]","[[0.014523995108902454,-0.2515261471271515,0.9979858994483948],[0.01705365628004074,-0.25119221210479736,0.9685964584350586],[-0.01461048424243927,-0.2556619346141815,0.9972010254859924],[-0.013466974720358849,-0.25535163283348083,0.9677248597145081],[-0.03932708874344826,-0.2521941065788269,0.9982699751853943],[-0.03944553807377815,-0.2527899146080017,0.9687762260437012]]","[0.0,0.0,0.0,0.0,50.98314938933991,0.0]","[[0.0,0.0,0.0],[0.0,0.0,0.0],[0.0,0.0,0.0],[0.0,0.0,0.0],[1.7924360036849976,-7.523390293121338,-50.39312744140625],[0.0,0.0,0.0]]",0.0,"[0.0,0.0,0.0]",0.0,"[0.0,0.0,0.0]",[],[],False,False,False,False,False,[],-0.014688836262042648,0.1442540925971135,46.92191151638183,0.14672390552062517,46.92191151638183,0.0,0.0,0,0,0,True,HARD_FORCE_ABORT,True
24,attempt_0,FAILED,"[-0.03652932867407799,-0.20485810935497284,1.1228725910186768,2.89626407623291,0.15979431569576263,-1.5140022039413452,0.03886357322335243,-0.030468367040157318,-0.03426844999194145,-0.07060501724481583,0.0329628624022007,-0.05515724793076515,-0.1415529102087021,-0.1404183954000473,-0.1028704047203064,-0.2386786788702011,0.36909210681915283,0.36567384004592896,0.36924487352371216,0.35950249433517456,0.35901668667793274,0.3633289337158203,0.3729054033756256,0.37090393900871277,0.36642295122146606,0.36742618680000305]","[-0.049019116908311844,-0.19217970967292786,1.1160317659378052,2.8825559616088867,0.15894357860088348,-1.5429998636245728,0.038880009204149246,-0.030385009944438934,-0.03416500985622406,-0.03003498911857605,-0.03258999437093735,-0.05515999346971512,-0.14153999090194702,-0.14048998057842255,-0.14468999207019806,-0.14710499346256256,0.36910131573677063,0.36573249101638794,0.36931121349334717,0.3636675179004669,0.3627399802207947,0.3633349537849426,0.3728812336921692,0.3710786998271942,0.3659687340259552,0.37119248509407043]","[-0.049019118701466774,-0.19217971644579906,1.1160317348816973,2.8825559180792415,0.1589435743175724,-1.5429998466092598,0.038880009204149246,-0.030385009944438934,-0.03416500985622406,-0.03003498911857605,-0.03258999437093735,-0.05515999346971512,-0.14153999090194702,-0.14048998057842255,-0.14468999207019806,-0.14710499346256256,0.36910131573677063,0.36573249101638794,0.36931121349334717,0.3636675179004669,0.3627399802207947,0.3633349537849426,0.3728812336921692,0.3710786998271942,0.3659687340259552,0.37119248509407043]","[-0.012489788234233856,0.012678399682044983,-0.006840825080871582,-0.013708114624023438,-0.0008507370948791504,-0.02899765968322754,1.6435980796813965e-05,8.335709571838379e-05,0.00010344013571739197,0.04057002812623978,-0.06555286049842834,-2.7455389499664307e-06,1.2919306755065918e-05,-7.158517837524414e-05,-0.04181958734989166,0.09157368540763855,9.208917617797852e-06,5.8650970458984375e-05,6.633996963500977e-05,0.004165023565292358,0.0037232935428619385,6.020069122314453e-06,-2.41696834564209e-05,0.0001747608184814453,-0.00045421719551086426,0.003766298294067383]","[0.11557179689407349,-0.1557924896478653,1.0176687240600586]","[-0.2685430347919464,0.2842444181442261,-0.5957667231559753,0.7015352845191956]","[0.25911054015159607,-0.25595971941947937,-0.3079192042350769]","[2.6842730045318604,0.13112975656986237,0.44950687885284424]","[-0.1599999964237213,-0.30000001192092896,0.7400000095367432]","[0.7070000171661377,0.7070000171661377,0.0,0.0]","[-0.036529190838336945,-0.20485804975032806,1.1228724718093872]","[0.14305640757083893,0.7124290466308594,0.6865087151527405,-0.02618049830198288]","[""right_finger2_link3"",""right_finger2_link4"",""right_finger3_link3"",""right_finger3_link4"",""right_finger4_link3"",""right_finger4_link4""]","[[0.014544675126671791,-0.2515374422073364,0.9979189038276672],[0.01705295220017433,-0.25118789076805115,0.9685277938842773],[-0.014590847305953503,-0.2556689977645874,0.9971528053283691],[-0.013468202203512192,-0.2553437054157257,0.9676759839057922],[-0.03929723799228668,-0.2522040605545044,0.9982430934906006],[-0.0394308865070343,-0.252789169549942,0.9687492251396179]]","[0.0,0.0,0.0,0.0,50.41401969930244,0.0]","[[0.0,0.0,0.0],[0.0,0.0,0.0],[0.0,0.0,0.0],[0.0,0.0,0.0],[1.9904863834381104,-7.329078674316406,-49.83869934082031],[0.0,0.0,0.0]]",0.0,"[0.0,0.0,0.0]",0.0,"[0.0,0.0,0.0]",[],[],False,False,False,False,False,[],-0.014889676597971024,0.14424248032350737,46.92206690841188,0.1466524381020525,46.92206690841188,0.0,0.0,0,0,0,True,HARD_FORCE_ABORT,True
25,attempt_0,FAILED,"[-0.03637544438242912,-0.20489585399627686,1.1228731870651245,2.896859645843506,0.1592363864183426,-1.5138944387435913,0.0388631671667099,-0.030453404411673546,-0.03424333781003952,-0.07069184631109238,0.032738763839006424,-0.05515658110380173,-0.14155234396457672,-0.1404358148574829,-0.10275542736053467,-0.23907595872879028,0.3690934479236603,0.36567845940589905,0.369251012802124,0.359509140253067,0.3592586815357208,0.36332955956459045,0.37290361523628235,0.3709287941455841,0.3663634657859802,0.36732348799705505]","[-0.049019116908311844,-0.19217970967292786,1.1160317659378052,2.8825559616088867,0.15894357860088348,-1.5429998636245728,0.038880009204149246,-0.030385009944438934,-0.03416500985622406,-0.03003498911857605,-0.03258999437093735,-0.05515999346971512,-0.14153999090194702,-0.14048998057842255,-0.14468999207019806,-0.14710499346256256,0.36910131573677063,0.36573249101638794,0.36931121349334717,0.3636675179004669,0.3627399802207947,0.3633349537849426,0.3728812336921692,0.3710786998271942,0.3659687340259552,0.37119248509407043]","[-0.049019118701466774,-0.19217971644579906,1.1160317348816973,2.8825559180792415,0.1589435743175724,-1.5429998466092598,0.038880009204149246,-0.030385009944438934,-0.03416500985622406,-0.03003498911857605,-0.03258999437093735,-0.05515999346971512,-0.14153999090194702,-0.14048998057842255,-0.14468999207019806,-0.14710499346256256,0.36910131573677063,0.36573249101638794,0.36931121349334717,0.3636675179004669,0.3627399802207947,0.3633349537849426,0.3728812336921692,0.3710786998271942,0.3659687340259552,0.37119248509407043]","[-0.012643672525882721,0.012716144323348999,-0.006841421127319336,-0.01430368423461914,-0.00029280781745910645,-0.029105424880981445,1.6842037439346313e-05,6.839446723461151e-05,7.83279538154602e-05,0.04065685719251633,-0.06532876193523407,-3.4123659133911133e-06,1.2353062629699707e-05,-5.416572093963623e-05,-0.04193456470966339,0.09197096526622772,7.867813110351562e-06,5.40316104888916e-05,6.020069122314453e-05,0.004158377647399902,0.0034812986850738525,5.3942203521728516e-06,-2.238154411315918e-05,0.00014990568161010742,-0.0003947317600250244,0.003868997097015381]","[0.11568501591682434,-0.1557774543762207,1.0171080827713013]","[-0.267516553401947,0.2852920889854431,-0.5957441329956055,0.7015213966369629]","[0.2730000615119934,-0.24247702956199646,-0.2593390643596649]","[2.8065855503082275,0.6018863320350647,0.3479250371456146]","[-0.1599999964237213,-0.30000001192092896,0.7400000095367432]","[0.7070000171661377,0.7070000171661377,0.0,0.0]","[-0.03637530654668808,-0.20489579439163208,1.122873067855835]","[0.14265798032283783,0.7125481367111206,0.6864686012268066,-0.026170771569013596]","[""right_finger2_link3"",""right_finger2_link4"",""right_finger3_link3"",""right_finger3_link4"",""right_finger4_link3"",""right_finger4_link4""]","[[0.014622937887907028,-0.2515100836753845,0.997864305973053],[0.017116043716669083,-0.25114256143569946,0.9684721231460571],[-0.014514563605189323,-0.25563374161720276,0.9971104860305786],[-0.013407494872808456,-0.2552897036075592,0.9676332473754883],[-0.03921441361308098,-0.25216910243034363,0.9982177019119263],[-0.039360467344522476,-0.2527388632297516,0.9687235355377197]]","[0.0,0.0,0.0,0.0,50.34964806537615,0.0]","[[0.0,0.0,0.0],[0.0,0.0,0.0],[0.0,0.0,0.0],[0.0,0.0,0.0],[1.9182360172271729,-7.345691680908203,-49.77397155761719],[0.0,0.0,0.0]]",0.0,"[0.0,0.0,0.0]",0.0,"[0.0,0.0,0.0]",[],[],False,False,False,False,False,[],-0.015292360610207556,0.14426194809265433,46.929494469016724,0.14655686835341827,46.929494469016724,0.0,0.0,0,0,0,True,HARD_FORCE_ABORT,True
26,attempt_0,FAILED,"[-0.03622139245271683,-0.20491747558116913,1.1228716373443604,2.897336006164551,0.15871013700962067,-1.513819694519043,0.038878683000802994,-0.030441047623753548,-0.034228600561618805,-0.0707004964351654,0.032792575657367706,-0.055154867470264435,-0.1415487378835678,-0.14044596254825592,-0.10272978991270065,-0.23928315937519073,0.36910611391067505,0.3656976521015167,0.36926695704460144,0.3595436215400696,0.35920366644859314,0.3633311092853546,0.3728983402252197,0.370947003364563,0.366310179233551,0.36733633279800415]","[-0.049019116908311844,-0.19217970967292786,1.1160317659378052,2.8825559616088867,0.15894357860088348,-1.5429998636245728,0.038880009204149246,-0.030385009944438934,-0.03416500985622406,-0.03003498911857605,-0.03258999437093735,-0.05515999346971512,-0.14153999090194702,-0.14048998057842255,-0.14468999207019806,-0.14710499346256256,0.36910131573677063,0.36573249101638794,0.36931121349334717,0.3636675179004669,0.3627399802207947,0.3633349537849426,0.3728812336921692,0.3710786998271942,0.3659687340259552,0.37119248509407043]","[-0.049019118701466774,-0.19217971644579906,1.1160317348816973,2.8825559180792415,0.1589435743175724,-1.5429998466092598,0.038880009204149246,-0.030385009944438934,-0.03416500985622406,-0.03003498911857605,-0.03258999437093735,-0.05515999346971512,-0.14153999090194702,-0.14048998057842255,-0.14468999207019806,-0.14710499346256256,0.36910131573677063,0.36573249101638794,0.36931121349334717,0.3636675179004669,0.3627399802207947,0.3633349537849426,0.3728812336921692,0.3710786998271942,0.3659687340259552,0.37119248509407043]","[-0.012797724455595016,0.012737765908241272,-0.006839871406555176,-0.014780044555664062,0.00023344159126281738,-0.029180169105529785,1.3262033462524414e-06,5.603767931461334e-05,6.359070539474487e-05,0.040665507316589355,-0.06538257002830505,-5.125999450683594e-06,8.746981620788574e-06,-4.4018030166625977e-05,-0.041960202157497406,0.09217816591262817,-4.798173904418945e-06,3.483891487121582e-05,4.425644874572754e-05,0.004123896360397339,0.003536313772201538,3.844499588012695e-06,-1.710653305053711e-05,0.00013169646263122559,-0.0003414452075958252,0.003856152296066284]","[0.11572907865047455,-0.1556624174118042,1.017142415046692]","[-0.2677690088748932,0.28534021973609924,-0.5957074165344238,0.7014366984367371]","[0.2765876054763794,-0.23258920013904572,-0.19791582226753235]","[2.059192657470703,1.5793954133987427,0.14248088002204895]","[-0.1599999964237213,-0.30000001192092896,0.7400000095367432]","[0.7070000171661377,0.7070000171661377,0.0,0.0]","[-0.036221254616975784,-0.20491741597652435,1.1228715181350708]","[0.14231230318546295,0.712644636631012,0.6864391565322876,-0.02619291841983795]","[""right_finger2_link3"",""right_finger2_link4"",""right_finger3_link3"",""right_finger3_link4"",""right_finger4_link3"",""right_finger4_link4""]","[[0.014706196263432503,-0.2514802813529968,0.9978147745132446],[0.017184797674417496,-0.25109797716140747,0.9684215784072876],[-0.014432946220040321,-0.25559762120246887,0.997073233127594],[-0.013340570963919163,-0.25523850321769714,0.967595636844635],[-0.03913012519478798,-0.25212979316711426,0.9981948733329773],[-0.03929000720381737,-0.25268441438674927,0.9687005281448364]]","[0.0,0.0,0.0,0.0,49.22671989807147,0.0]","[[0.0,0.0,0.0],[0.0,0.0,0.0],[0.0,0.0,0.0],[0.0,0.0,0.0],[1.7433760166168213,-7.238689422607422,-48.66037368774414],[0.0,0.0,0.0]]",0.0,"[0.0,0.0,0.0]",0.0,"[0.0,0.0,0.0]",[],[],False,False,False,False,False,[],-0.015266539554313896,0.14437196026103472,46.954199108732595,0.14667218154854966,46.954199108732595,0.0,0.0,0,0,0,True,HARD_FORCE_ABORT,True
27,attempt_0,FAILED,"[-0.03607846051454544,-0.20493265986442566,1.1228578090667725,2.897714853286743,0.15816283226013184,-1.5138225555419922,0.03888809308409691,-0.030430879443883896,-0.03421724960207939,-0.07064300775527954,0.032911159098148346,-0.055154990404844284,-0.14154581725597382,-0.14045417308807373,-0.10275677591562271,-0.2394164800643921,0.369110643863678,0.3657127022743225,0.36928069591522217,0.359591007232666,0.3590550422668457,0.3633315861225128,0.3728942275047302,0.37096279859542847,0.36626309156417847,0.3673939108848572]","[-0.049019116908311844,-0.19217970967292786,1.1160317659378052,2.8825559616088867,0.15894357860088348,-1.5429998636245728,0.038880009204149246,-0.030385009944438934,-0.03416500985622406,-0.03003498911857605,-0.03258999437093735,-0.05515999346971512,-0.14153999090194702,-0.14048998057842255,-0.14468999207019806,-0.14710499346256256,0.36910131573677063,0.36573249101638794,0.36931121349334717,0.3636675179004669,0.3627399802207947,0.3633349537849426,0.3728812336921692,0.3710786998271942,0.3659687340259552,0.37119248509407043]","[-0.049019118701466774,-0.19217971644579906,1.1160317348816973,2.8825559180792415,0.1589435743175724,-1.5429998466092598,0.038880009204149246,-0.030385009944438934,-0.03416500985622406,-0.03003498911857605,-0.03258999437093735,-0.05515999346971512,-0.14153999090194702,-0.14048998057842255,-0.14468999207019806,-0.14710499346256256,0.36910131573677063,0.36573249101638794,0.36931121349334717,0.3636675179004669,0.3627399802207947,0.3633349537849426,0.3728812336921692,0.3710786998271942,0.3659687340259552,0.37119248509407043]","[-0.012940656393766403,0.012752950191497803,-0.006826043128967285,-0.015158891677856445,0.000780746340751648,-0.029177308082580566,-8.083879947662354e-06,4.586949944496155e-05,5.223974585533142e-05,0.04060801863670349,-0.0655011534690857,-5.003064870834351e-06,5.826354026794434e-06,-3.580749034881592e-05,-0.04193321615457535,0.09231148660182953,-9.328126907348633e-06,1.9788742065429688e-05,3.0517578125e-05,0.004076510667800903,0.0036849379539489746,3.3676624298095703e-06,-1.2993812561035156e-05,0.00011590123176574707,-0.0002943575382232666,0.003798574209213257]","[0.11574515700340271,-0.15553581714630127,1.0173269510269165]","[-0.2683388888835907,0.2851041555404663,-0.5956769585609436,0.7013407349586487]","[0.27155810594558716,-0.23327325284481049,-0.20118948817253113]","[2.0539474487304688,1.2856879234313965,0.23821893334388733]","[-0.1599999964237213,-0.30000001192092896,0.7400000095367432]","[0.7070000171661377,0.7070000171661377,0.0,0.0]","[-0.036078326404094696,-0.20493260025978088,1.122857689857483]","[0.14199326932430267,0.7127090692520142,0.6864356398582458,-0.026261869817972183]","[""right_finger2_link3"",""right_finger2_link4"",""right_finger3_link3"",""right_finger3_link4"",""right_finger4_link3"",""right_finger4_link4""]","[[0.0147766238078475,-0.25145429372787476,0.9977560639381409],[0.017239578068256378,-0.25106045603752136,0.9683616757392883],[-0.01436383556574583,-0.2555675506591797,0.9970284700393677],[-0.013287286274135113,-0.2551966905593872,0.96755051612854],[-0.03906046971678734,-0.2520948350429535,0.9981635212898254],[-0.039236512035131454,-0.2526351511478424,0.968669056892395]]","[0.0,0.0,0.0,0.0,48.811035895518195,0.0]","[[0.0,0.0,0.0],[0.0,0.0,0.0],[0.0,0.0,0.0],[0.0,0.0,0.0],[1.7419514656066895,-7.168640613555908,-48.25032043457031],[0.0,0.0,0.0]]",0.0,"[0.0,0.0,0.0]",0.0,"[0.0,0.0,0.0]",[],[],False,False,False,False,False,[],-0.015122905644339046,0.14449195686251373,46.97989960974501,0.14682800716269676,46.97989960974501,0.0,0.0,0,0,0,True,HARD_FORCE_ABORT,True
28,attempt_0,FAILED,"[-0.035952769219875336,-0.20494914054870605,1.1228386163711548,2.8980507850646973,0.15761218965053558,-1.513893485069275,0.038878995925188065,-0.030423849821090698,-0.03420495241880417,-0.07055368274450302,0.03289170190691948,-0.05515783280134201,-0.1415422558784485,-0.1404627412557602,-0.10280302911996841,-0.23955005407333374,0.3690980076789856,0.3657103180885315,0.3692834675312042,0.35963043570518494,0.3590184450149536,0.36332985758781433,0.3728936016559601,0.37097999453544617,0.3662218153476715,0.367415189743042]","[-0.049019116908311844,-0.19217970967292786,1.1160317659378052,2.8825559616088867,0.15894357860088348,-1.5429998636245728,0.038880009204149246,-0.030385009944438934,-0.03416500985622406,-0.03003498911857605,-0.03258999437093735,-0.05515999346971512,-0.14153999090194702,-0.14048998057842255,-0.14468999207019806,-0.14710499346256256,0.36910131573677063,0.36573249101638794,0.36931121349334717,0.3636675179004669,0.3627399802207947,0.3633349537849426,0.3728812336921692,0.3710786998271942,0.3659687340259552,0.37119248509407043]","[-0.049019118701466774,-0.19217971644579906,1.1160317348816973,2.8825559180792415,0.1589435743175724,-1.5429998466092598,0.038880009204149246,-0.030385009944438934,-0.03416500985622406,-0.03003498911857605,-0.03258999437093735,-0.05515999346971512,-0.14153999090194702,-0.14048998057842255,-0.14468999207019806,-0.14710499346256256,0.36910131573677063,0.36573249101638794,0.36931121349334717,0.3636675179004669,0.3627399802207947,0.3633349537849426,0.3728812336921692,0.3710786998271942,0.3659687340259552,0.37119248509407043]","[-0.013066347688436508,0.012769430875778198,-0.006806850433349609,-0.015494823455810547,0.0013313889503479004,-0.02910637855529785,1.0132789611816406e-06,3.8839876651763916e-05,3.994256258010864e-05,0.04051869362592697,-0.06548169255256653,-2.16066837310791e-06,2.2649765014648438e-06,-2.7239322662353516e-05,-0.041886962950229645,0.09244506061077118,3.3080577850341797e-06,2.2172927856445312e-05,2.7745962142944336e-05,0.004037082195281982,0.0037215352058410645,5.0961971282958984e-06,-1.2367963790893555e-05,9.870529174804688e-05,-0.0002530813217163086,0.0037772953510284424]","[0.11580586433410645,-0.15549947321414948,1.017083764076233]","[-0.26797565817832947,0.2855636477470398,-0.5956922173500061,0.7012796401977539]","[0.26826608180999756,-0.2370569407939911,-0.2438548058271408]","[2.4190399646759033,0.4971339702606201,0.41270753741264343]","[-0.1599999964237213,-0.30000001192092896,0.7400000095367432]","[0.7070000171661377,0.7070000171661377,0.0,0.0]","[-0.03595263510942459,-0.20494908094406128,1.1228384971618652]","[0.14168748259544373,0.7127470374107361,0.686456024646759,-0.02635142020881176]","[""right_finger2_link3"",""right_finger2_link4"",""right_finger3_link3"",""right_finger3_link4"",""right_finger4_link3"",""right_finger4_link4""]","[[0.014830457046627998,-0.2514331042766571,0.997693657875061],[0.017277300357818604,-0.25102972984313965,0.968298077583313],[-0.01431109756231308,-0.2555440068244934,0.9969805479049683],[-0.013250998221337795,-0.25516313314437866,0.9675020575523376],[-0.03900805860757828,-0.2520665228366852,0.9981290102005005],[-0.039201267063617706,-0.2525933086872101,0.968634307384491]]","[0.0,0.0,0.0,0.0,48.55972290503008,0.0]","[[0.0,0.0,0.0],[0.0,0.0,0.0],[0.0,0.0,0.0],[0.0,0.0,0.0],[1.7838051319122314,-7.10558557510376,-48.003910064697266],[0.0,0.0,0.0]]",0.0,"[0.0,0.0,0.0]",0.0,"[0.0,0.0,0.0]",[],[],False,False,False,False,False,[],-0.015277599723928503,0.1445295080543493,46.98920317432131,0.1468152770347882,46.98920317432131,0.0,0.0,0,0,0,True,HARD_FORCE_ABORT,True
29,attempt_0,FAILED,"[-0.03584876284003258,-0.2049696147441864,1.1228176355361938,2.8983383178710938,0.15712538361549377,-1.5139713287353516,0.03887351602315903,-0.030421879142522812,-0.03419656679034233,-0.07048375904560089,0.032889168709516525,-0.05515963211655617,-0.14153943955898285,-0.14046990871429443,-0.10279703140258789,-0.23972442746162415,0.36909157037734985,0.36570799350738525,0.3692820966243744,0.35965728759765625,0.3590048551559448,0.36332935094833374,0.37289273738861084,0.37099504470825195,0.36618703603744507,0.3674260377883911]","[-0.049019116908311844,-0.19217970967292786,1.1160317659378052,2.8825559616088867,0.15894357860088348,-1.5429998636245728,0.038880009204149246,-0.030385009944438934,-0.03416500985622406,-0.03003498911857605,-0.03258999437093735,-0.05515999346971512,-0.14153999090194702,-0.14048998057842255,-0.14468999207019806,-0.14710499346256256,0.36910131573677063,0.36573249101638794,0.36931121349334717,0.3636675179004669,0.3627399802207947,0.3633349537849426,0.3728812336921692,0.3710786998271942,0.3659687340259552,0.37119248509407043]","[-0.049019118701466774,-0.19217971644579906,1.1160317348816973,2.8825559180792415,0.1589435743175724,-1.5429998466092598,0.038880009204149246,-0.030385009944438934,-0.03416500985622406,-0.03003498911857605,-0.03258999437093735,-0.05515999346971512,-0.14153999090194702,-0.14048998057842255,-0.14468999207019806,-0.14710499346256256,0.36910131573677063,0.36573249101638794,0.36931121349334717,0.3636675179004669,0.3627399802207947,0.3633349537849426,0.3728812336921692,0.3710786998271942,0.3659687340259552,0.37119248509407043]","[-0.013170354068279266,0.012789905071258545,-0.006785869598388672,-0.01578235626220703,0.0018181949853897095,-0.02902853488922119,6.493180990219116e-06,3.6869198083877563e-05,3.1556934118270874e-05,0.04044876992702484,-0.06547915935516357,-3.6135315895080566e-07,-5.513429641723633e-07,-2.0071864128112793e-05,-0.04189296066761017,0.09261943399906158,9.745359420776367e-06,2.4497509002685547e-05,2.911686897277832e-05,0.004010230302810669,0.0037351250648498535,5.602836608886719e-06,-1.150369644165039e-05,8.365511894226074e-05,-0.00021830201148986816,0.0037664473056793213]","[0.11586910486221313,-0.15549948811531067,1.016758918762207]","[-0.26741451025009155,0.28613221645355225,-0.5957155823707581,0.7012423872947693]","[0.25802531838417053,-0.24236400425434113,-0.2154976725578308]","[2.3942368030548096,0.7621879577636719,0.38871103525161743]","[-0.1599999964237213,-0.30000001192092896,0.7400000095367432]","[0.7070000171661377,0.7070000171661377,0.0,0.0]","[-0.035848625004291534,-0.20496955513954163,1.1228175163269043]","[0.14142021536827087,0.7127746343612671,0.6864792704582214,-0.026434915140271187]","[""right_finger2_link3"",""right_finger2_link4"",""right_finger3_link3"",""right_finger3_link4"",""right_finger4_link3"",""right_finger4_link4""]","[[0.014871126972138882,-0.25142115354537964,0.9976348280906677],[0.017303619533777237,-0.2510097920894623,0.9682381749153137],[-0.014271325431764126,-0.25553032755851746,0.9969348311424255],[-0.013225879520177841,-0.25514116883277893,0.9674559235572815],[-0.038966625928878784,-0.2520495653152466,0.9980950951576233],[-0.03917388245463371,-0.2525654137134552,0.968600332736969]]","[0.0,0.0,0.0,0.0,48.03723983194933,0.0]","[[0.0,0.0,0.0],[0.0,0.0,0.0],[0.0,0.0,0.0],[0.0,0.0,0.0],[1.7118488550186157,-7.04610013961792,-47.48682403564453],[0.0,0.0,0.0]]",0.0,"[0.0,0.0,0.0]",0.0,"[0.0,0.0,0.0]",[],[],False,False,False,False,False,[],-0.015490313720674664,0.14453342847258271,46.99205277468811,0.1467527447769445,46.99205277468811,0.0,0.0,0,0,0,True,HARD_FORCE_ABORT,True
30,attempt_0,FAILED,"[-0.03575886785984039,-0.20499050617218018,1.1227930784225464,2.898571729660034,0.15667633712291718,-1.514041781425476,0.03888450562953949,-0.030422689393162727,-0.034194644540548325,-0.07044031471014023,0.03299526870250702,-0.0551578514277935,-0.1415380835533142,-0.14047230780124664,-0.10277204215526581,-0.2398594319820404,0.36910197138786316,0.3657170534133911,0.36928531527519226,0.3596791625022888,0.3588952124118805,0.36333075165748596,0.37288928031921387,0.37100526690483093,0.36615803837776184,0.367473840713501]","[-0.049019116908311844,-0.19217970967292786,1.1160317659378052,2.8825559616088867,0.15894357860088348,-1.5429998636245728,0.038880009204149246,-0.030385009944438934,-0.03416500985622406,-0.03003498911857605,-0.03258999437093735,-0.05515999346971512,-0.14153999090194702,-0.14048998057842255,-0.14468999207019806,-0.14710499346256256,0.36910131573677063,0.36573249101638794,0.36931121349334717,0.3636675179004669,0.3627399802207947,0.3633349537849426,0.3728812336921692,0.3710786998271942,0.3659687340259552,0.37119248509407043]","[-0.049019118701466774,-0.19217971644579906,1.1160317348816973,2.8825559180792415,0.1589435743175724,-1.5429998466092598,0.038880009204149246,-0.030385009944438934,-0.03416500985622406,-0.03003498911857605,-0.03258999437093735,-0.05515999346971512,-0.14153999090194702,-0.14048998057842255,-0.14468999207019806,-0.14710499346256256,0.36910131573677063,0.36573249101638794,0.36931121349334717,0.3636675179004669,0.3627399802207947,0.3633349537849426,0.3728812336921692,0.3710786998271942,0.3659687340259552,0.37119248509407043]","[-0.01326024904847145,0.01281079649925232,-0.006761312484741211,-0.01601576805114746,0.0022672414779663086,-0.02895808219909668,-4.49642539024353e-06,3.767944872379303e-05,2.9634684324264526e-05,0.04040532559156418,-0.06558526307344437,-2.1420419216156006e-06,-1.9073486328125e-06,-1.767277717590332e-05,-0.04191794991493225,0.09275443851947784,-6.556510925292969e-07,1.5437602996826172e-05,2.5898218154907227e-05,0.003988355398178101,0.0038447678089141846,4.202127456665039e-06,-8.046627044677734e-06,7.343292236328125e-05,-0.00018930435180664062,0.003718644380569458]","[0.11589108407497406,-0.1554650217294693,1.016723394393921]","[-0.26745879650115967,0.2861935496330261,-0.595741868019104,0.7011781334877014]","[0.2678615152835846,-0.22748374938964844,-0.1862030178308487]","[2.1521804332733154,1.21437406539917,0.24512676894664764]","[-0.1599999964237213,-0.30000001192092896,0.7400000095367432]","[0.7070000171661377,0.7070000171661377,0.0,0.0]","[-0.03575873002409935,-0.2049904465675354,1.1227929592132568]","[0.14118507504463196,0.7127982974052429,0.6864996552467346,-0.026522774249315262]","[""right_finger2_link3"",""right_finger2_link4"",""right_finger3_link3"",""right_finger3_link4"",""right_finger4_link3"",""right_finger4_link4""]","[[0.014902542345225811,-0.25141626596450806,0.9975771307945251],[0.017321743071079254,-0.25099822878837585,0.96817946434021],[-0.014240567572414875,-0.2555239796638489,0.9968892931938171],[-0.01320850383490324,-0.2551282048225403,0.9674100279808044],[-0.03893377631902695,-0.25204089283943176,0.9980607032775879],[-0.03915351629257202,-0.2525483965873718,0.9685658812522888]]","[0.0,0.0,0.0,0.0,47.93216635874496,0.0]","[[0.0,0.0,0.0],[0.0,0.0,0.0],[0.0,0.0,0.0],[0.0,0.0,0.0],[1.6363186836242676,-7.056819915771484,-47.3816032409668],[0.0,0.0,0.0]]",0.0,"[0.0,0.0,0.0]",0.0,"[0.0,0.0,0.0]",[],[],False,False,False,False,False,[],-0.015492708070498518,0.14456700748453352,46.99976845659985,0.14677855546524443,46.99976845659985,0.0,0.0,0,0,0,True,HARD_FORCE_ABORT,True
31,attempt_0,FAILED,"[-0.03567766025662422,-0.20500554144382477,1.1227623224258423,2.8987464904785156,0.1562260538339615,-1.5141280889511108,0.03889260068535805,-0.030418286100029945,-0.03419196233153343,-0.07036922127008438,0.03322003781795502,-0.05515671148896217,-0.14153753221035004,-0.14047406613826752,-0.10280263423919678,-0.2399030178785324,0.36910900473594666,0.3657263517379761,0.36929282546043396,0.3597152531147003,0.35867273807525635,0.36333125829696655,0.37288618087768555,0.3710136115550995,0.3661316931247711,0.3675784766674042]","[-0.049019116908311844,-0.19217970967292786,1.1160317659378052,2.8825559616088867,0.15894357860088348,-1.5429998636245728,0.038880009204149246,-0.030385009944438934,-0.03416500985622406,-0.03003498911857605,-0.03258999437093735,-0.05515999346971512,-0.14153999090194702,-0.14048998057842255,-0.14468999207019806,-0.14710499346256256,0.36910131573677063,0.36573249101638794,0.36931121349334717,0.3636675179004669,0.3627399802207947,0.3633349537849426,0.3728812336921692,0.3710786998271942,0.3659687340259552,0.37119248509407043]","[-0.049019118701466774,-0.19217971644579906,1.1160317348816973,2.8825559180792415,0.1589435743175724,-1.5429998466092598,0.038880009204149246,-0.030385009944438934,-0.03416500985622406,-0.03003498911857605,-0.03258999437093735,-0.05515999346971512,-0.14153999090194702,-0.14048998057842255,-0.14468999207019806,-0.14710499346256256,0.36910131573677063,0.36573249101638794,0.36931121349334717,0.3636675179004669,0.3627399802207947,0.3633349537849426,0.3728812336921692,0.3710786998271942,0.3659687340259552,0.37119248509407043]","[-0.013341456651687622,0.012825831770896912,-0.006730556488037109,-0.016190528869628906,0.002717524766921997,-0.028871774673461914,-1.259148120880127e-05,3.327615559101105e-05,2.6952475309371948e-05,0.04033423215150833,-0.06581003218889236,-3.2819807529449463e-06,-2.4586915969848633e-06,-1.5914440155029297e-05,-0.04188735783100128,0.09279802441596985,-7.68899917602539e-06,6.139278411865234e-06,1.8388032913208008e-05,0.0039522647857666016,0.00406724214553833,3.6954879760742188e-06,-4.947185516357422e-06,6.508827209472656e-05,-0.00016295909881591797,0.0036140084266662598]","[0.11589641869068146,-0.15542230010032654,1.0167858600616455]","[-0.26770296692848206,0.28607964515686035,-0.5957712531089783,0.7011063098907471]","[0.26667022705078125,-0.22960329055786133,-0.1886063814163208]","[2.089027166366577,1.0791478157043457,0.29249095916748047]","[-0.1599999964237213,-0.30000001192092896,0.7400000095367432]","[0.7070000171661377,0.7070000171661377,0.0,0.0]","[-0.03567752614617348,-0.20500548183918,1.1227622032165527]","[0.1409701555967331,0.7128124833106995,0.6865249276161194,-0.026632167398929596]","[""right_finger2_link3"",""right_finger2_link4"",""right_finger3_link3"",""right_finger3_link4"",""right_finger4_link3"",""right_finger4_link4""]","[[0.014925261959433556,-0.25141221284866333,0.9975155591964722],[0.01733095943927765,-0.25098907947540283,0.968116819858551],[-0.014218323864042759,-0.25551918148994446,0.9968404173851013],[-0.013199768960475922,-0.25511831045150757,0.96736079454422],[-0.03891174495220184,-0.25203248858451843,0.9980223178863525],[-0.039145492017269135,-0.2525319457054138,0.9685274958610535]]","[0.0,0.0,0.0,0.0,47.464307081064106,0.0]","[[0.0,0.0,0.0],[0.0,0.0,0.0],[0.0,0.0,0.0],[0.0,0.0,0.0],[1.6174813508987427,-6.9827165603637695,-46.91999435424805],[0.0,0.0,0.0]]",0.0,"[0.0,0.0,0.0]",0.0,"[0.0,0.0,0.0]",[],[],False,False,False,False,False,[],-0.015418787673597056,0.1446073040654468,47.00836279152171,0.1468310083755156,47.00836279152171,0.0,0.0,0,0,0,True,HARD_FORCE_ABORT,True
32,attempt_0,FAILED,"[-0.03560497611761093,-0.20502077043056488,1.1227302551269531,2.898902416229248,0.1557856947183609,-1.5142481327056885,0.03888890519738197,-0.030418409034609795,-0.034188318997621536,-0.07029011845588684,0.03329842910170555,-0.055157117545604706,-0.14153647422790527,-0.14047691226005554,-0.10283386707305908,-0.2399628758430481,0.3691045939922333,0.3657236099243164,0.36929067969322205,0.35973966121673584,0.3585652709007263,0.36332979798316956,0.3728855848312378,0.3710232377052307,0.3661089539527893,0.36764445900917053]","[-0.049019116908311844,-0.19217970967292786,1.1160317659378052,2.8825559616088867,0.15894357860088348,-1.5429998636245728,0.038880009204149246,-0.030385009944438934,-0.03416500985622406,-0.03003498911857605,-0.03258999437093735,-0.05515999346971512,-0.14153999090194702,-0.14048998057842255,-0.14468999207019806,-0.14710499346256256,0.36910131573677063,0.36573249101638794,0.36931121349334717,0.3636675179004669,0.3627399802207947,0.3633349537849426,0.3728812336921692,0.3710786998271942,0.3659687340259552,0.37119248509407043]","[-0.049019118701466774,-0.19217971644579906,1.1160317348816973,2.8825559180792415,0.1589435743175724,-1.5429998466092598,0.038880009204149246,-0.030385009944438934,-0.03416500985622406,-0.03003498911857605,-0.03258999437093735,-0.05515999346971512,-0.14153999090194702,-0.14048998057842255,-0.14468999207019806,-0.14710499346256256,0.36910131573677063,0.36573249101638794,0.36931121349334717,0.3636675179004669,0.3627399802207947,0.3633349537849426,0.3728812336921692,0.3710786998271942,0.3659687340259552,0.37119248509407043]","[-0.013414140790700912,0.012841060757637024,-0.006698489189147949,-0.016346454620361328,0.003157883882522583,-0.028751730918884277,-8.89599323272705e-06,3.339909017086029e-05,2.3309141397476196e-05,0.04025512933731079,-0.0658884197473526,-2.8759241104125977e-06,-3.516674041748047e-06,-1.3068318367004395e-05,-0.04185612499713898,0.09285788238048553,-3.2782554626464844e-06,8.881092071533203e-06,2.053380012512207e-05,0.003927856683731079,0.004174709320068359,5.155801773071289e-06,-4.351139068603516e-06,5.5462121963500977e-05,-0.00014021992683410645,0.0035480260848999023]","[0.11592535674571991,-0.15542440116405487,1.0166312456130981]","[-0.26746973395347595,0.2863229513168335,-0.595816433429718,0.7010576128959656]","[0.2593083679676056,-0.237610325217247,-0.21239012479782104]","[2.2629852294921875,0.6847392320632935,0.39999255537986755]","[-0.1599999964237213,-0.30000001192092896,0.7400000095367432]","[0.7070000171661377,0.7070000171661377,0.0,0.0]","[-0.03560483828186989,-0.2050207108259201,1.1227301359176636]","[0.14076489210128784,0.7128129005432129,0.686562180519104,-0.026746977120637894]","[""right_finger2_link3"",""right_finger2_link4"",""right_finger3_link3"",""right_finger3_link4"",""right_finger4_link3"",""right_finger4_link4""]","[[0.014941302128136158,-0.2514097988605499,0.9974541664123535],[0.017333636060357094,-0.25098270177841187,0.9680544137954712],[-0.014202714897692204,-0.25551673769950867,0.996791660785675],[-0.013197692111134529,-0.25511181354522705,0.9673115611076355],[-0.03889640420675278,-0.25202709436416626,0.9979837536811829],[-0.039144136011600494,-0.2525193393230438,0.968488872051239]]","[0.0,0.0,0.0,0.0,47.42395540609033,0.0]","[[0.0,0.0,0.0],[0.0,0.0,0.0],[0.0,0.0,0.0],[0.0,0.0,0.0],[1.6361582279205322,-6.961075782775879,-46.881744384765625],[0.0,0.0,0.0]]",0.0,"[0.0,0.0,0.0]",0.0,"[0.0,0.0,0.0]",[],[],False,False,False,False,False,[],-0.015497917070634748,0.14460742065357962,47.00907784477442,0.1467995295382878,47.00907784477442,0.0,0.0,0,0,0,True,HARD_FORCE_ABORT,True
33,attempt_0,FAILED,"[-0.03554367646574974,-0.20503738522529602,1.1226978302001953,2.899055004119873,0.1554030478000641,-1.514357566833496,0.03888837993144989,-0.030419951304793358,-0.034186381846666336,-0.07024694979190826,0.03331731632351875,-0.055157121270895004,-0.14153550565242767,-0.14047907292842865,-0.1028141900897026,-0.2400716245174408,0.3691044747829437,0.3657228350639343,0.3692881762981415,0.35975128412246704,0.3585394322872162,0.3633301854133606,0.3728851079940796,0.37103158235549927,0.3660901188850403,0.36767578125]","[-0.049019116908311844,-0.19217970967292786,1.1160317659378052,2.8825559616088867,0.15894357860088348,-1.5429998636245728,0.038880009204149246,-0.030385009944438934,-0.03416500985622406,-0.03003498911857605,-0.03258999437093735,-0.05515999346971512,-0.14153999090194702,-0.14048998057842255,-0.14468999207019806,-0.14710499346256256,0.36910131573677063,0.36573249101638794,0.36931121349334717,0.3636675179004669,0.3627399802207947,0.3633349537849426,0.3728812336921692,0.3710786998271942,0.3659687340259552,0.37119248509407043]","[-0.049019118701466774,-0.19217971644579906,1.1160317348816973,2.8825559180792415,0.1589435743175724,-1.5429998466092598,0.038880009204149246,-0.030385009944438934,-0.03416500985622406,-0.03003498911857605,-0.03258999437093735,-0.05515999346971512,-0.14153999090194702,-0.14048998057842255,-0.14468999207019806,-0.14710499346256256,0.36910131573677063,0.36573249101638794,0.36931121349334717,0.3636675179004669,0.3627399802207947,0.3633349537849426,0.3728812336921692,0.3710786998271942,0.3659687340259552,0.37119248509407043]","[-0.013475440442562103,0.012857675552368164,-0.006666064262390137,-0.016499042510986328,0.003540530800819397,-0.02864229679107666,-8.370727300643921e-06,3.494136035442352e-05,2.1371990442276e-05,0.040211960673332214,-0.0659073144197464,-2.8721988201141357e-06,-4.4852495193481445e-06,-1.0907649993896484e-05,-0.04187580198049545,0.09296663105487823,-3.159046173095703e-06,9.655952453613281e-06,2.3037195205688477e-05,0.003916233777999878,0.004200547933578491,4.76837158203125e-06,-3.874301910400391e-06,4.711747169494629e-05,-0.00012138485908508301,0.0035167038440704346]","[0.11595605313777924,-0.15543940663337708,1.0164316892623901]","[-0.26713889837265015,0.2866292893886566,-0.5958619117736816,0.7010199427604675]","[0.2619567811489105,-0.22759824991226196,-0.19407324492931366]","[2.3409359455108643,0.8126814961433411,0.36054953932762146]","[-0.1599999964237213,-0.30000001192092896,0.7400000095367432]","[0.7070000171661377,0.7070000171661377,0.0,0.0]","[-0.035543542355298996,-0.20503732562065125,1.1226977109909058]","[0.14058013260364532,0.7128126621246338,0.686596691608429,-0.02684110775589943]","[""right_finger2_link3"",""right_finger2_link4"",""right_finger3_link3"",""right_finger3_link4"",""right_finger4_link3"",""right_finger4_link4""]","[[0.014953446574509144,-0.25140878558158875,0.9973952770233154],[0.01733412966132164,-0.2509777545928955,0.9679946899414062],[-0.014190896414220333,-0.2555158734321594,0.99674391746521],[-0.013197652995586395,-0.25510692596435547,0.9672635197639465],[-0.03888300433754921,-0.2520250678062439,0.9979453086853027],[-0.039141763001680374,-0.25251179933547974,0.9684504866600037]]","[0.0,0.0,0.0,0.0,47.34477068695149,0.0]","[[0.0,0.0,0.0],[0.0,0.0,0.0],[0.0,0.0,0.0],[0.0,0.0,0.0],[1.6017587184906006,-6.9561662673950195,-46.80356216430664],[0.0,0.0,0.0]]",0.0,"[0.0,0.0,0.0]",0.0,"[0.0,0.0,0.0]",[],[],False,False,False,False,False,[],-0.015610292482069688,0.1445961181361132,47.00749520084989,0.14674760564851347,47.00749520084989,0.0,0.0,0,0,0,True,HARD_FORCE_ABORT,True
34,attempt_0,FAILED,"[-0.035487886518239975,-0.20505192875862122,1.1226640939712524,2.8991658687591553,0.15504513680934906,-1.5144468545913696,0.038894910365343094,-0.03042038343846798,-0.03418659046292305,-0.07020395249128342,0.03347848355770111,-0.05515574291348457,-0.14153537154197693,-0.14047911763191223,-0.10282327979803085,-0.24010510742664337,0.36911121010780334,0.3657277226448059,0.36928993463516235,0.3597690761089325,0.35838618874549866,0.3633315861225128,0.3728827238082886,0.3710370659828186,0.36607375741004944,0.3677603602409363]","[-0.049019116908311844,-0.19217970967292786,1.1160317659378052,2.8825559616088867,0.15894357860088348,-1.5429998636245728,0.038880009204149246,-0.030385009944438934,-0.03416500985622406,-0.03003498911857605,-0.03258999437093735,-0.05515999346971512,-0.14153999090194702,-0.14048998057842255,-0.14468999207019806,-0.14710499346256256,0.36910131573677063,0.36573249101638794,0.36931121349334717,0.3636675179004669,0.3627399802207947,0.3633349537849426,0.3728812336921692,0.3710786998271942,0.3659687340259552,0.37119248509407043]","[-0.049019118701466774,-0.19217971644579906,1.1160317348816973,2.8825559180792415,0.1589435743175724,-1.5429998466092598,0.038880009204149246,-0.030385009944438934,-0.03416500985622406,-0.03003498911857605,-0.03258999437093735,-0.05515999346971512,-0.14153999090194702,-0.14048998057842255,-0.14468999207019806,-0.14710499346256256,0.36910131573677063,0.36573249101638794,0.36931121349334717,0.3636675179004669,0.3627399802207947,0.3633349537849426,0.3728812336921692,0.3710786998271942,0.3659687340259552,0.37119248509407043]","[-0.013531230390071869,0.01287221908569336,-0.006632328033447266,-0.016609907150268555,0.003898441791534424,-0.028553009033203125,-1.4901161193847656e-05,3.5373494029045105e-05,2.1580606698989868e-05,0.04016896337270737,-0.06606847792863846,-4.250556230545044e-06,-4.6193599700927734e-06,-1.0862946510314941e-05,-0.041866712272167206,0.09300011396408081,-9.894371032714844e-06,4.76837158203125e-06,2.1278858184814453e-05,0.003898441791534424,0.0043537914752960205,3.3676624298095703e-06,-1.4901161193847656e-06,4.163384437561035e-05,-0.00010502338409423828,0.0034321248531341553]","[0.11596597731113434,-0.15543286502361298,1.0163953304290771]","[-0.26714983582496643,0.2866567373275757,-0.59591144323349,0.7009625434875488]","[0.2603829503059387,-0.23458172380924225,-0.1802089512348175]","[2.126513957977295,1.0433541536331177,0.3088532090187073]","[-0.1599999964237213,-0.30000001192092896,0.7400000095367432]","[0.7070000171661377,0.7070000171661377,0.0,0.0]","[-0.03548774868249893,-0.20505186915397644,1.122663974761963]","[0.14041896164417267,0.7128145694732666,0.6866236329078674,-0.02693921886384487]","[""right_finger2_link3"",""right_finger2_link4"",""right_finger3_link3"",""right_finger3_link4"",""right_finger4_link3"",""right_finger4_link4""]","[[0.014963021501898766,-0.25141119956970215,0.9973384737968445],[0.017332840710878372,-0.25097715854644775,0.9679370522499084],[-0.014181587845087051,-0.25551822781562805,0.9966972470283508],[-0.013199221342802048,-0.2551063895225525,0.9672164916992188],[-0.03887336701154709,-0.2520256042480469,0.9979075789451599],[-0.03914306312799454,-0.25250762701034546,0.9684128165245056]]","[0.0,0.0,0.0,0.0,47.01128653942601,0.0]","[[0.0,0.0,0.0],[0.0,0.0,0.0],[0.0,0.0,0.0],[0.0,0.0,0.0],[1.5493348836898804,-6.918703556060791,-46.47356414794922],[0.0,0.0,0.0]]",0.0,"[0.0,0.0,0.0]",0.0,"[0.0,0.0,0.0]",[],[],False,False,False,False,False,[],-0.01560369395517458,0.14460297746499498,47.00911174611986,0.14674693163838856,47.00911174611986,0.0,0.0,0,0,0,True,HARD_FORCE_ABORT,True
35,attempt_0,FAILED,"[-0.03543552756309509,-0.20506486296653748,1.1226309537887573,2.899264335632324,0.15470093488693237,-1.5145450830459595,0.03889845311641693,-0.03042210452258587,-0.03418677672743797,-0.07017000019550323,0.03355330228805542,-0.05515461415052414,-0.14153531193733215,-0.14047929644584656,-0.10282839834690094,-0.24013903737068176,0.36911460757255554,0.36572954058647156,0.36928966641426086,0.35978007316589355,0.3582960367202759,0.36333176493644714,0.3728810250759125,0.3710424304008484,0.366059809923172,0.3678223788738251]","[-0.049019116908311844,-0.19217970967292786,1.1160317659378052,2.8825559616088867,0.15894357860088348,-1.5429998636245728,0.038880009204149246,-0.030385009944438934,-0.03416500985622406,-0.03003498911857605,-0.03258999437093735,-0.05515999346971512,-0.14153999090194702,-0.14048998057842255,-0.14468999207019806,-0.14710499346256256,0.36910131573677063,0.36573249101638794,0.36931121349334717,0.3636675179004669,0.3627399802207947,0.3633349537849426,0.3728812336921692,0.3710786998271942,0.3659687340259552,0.37119248509407043]","[-0.049019118701466774,-0.19217971644579906,1.1160317348816973,2.8825559180792415,0.1589435743175724,-1.5429998466092598,0.038880009204149246,-0.030385009944438934,-0.03416500985622406,-0.03003498911857605,-0.03258999437093735,-0.05515999346971512,-0.14153999090194702,-0.14048998057842255,-0.14468999207019806,-0.14710499346256256,0.36910131573677063,0.36573249101638794,0.36931121349334717,0.3636675179004669,0.3627399802207947,0.3633349537849426,0.3728812336921692,0.3710786998271942,0.3659687340259552,0.37119248509407043]","[-0.013583589345216751,0.01288515329360962,-0.0065991878509521484,-0.0167083740234375,0.004242643713951111,-0.02845478057861328,-1.8443912267684937e-05,3.709457814693451e-05,2.1766871213912964e-05,0.040135011076927185,-0.06614329665899277,-5.379319190979004e-06,-4.678964614868164e-06,-1.068413257598877e-05,-0.04186159372329712,0.0930340439081192,-1.329183578491211e-05,2.950429916381836e-06,2.154707908630371e-05,0.0038874447345733643,0.004443943500518799,3.1888484954833984e-06,2.086162567138672e-07,3.6269426345825195e-05,-9.107589721679688e-05,0.0033701062202453613]","[0.11597461998462677,-0.15542612969875336,1.016362190246582]","[-0.2671632170677185,0.28667983412742615,-0.5959563851356506,0.7009097337722778]","[0.26393091678619385,-0.23126304149627686,-0.19188900291919708]","[2.1698825359344482,0.9219796657562256,0.3095565140247345]","[-0.1599999964237213,-0.30000001192092896,0.7400000095367432]","[0.7070000171661377,0.7070000171661377,0.0,0.0]","[-0.03543539345264435,-0.2050648033618927,1.1226308345794678]","[0.14026673138141632,0.7128115892410278,0.6866540908813477,-0.02703719772398472]","[""right_finger2_link3"",""right_finger2_link4"",""right_finger3_link3"",""right_finger3_link4"",""right_finger4_link3"",""right_finger4_link4""]","[[0.014971140772104263,-0.25141316652297974,0.9972835183143616],[0.01733044907450676,-0.2509766221046448,0.9678812026977539],[-0.014173655770719051,-0.25552040338516235,0.9966524243354797],[-0.013201834633946419,-0.255106121301651,0.9671713709831238],[-0.03886505216360092,-0.2520267069339752,0.9978709816932678],[-0.03914527967572212,-0.25250500440597534,0.9683762192726135]]","[0.0,0.0,0.0,0.0,47.261640873054574,0.0]","[[0.0,0.0,0.0],[0.0,0.0,0.0],[0.0,0.0,0.0],[0.0,0.0,0.0],[1.5539709329605103,-6.949415683746338,-46.72208786010742],[0.0,0.0,0.0]]",0.0,"[0.0,0.0,0.0]",0.0,"[0.0,0.0,0.0]",[],[],False,False,False,False,False,[],-0.0155956675574217,0.14461004068332173,47.01070025347683,0.14674711686783593,47.01070025347683,0.0,0.0,0,0,0,True,HARD_FORCE_ABORT,True
36,attempt_0,FAILED,"[-0.035388100892305374,-0.2050756961107254,1.1225982904434204,2.8993570804595947,0.15438619256019592,-1.5146386623382568,0.03889813274145126,-0.030421415343880653,-0.03418553248047829,-0.07013626396656036,0.03362002968788147,-0.055154625326395035,-0.1415351778268814,-0.1404801458120346,-0.10283523797988892,-0.2401719093322754,0.36911439895629883,0.36572951078414917,0.3692900538444519,0.35979196429252625,0.3582278788089752,0.3633313775062561,0.37288013100624084,0.37104758620262146,0.3660470247268677,0.3678779602050781]","[-0.049019116908311844,-0.19217970967292786,1.1160317659378052,2.8825559616088867,0.15894357860088348,-1.5429998636245728,0.038880009204149246,-0.030385009944438934,-0.03416500985622406,-0.03003498911857605,-0.03258999437093735,-0.05515999346971512,-0.14153999090194702,-0.14048998057842255,-0.14468999207019806,-0.14710499346256256,0.36910131573677063,0.36573249101638794,0.36931121349334717,0.3636675179004669,0.3627399802207947,0.3633349537849426,0.3728812336921692,0.3710786998271942,0.3659687340259552,0.37119248509407043]","[-0.049019118701466774,-0.19217971644579906,1.1160317348816973,2.8825559180792415,0.1589435743175724,-1.5429998466092598,0.038880009204149246,-0.030385009944438934,-0.03416500985622406,-0.03003498911857605,-0.03258999437093735,-0.05515999346971512,-0.14153999090194702,-0.14048998057842255,-0.14468999207019806,-0.14710499346256256,0.36910131573677063,0.36573249101638794,0.36931121349334717,0.3636675179004669,0.3627399802207947,0.3633349537849426,0.3728812336921692,0.3710786998271942,0.3659687340259552,0.37119248509407043]","[-0.01363101601600647,0.012895986437797546,-0.006566524505615234,-0.016801118850708008,0.004557386040687561,-0.028361201286315918,-1.8123537302017212e-05,3.6405399441719055e-05,2.0522624254226685e-05,0.040101274847984314,-0.06621002405881882,-5.368143320083618e-06,-4.813075065612793e-06,-9.834766387939453e-06,-0.04185475409030914,0.09306691586971283,-1.3083219528198242e-05,2.9802322387695312e-06,2.1159648895263672e-05,0.003875553607940674,0.004512101411819458,3.5762786865234375e-06,1.1026859283447266e-06,3.1113624572753906e-05,-7.829070091247559e-05,0.0033145248889923096]","[0.11598944664001465,-0.1554318517446518,1.0162731409072876]","[-0.2670528292655945,0.28679394721984863,-0.5960045456886292,0.7008641958236694]","[0.2630106806755066,-0.2336055040359497,-0.1907339096069336]","[2.205482006072998,0.8324195742607117,0.33633384108543396]","[-0.1599999964237213,-0.30000001192092896,0.7400000095367432]","[0.7070000171661377,0.7070000171661377,0.0,0.0]","[-0.03538796305656433,-0.20507563650608063,1.1225981712341309]","[0.14012658596038818,0.712807834148407,0.6866830587387085,-0.02712610363960266]","[""right_finger2_link3"",""right_finger2_link4"",""right_finger3_link3"",""right_finger3_link4"",""right_finger4_link3"",""right_finger4_link4""]","[[0.014978162944316864,-0.251413494348526,0.997230589389801],[0.017327839508652687,-0.2509745955467224,0.9678276181221008],[-0.014166820794343948,-0.2555210590362549,0.9966087937355042],[-0.01320467796176672,-0.2551043927669525,0.9671274423599243],[-0.03885795921087265,-0.25202637910842896,0.997835099697113],[-0.03914789855480194,-0.252500981092453,0.9683403372764587]]","[0.0,0.0,0.0,0.0,46.99904871959191,0.0]","[[0.0,0.0,0.0],[0.0,0.0,0.0],[0.0,0.0,0.0],[0.0,0.0,0.0],[1.5423892736434937,-6.905097007751465,-46.46343994140625],[0.0,0.0,0.0]]",0.0,"[0.0,0.0,0.0]",0.0,"[0.0,0.0,0.0]",[],[],False,False,False,False,False,[],-0.015628043166997063,0.1446060113748198,47.01017290414518,0.1467249399657985,47.01017290414518,0.0,0.0,0,0,0,True,HARD_FORCE_ABORT,True
37,attempt_0,FAILED,"[-0.03534463047981262,-0.20508702099323273,1.1225671768188477,2.899437665939331,0.1540989875793457,-1.514723777770996,0.03889855369925499,-0.03042306751012802,-0.034185346215963364,-0.07011202722787857,0.03366495296359062,-0.055154237896203995,-0.1415349543094635,-0.14048077166080475,-0.10283686220645905,-0.24020248651504517,0.36911505460739136,0.3657290041446686,0.36928820610046387,0.3597984313964844,0.3581776022911072,0.36333122849464417,0.37287935614585876,0.371052086353302,0.3660365045070648,0.36792486906051636]","[-0.049019116908311844,-0.19217970967292786,1.1160317659378052,2.8825559616088867,0.15894357860088348,-1.5429998636245728,0.038880009204149246,-0.030385009944438934,-0.03416500985622406,-0.03003498911857605,-0.03258999437093735,-0.05515999346971512,-0.14153999090194702,-0.14048998057842255,-0.14468999207019806,-0.14710499346256256,0.36910131573677063,0.36573249101638794,0.36931121349334717,0.3636675179004669,0.3627399802207947,0.3633349537849426,0.3728812336921692,0.3710786998271942,0.3659687340259552,0.37119248509407043]","[-0.049019118701466774,-0.19217971644579906,1.1160317348816973,2.8825559180792415,0.1589435743175724,-1.5429998466092598,0.038880009204149246,-0.030385009944438934,-0.03416500985622406,-0.03003498911857605,-0.03258999437093735,-0.05515999346971512,-0.14153999090194702,-0.14048998057842255,-0.14468999207019806,-0.14710499346256256,0.36910131573677063,0.36573249101638794,0.36931121349334717,0.3636675179004669,0.3627399802207947,0.3633349537849426,0.3728812336921692,0.3710786998271942,0.3659687340259552,0.37119248509407043]","[-0.013674486428499222,0.01290731132030487,-0.0065354108810424805,-0.016881704330444336,0.004844591021537781,-0.02827608585357666,-1.8544495105743408e-05,3.8057565689086914e-05,2.033635973930359e-05,0.04007703810930252,-0.06625494360923767,-5.755573511123657e-06,-5.036592483520508e-06,-9.208917617797852e-06,-0.041853129863739014,0.0930974930524826,-1.3738870620727539e-05,3.4868717193603516e-06,2.300739288330078e-05,0.003869086503982544,0.0045623779296875,3.725290298461914e-06,1.8775463104248047e-06,2.6613473892211914e-05,-6.777048110961914e-05,0.003267616033554077]","[0.11600524187088013,-0.15543919801712036,1.0161734819412231]","[-0.26691603660583496,0.28692862391471863,-0.5960505604743958,0.7008220553398132]","[0.26073122024536133,-0.23523512482643127,-0.18705593049526215]","[2.229879379272461,0.8523099422454834,0.3421710729598999]","[-0.1599999964237213,-0.30000001192092896,0.7400000095367432]","[0.7070000171661377,0.7070000171661377,0.0,0.0]","[-0.03534449264407158,-0.20508696138858795,1.122567057609558]","[0.13999991118907928,0.7128041386604309,0.6867095232009888,-0.027208512648940086]","[""right_finger2_link3"",""right_finger2_link4"",""right_finger3_link3"",""right_finger3_link4"",""right_finger4_link3"",""right_finger4_link4""]","[[0.01498474646359682,-0.2514156997203827,0.9971814155578613],[0.017325634136795998,-0.2509748339653015,0.9677777886390686],[-0.014160421676933765,-0.25552353262901306,0.996567964553833],[-0.013207127340137959,-0.2551048696041107,0.9670863747596741],[-0.03885113075375557,-0.252028226852417,0.9978013634681702],[-0.03914983198046684,-0.25249993801116943,0.9683066606521606]]","[0.0,0.0,0.0,0.0,46.98738106815484,0.0]","[[0.0,0.0,0.0],[0.0,0.0,0.0],[0.0,0.0,0.0],[0.0,0.0,0.0],[1.525901436805725,-6.903528213500977,-46.452415466308594],[0.0,0.0,0.0]]",0.0,"[0.0,0.0,0.0]",0.0,"[0.0,0.0,0.0]",[],[],False,False,False,False,False,[],-0.015669403459067532,0.1446006947200297,47.009386889437145,0.14669932125877072,47.009386889437145,0.0,0.0,0,0,0,True,HARD_FORCE_ABORT,True
38,attempt_0,FAILED,"[-0.035304564982652664,-0.2050967961549759,1.122538685798645,2.8995118141174316,0.15383467078208923,-1.51480233669281,0.038900624960660934,-0.030424190685153008,-0.03418561816215515,-0.07009822130203247,0.03370555117726326,-0.055153585970401764,-0.1415347158908844,-0.14048068225383759,-0.1028345599770546,-0.2402273565530777,0.3691174387931824,0.3657298982143402,0.36928778886795044,0.3598029613494873,0.3581331670284271,0.36333149671554565,0.3728780448436737,0.3710557818412781,0.3660276532173157,0.3679681718349457]","[-0.049019116908311844,-0.19217970967292786,1.1160317659378052,2.8825559616088867,0.15894357860088348,-1.5429998636245728,0.038880009204149246,-0.030385009944438934,-0.03416500985622406,-0.03003498911857605,-0.03258999437093735,-0.05515999346971512,-0.14153999090194702,-0.14048998057842255,-0.14468999207019806,-0.14710499346256256,0.36910131573677063,0.36573249101638794,0.36931121349334717,0.3636675179004669,0.3627399802207947,0.3633349537849426,0.3728812336921692,0.3710786998271942,0.3659687340259552,0.37119248509407043]","[-0.049019118701466774,-0.19217971644579906,1.1160317348816973,2.8825559180792415,0.1589435743175724,-1.5429998466092598,0.038880009204149246,-0.030385009944438934,-0.03416500985622406,-0.03003498911857605,-0.03258999437093735,-0.05515999346971512,-0.14153999090194702,-0.14048998057842255,-0.14468999207019806,-0.14710499346256256,0.36910131573677063,0.36573249101638794,0.36931121349334717,0.3636675179004669,0.3627399802207947,0.3633349537849426,0.3728812336921692,0.3710786998271942,0.3659687340259552,0.37119248509407043]","[-0.01371455192565918,0.012917086482048035,-0.006506919860839844,-0.016955852508544922,0.0051089078187942505,-0.028197526931762695,-2.0615756511688232e-05,3.918074071407318e-05,2.060830593109131e-05,0.04006323218345642,-0.0662955492734909,-6.407499313354492e-06,-5.27501106262207e-06,-9.298324584960938e-06,-0.04185543209314346,0.09312236309051514,-1.6123056411743164e-05,2.592802047729492e-06,2.3424625396728516e-05,0.0038645565509796143,0.004606813192367554,3.4570693969726562e-06,3.1888484954833984e-06,2.2917985916137695e-05,-5.891919136047363e-05,0.003224313259124756]","[0.11601713299751282,-0.15544256567955017,1.01610267162323]","[-0.2668359577655792,0.28701648116111755,-0.5960934162139893,0.7007800936698914]","[0.25713545083999634,-0.23759090900421143,-0.1856178343296051]","[2.196869373321533,0.9053723216056824,0.34720125794410706]","[-0.1599999964237213,-0.30000001192092896,0.7400000095367432]","[0.7070000171661377,0.7070000171661377,0.0,0.0]","[-0.03530442714691162,-0.20509673655033112,1.1225385665893555]","[0.13988344371318817,0.7128006219863892,0.6867338418960571,-0.02728446200489998]","[""right_finger2_link3"",""right_finger2_link4"",""right_finger3_link3"",""right_finger3_link4"",""right_finger4_link3"",""right_finger4_link4""]","[[0.01499086245894432,-0.2514171600341797,0.997136116027832],[0.01732366904616356,-0.2509744465351105,0.967731773853302],[-0.014154432341456413,-0.25552526116371155,0.9965304136276245],[-0.013209257274866104,-0.25510478019714355,0.9670485854148865],[-0.03884466737508774,-0.2520297169685364,0.9977706074714661],[-0.03915136680006981,-0.2524990439414978,0.9682759046554565]]","[0.0,0.0,0.0,0.0,47.01739333237442,0.0]","[[0.0,0.0,0.0],[0.0,0.0,0.0],[0.0,0.0,0.0],[0.0,0.0,0.0],[1.508014440536499,-6.909641265869141,-46.48244857788086],[0.0,0.0,0.0]]",0.0,"[0.0,0.0,0.0]",0.0,"[0.0,0.0,0.0]",[],[],False,False,False,False,False,[],-0.015692663685583752,0.14459875085904703,47.009199925411906,0.14668292359775886,47.009199925411906,0.0,0.0,0,0,0,True,HARD_FORCE_ABORT,True
39,attempt_0,FAILED,"[-0.03526945412158966,-0.20510384440422058,1.1225090026855469,2.8995516300201416,0.15360015630722046,-1.5148829221725464,0.0389019250869751,-0.030425608158111572,-0.034186094999313354,-0.07005756348371506,0.03373385965824127,-0.05515317991375923,-0.14153462648391724,-0.14048069715499878,-0.10284107178449631,-0.24020180106163025,0.3691188395023346,0.36573049426078796,0.3692867159843445,0.35981282591819763,0.3580702841281891,0.3633325695991516,0.3728766143321991,0.3710589110851288,0.36601993441581726,0.36801865696907043]","[-0.049019116908311844,-0.19217970967292786,1.1160317659378052,2.8825559616088867,0.15894357860088348,-1.5429998636245728,0.038880009204149246,-0.030385009944438934,-0.03416500985622406,-0.03003498911857605,-0.03258999437093735,-0.05515999346971512,-0.14153999090194702,-0.14048998057842255,-0.14468999207019806,-0.14710499346256256,0.36910131573677063,0.36573249101638794,0.36931121349334717,0.3636675179004669,0.3627399802207947,0.3633349537849426,0.3728812336921692,0.3710786998271942,0.3659687340259552,0.37119248509407043]","[-0.049019118701466774,-0.19217971644579906,1.1160317348816973,2.8825559180792415,0.1589435743175724,-1.5429998466092598,0.038880009204149246,-0.030385009944438934,-0.03416500985622406,-0.03003498911857605,-0.03258999437093735,-0.05515999346971512,-0.14153999090194702,-0.14048998057842255,-0.14468999207019806,-0.14710499346256256,0.36910131573677063,0.36573249101638794,0.36931121349334717,0.3636675179004669,0.3627399802207947,0.3633349537849426,0.3728812336921692,0.3710786998271942,0.3659687340259552,0.37119248509407043]","[-0.013749662786722183,0.012924134731292725,-0.006477236747741699,-0.016995668411254883,0.005343422293663025,-0.028116941452026367,-2.191588282585144e-05,4.059821367263794e-05,2.1085143089294434e-05,0.04002257436513901,-0.06632385402917862,-6.813555955886841e-06,-5.364418029785156e-06,-9.28342342376709e-06,-0.04184892028570175,0.09309680759906769,-1.7523765563964844e-05,1.996755599975586e-06,2.4497509002685547e-05,0.003854691982269287,0.004669696092605591,2.384185791015625e-06,4.6193599700927734e-06,1.9788742065429688e-05,-5.120038986206055e-05,0.003173828125]","[0.11602728068828583,-0.15544584393501282,1.0160413980484009]","[-0.2667727470397949,0.28708791732788086,-0.5961354970932007,0.7007390856742859]","[0.255270779132843,-0.23788310587406158,-0.18934094905853271]","[2.219358444213867,0.870867133140564,0.3505959212779999]","[-0.1599999964237213,-0.30000001192092896,0.7400000095367432]","[0.7070000171661377,0.7070000171661377,0.0,0.0]","[-0.035269320011138916,-0.2051037847995758,1.1225088834762573]","[0.13978925347328186,0.7127918601036072,0.6867591738700867,-0.027361541986465454]","[""right_finger2_link3"",""right_finger2_link4"",""right_finger3_link3"",""right_finger3_link4"",""right_finger4_link3"",""right_finger4_link4""]","[[0.014996024779975414,-0.2514197528362274,0.9970927834510803],[0.017321566119790077,-0.25097623467445374,0.9676879048347473],[-0.01414934266358614,-0.25552845001220703,0.9964941740036011],[-0.013211454264819622,-0.25510719418525696,0.9670121073722839],[-0.038839396089315414,-0.2520316541194916,0.9977397322654724],[-0.039153389632701874,-0.25249871611595154,0.9682451486587524]]","[0.0,0.0,0.0,0.0,46.95459793884433,0.0]","[[0.0,0.0,0.0],[0.0,0.0,0.0],[0.0,0.0,0.0],[0.0,0.0,0.0],[1.4936038255691528,-6.899639129638672,-46.42088317871094],[0.0,0.0,0.0]]",0.0,"[0.0,0.0,0.0]",0.0,"[0.0,0.0,0.0]",[],[],False,False,False,False,False,[],-0.015707874431514002,0.14459674634263264,47.0089791251681,0.1466684150169187,47.0089791251681,0.0,0.0,0,0,0,True,HARD_FORCE_ABORT,True
40,attempt_0,FAILED,"[-0.03523528575897217,-0.20511113107204437,1.1224839687347412,2.899620294570923,0.15337629616260529,-1.5149493217468262,0.03890308365225792,-0.030425598844885826,-0.034185897558927536,-0.07006455957889557,0.033750418573617935,-0.05515279993414879,-0.1415344923734665,-0.14048059284687042,-0.10282126814126968,-0.24025164544582367,0.36911991238594055,0.3657311797142029,0.3692872226238251,0.35981377959251404,0.35806599259376526,0.36333245038986206,0.37287580966949463,0.3710612952709198,0.36601266264915466,0.36804312467575073]","[-0.049019116908311844,-0.19217970967292786,1.1160317659378052,2.8825559616088867,0.15894357860088348,-1.5429998636245728,0.038880009204149246,-0.030385009944438934,-0.03416500985622406,-0.03003498911857605,-0.03258999437093735,-0.05515999346971512,-0.14153999090194702,-0.14048998057842255,-0.14468999207019806,-0.14710499346256256,0.36910131573677063,0.36573249101638794,0.36931121349334717,0.3636675179004669,0.3627399802207947,0.3633349537849426,0.3728812336921692,0.3710786998271942,0.3659687340259552,0.37119248509407043]","[-0.049019118701466774,-0.19217971644579906,1.1160317348816973,2.8825559180792415,0.1589435743175724,-1.5429998466092598,0.038880009204149246,-0.030385009944438934,-0.03416500985622406,-0.03003498911857605,-0.03258999437093735,-0.05515999346971512,-0.14153999090194702,-0.14048998057842255,-0.14468999207019806,-0.14710499346256256,0.36910131573677063,0.36573249101638794,0.36931121349334717,0.3636675179004669,0.3627399802207947,0.3633349537849426,0.3728812336921692,0.3710786998271942,0.3659687340259552,0.37119248509407043]","[-0.013783831149339676,0.012931421399116516,-0.006452202796936035,-0.017064332962036133,0.005567282438278198,-0.028050541877746582,-2.3074448108673096e-05,4.0588900446891785e-05,2.0887702703475952e-05,0.04002957046031952,-0.06634041666984558,-7.193535566329956e-06,-5.498528480529785e-06,-9.387731552124023e-06,-0.041868723928928375,0.09314665198326111,-1.8596649169921875e-05,1.3113021850585938e-06,2.3990869522094727e-05,0.003853738307952881,0.004673987627029419,2.5033950805664062e-06,5.424022674560547e-06,1.7404556274414062e-05,-4.392862319946289e-05,0.003149360418319702]","[0.1160382628440857,-0.15544947981834412,1.0159741640090942]","[-0.2666930854320526,0.2871728241443634,-0.5961739420890808,0.7007020115852356]","[0.25710228085517883,-0.2371450513601303,-0.18813754618167877]","[2.2076616287231445,0.8942335844039917,0.3457746207714081]","[-0.1599999964237213,-0.30000001192092896,0.7400000095367432]","[0.7070000171661377,0.7070000171661377,0.0,0.0]","[-0.03523515164852142,-0.2051110714673996,1.1224838495254517]","[0.13968855142593384,0.7127892971038818,0.6867796778678894,-0.027423879131674767]","[""right_finger2_link3"",""right_finger2_link4"",""right_finger3_link3"",""right_finger3_link4"",""right_finger4_link3"",""right_finger4_link4""]","[[0.015001418069005013,-0.25141921639442444,0.9970535039901733],[0.017320100218057632,-0.2509739398956299,0.9676481485366821],[-0.0141440499573946,-0.25552815198898315,0.9964613318443298],[-0.013213037513196468,-0.2551051378250122,0.9669790267944336],[-0.038833022117614746,-0.2520321011543274,0.9977129697799683],[-0.039153359830379486,-0.25249770283699036,0.9682183861732483]]","[0.0,0.0,0.0,0.0,47.13955947139537,0.0]","[[0.0,0.0,0.0],[0.0,0.0,0.0],[0.0,0.0,0.0],[0.0,0.0,0.0],[1.489128828048706,-6.925264835357666,-46.604305267333984],[0.0,0.0,0.0]]",0.0,"[0.0,0.0,0.0]",0.0,"[0.0,0.0,0.0]",[],[],False,False,False,False,False,[],-0.015731956569532524,0.1445945513316655,47.00871944773805,0.14665249790967322,47.00871944773805,0.0,0.0,0,0,0,True,HARD_FORCE_ABORT,True
41,attempt_0,FAILED,"[-0.03520335629582405,-0.20511800050735474,1.1224607229232788,2.899674654006958,0.1531693935394287,-1.5150067806243896,0.03890400379896164,-0.030425753444433212,-0.034185901284217834,-0.07006528973579407,0.03378069028258324,-0.0551525242626667,-0.14153441786766052,-0.140480637550354,-0.1028185561299324,-0.24027074873447418,0.36912059783935547,0.3657318949699402,0.3692874312400818,0.359815388917923,0.3580418527126312,0.3633324205875397,0.37287503480911255,0.3710634112358093,0.36600640416145325,0.36807379126548767]","[-0.049019116908311844,-0.19217970967292786,1.1160317659378052,2.8825559616088867,0.15894357860088348,-1.5429998636245728,0.038880009204149246,-0.030385009944438934,-0.03416500985622406,-0.03003498911857605,-0.03258999437093735,-0.05515999346971512,-0.14153999090194702,-0.14048998057842255,-0.14468999207019806,-0.14710499346256256,0.36910131573677063,0.36573249101638794,0.36931121349334717,0.3636675179004669,0.3627399802207947,0.3633349537849426,0.3728812336921692,0.3710786998271942,0.3659687340259552,0.37119248509407043]","[-0.049019118701466774,-0.19217971644579906,1.1160317348816973,2.8825559180792415,0.1589435743175724,-1.5429998466092598,0.038880009204149246,-0.030385009944438934,-0.03416500985622406,-0.03003498911857605,-0.03258999437093735,-0.05515999346971512,-0.14153999090194702,-0.14048998057842255,-0.14468999207019806,-0.14710499346256256,0.36910131573677063,0.36573249101638794,0.36931121349334717,0.3636675179004669,0.3627399802207947,0.3633349537849426,0.3728812336921692,0.3710786998271942,0.3659687340259552,0.37119248509407043]","[-0.013815760612487793,0.01293829083442688,-0.006428956985473633,-0.01711869239807129,0.005774185061454773,-0.027993083000183105,-2.399459481239319e-05,4.0743499994277954e-05,2.0891427993774414e-05,0.04003030061721802,-0.06637068092823029,-7.469207048416138e-06,-5.5730342864990234e-06,-9.34302806854248e-06,-0.041871435940265656,0.09316575527191162,-1.9282102584838867e-05,5.960464477539062e-07,2.378225326538086e-05,0.0038521289825439453,0.004698127508163452,2.5331974029541016e-06,6.198883056640625e-06,1.5288591384887695e-05,-3.7670135498046875e-05,0.0031186938285827637]","[0.11604596674442291,-0.1554488241672516,1.0159342288970947]","[-0.26666340231895447,0.28721708059310913,-0.5962063670158386,0.7006675601005554]","[0.2571759819984436,-0.2369687408208847,-0.18593934178352356]","[2.179111957550049,0.9217219948768616,0.3432732820510864]","[-0.1599999964237213,-0.30000001192092896,0.7400000095367432]","[0.7070000171661377,0.7070000171661377,0.0,0.0]","[-0.035203222185373306,-0.20511794090270996,1.1224606037139893]","[0.13959874212741852,0.7127876281738281,0.6867972612380981,-0.027484223246574402]","[""right_finger2_link3"",""right_finger2_link4"",""right_finger3_link3"",""right_finger3_link4"",""right_finger4_link3"",""right_finger4_link4""]","[[0.015006735920906067,-0.25142011046409607,0.9970172047615051],[0.017319124191999435,-0.2509734630584717,0.9676114320755005],[-0.01413886807858944,-0.25552913546562195,0.996431291103363],[-0.013214177452027798,-0.25510480999946594,0.9669488668441772],[-0.038827475160360336,-0.2520333230495453,0.9976882934570312],[-0.039154052734375,-0.2524975538253784,0.968193769454956]]","[0.0,0.0,0.0,0.0,47.05511774613436,0.0]","[[0.0,0.0,0.0],[0.0,0.0,0.0],[0.0,0.0,0.0],[0.0,0.0,0.0],[1.4744714498519897,-6.912538051605225,-46.5212516784668],[0.0,0.0,0.0]]",0.0,"[0.0,0.0,0.0]",0.0,"[0.0,0.0,0.0]",[],[],False,False,False,False,False,[],-0.015738050701270656,0.14459597183101044,47.00912754244944,0.14664572899125108,47.00912754244944,0.0,0.0,0,0,0,True,HARD_FORCE_ABORT,True
42,attempt_0,FAILED,"[-0.03517384082078934,-0.20512384176254272,1.1224385499954224,2.8997232913970947,0.152975931763649,-1.5150619745254517,0.03890455141663551,-0.03042561188340187,-0.03418583795428276,-0.07006374001502991,0.03380344435572624,-0.05515240505337715,-0.1415344476699829,-0.14048059284687042,-0.1028209924697876,-0.24028001725673676,0.3691209852695465,0.3657321631908417,0.3692876100540161,0.359817236661911,0.3580206036567688,0.3633323013782501,0.37287425994873047,0.3710653781890869,0.36600106954574585,0.3681020438671112]","[-0.049019116908311844,-0.19217970967292786,1.1160317659378052,2.8825559616088867,0.15894357860088348,-1.5429998636245728,0.038880009204149246,-0.030385009944438934,-0.03416500985622406,-0.03003498911857605,-0.03258999437093735,-0.05515999346971512,-0.14153999090194702,-0.14048998057842255,-0.14468999207019806,-0.14710499346256256,0.36910131573677063,0.36573249101638794,0.36931121349334717,0.3636675179004669,0.3627399802207947,0.3633349537849426,0.3728812336921692,0.3710786998271942,0.3659687340259552,0.37119248509407043]","[-0.049019118701466774,-0.19217971644579906,1.1160317348816973,2.8825559180792415,0.1589435743175724,-1.5429998466092598,0.038880009204149246,-0.030385009944438934,-0.03416500985622406,-0.03003498911857605,-0.03258999437093735,-0.05515999346971512,-0.14153999090194702,-0.14048998057842255,-0.14468999207019806,-0.14710499346256256,0.36910131573677063,0.36573249101638794,0.36931121349334717,0.3636675179004669,0.3627399802207947,0.3633349537849426,0.3728812336921692,0.3710786998271942,0.3659687340259552,0.37119248509407043]","[-0.013845276087522507,0.012944132089614868,-0.0064067840576171875,-0.017167329788208008,0.005967646837234497,-0.027937889099121094,-2.454221248626709e-05,4.06019389629364e-05,2.082809805870056e-05,0.04002875089645386,-0.06639343500137329,-7.588416337966919e-06,-5.543231964111328e-06,-9.387731552124023e-06,-0.04186899960041046,0.0931750237941742,-1.9669532775878906e-05,3.2782554626464844e-07,2.3603439331054688e-05,0.003850281238555908,0.004719376564025879,2.652406692504883e-06,6.973743438720703e-06,1.3321638107299805e-05,-3.2335519790649414e-05,0.0030904412269592285]","[0.11605355143547058,-0.1554493010044098,1.0158917903900146]","[-0.26662489771842957,0.2872663140296936,-0.5962364673614502,0.7006363868713379]","[0.2566179633140564,-0.23762331902980804,-0.18752579391002655]","[2.1886630058288574,0.8911581635475159,0.3504568636417389]","[-0.1599999964237213,-0.30000001192092896,0.7400000095367432]","[0.7070000171661377,0.7070000171661377,0.0,0.0]","[-0.035173702985048294,-0.20512378215789795,1.1224384307861328]","[0.1395154595375061,0.7127854824066162,0.6868143081665039,-0.02754160389304161]","[""right_finger2_link3"",""right_finger2_link4"",""right_finger3_link3"",""right_finger3_link4"",""right_finger4_link3"",""right_finger4_link4""]","[[0.01501133106648922,-0.2514205276966095,0.9969831705093384],[0.017317797988653183,-0.2509726583957672,0.9675769209861755],[-0.014134349301457405,-0.2555297911167145,0.9964027404785156],[-0.01321559026837349,-0.2551042437553406,0.9669201374053955],[-0.03882283344864845,-0.25203412771224976,0.9976649880409241],[-0.03915540128946304,-0.2524970471858978,0.9681705236434937]]","[0.0,0.0,0.0,0.0,47.05101368537898,0.0]","[[0.0,0.0,0.0],[0.0,0.0,0.0],[0.0,0.0,0.0],[0.0,0.0,0.0],[1.468165397644043,-6.909792900085449,-46.51770782470703],[0.0,0.0,0.0]]",0.0,"[0.0,0.0,0.0]",0.0,"[0.0,0.0,0.0]",[],[],False,False,False,False,False,[],-0.015747089277826642,0.1445963734298048,47.00934018505063,0.1466374428999901,47.00934018505063,0.0,0.0,0,0,0,True,HARD_FORCE_ABORT,True
43,attempt_0,FAILED,"[-0.035146161913871765,-0.20512831211090088,1.1224192380905151,2.899761438369751,0.15278495848178864,-1.515126347541809,0.03890387713909149,-0.030425485223531723,-0.0341855064034462,-0.07005389779806137,0.03381095454096794,-0.0551522821187973,-0.14153404533863068,-0.14048050343990326,-0.10283163189888,-0.24028031527996063,0.3691199719905853,0.3657316267490387,0.3692874610424042,0.35982030630111694,0.3580022156238556,0.3633319139480591,0.3728739023208618,0.3710668981075287,0.3659963011741638,0.3681282103061676]","[-0.049019116908311844,-0.19217970967292786,1.1160317659378052,2.8825559616088867,0.15894357860088348,-1.5429998636245728,0.038880009204149246,-0.030385009944438934,-0.03416500985622406,-0.03003498911857605,-0.03258999437093735,-0.05515999346971512,-0.14153999090194702,-0.14048998057842255,-0.14468999207019806,-0.14710499346256256,0.36910131573677063,0.36573249101638794,0.36931121349334717,0.3636675179004669,0.3627399802207947,0.3633349537849426,0.3728812336921692,0.3710786998271942,0.3659687340259552,0.37119248509407043]","[-0.049019118701466774,-0.19217971644579906,1.1160317348816973,2.8825559180792415,0.1589435743175724,-1.5429998466092598,0.038880009204149246,-0.030385009944438934,-0.03416500985622406,-0.03003498911857605,-0.03258999437093735,-0.05515999346971512,-0.14153999090194702,-0.14048998057842255,-0.14468999207019806,-0.14710499346256256,0.36910131573677063,0.36573249101638794,0.36931121349334717,0.3636675179004669,0.3627399802207947,0.3633349537849426,0.3728812336921692,0.3710786998271942,0.3659687340259552,0.37119248509407043]","[-0.013872954994440079,0.012948602437973022,-0.006387472152709961,-0.017205476760864258,0.006158620119094849,-0.027873516082763672,-2.3867934942245483e-05,4.0475279092788696e-05,2.049654722213745e-05,0.04001890867948532,-0.06640094518661499,-7.711350917816162e-06,-5.945563316345215e-06,-9.47713851928711e-06,-0.041858360171318054,0.09317532181739807,-1.8656253814697266e-05,8.642673492431641e-07,2.3752450942993164e-05,0.0038472115993499756,0.004737764596939087,3.039836883544922e-06,7.331371307373047e-06,1.1801719665527344e-05,-2.7567148208618164e-05,0.003064274787902832]","[0.11606496572494507,-0.155457004904747,1.0158132314682007]","[-0.26649904251098633,0.28738266229629517,-0.5962685942649841,0.7006091475486755]","[0.2577255368232727,-0.23754805326461792,-0.1998750865459442]","[2.1418538093566895,0.8336412310600281,0.35203656554222107]","[-0.1599999964237213,-0.30000001192092896,0.7400000095367432]","[0.7070000171661377,0.7070000171661377,0.0,0.0]","[-0.03514602407813072,-0.2051282525062561,1.1224191188812256]","[0.13943666219711304,0.7127790451049805,0.6868345141410828,-0.02760227397084236]","[""right_finger2_link3"",""right_finger2_link4"",""right_finger3_link3"",""right_finger3_link4"",""right_finger4_link3"",""right_finger4_link4""]","[[0.01501460000872612,-0.25142064690589905,0.996952474117279],[0.01731516793370247,-0.2509719133377075,0.967545747756958],[-0.014131123200058937,-0.25553029775619507,0.9963778257369995],[-0.013218277134001255,-0.2551039159297943,0.9668950438499451],[-0.038819827139377594,-0.25203466415405273,0.9976449608802795],[-0.03915855661034584,-0.2524963617324829,0.9681504964828491]]","[0.0,0.0,0.0,0.0,47.06653902097975,0.0]","[[0.0,0.0,0.0],[0.0,0.0,0.0],[0.0,0.0,0.0],[0.0,0.0,0.0],[1.46174955368042,-6.9106268882751465,-46.53348922729492],[0.0,0.0,0.0]]",0.0,"[0.0,0.0,0.0]",0.0,"[0.0,0.0,0.0]",[],[],False,False,False,False,False,[],-0.015783508509959354,0.14459056765309938,47.00833472293814,0.14661564435670896,47.00833472293814,0.0,0.0,0,0,0,True,HARD_FORCE_ABORT,True
44,attempt_0,FAILED,"[-0.03512302413582802,-0.20513230562210083,1.1224009990692139,2.8997960090637207,0.15261922776699066,-1.5151818990707397,0.03890442103147507,-0.030425263568758965,-0.03418544679880142,-0.07004916667938232,0.033829376101493835,-0.05515243113040924,-0.1415340006351471,-0.1404806226491928,-0.1028246060013771,-0.24030205607414246,0.3691207468509674,0.3657321035861969,0.36928799748420715,0.3598228693008423,0.35799017548561096,0.3633323311805725,0.37287360429763794,0.3710685968399048,0.36599230766296387,0.36814990639686584]","[-0.049019116908311844,-0.19217970967292786,1.1160317659378052,2.8825559616088867,0.15894357860088348,-1.5429998636245728,0.038880009204149246,-0.030385009944438934,-0.03416500985622406,-0.03003498911857605,-0.03258999437093735,-0.05515999346971512,-0.14153999090194702,-0.14048998057842255,-0.14468999207019806,-0.14710499346256256,0.36910131573677063,0.36573249101638794,0.36931121349334717,0.3636675179004669,0.3627399802207947,0.3633349537849426,0.3728812336921692,0.3710786998271942,0.3659687340259552,0.37119248509407043]","[-0.049019118701466774,-0.19217971644579906,1.1160317348816973,2.8825559180792415,0.1589435743175724,-1.5429998466092598,0.038880009204149246,-0.030385009944438934,-0.03416500985622406,-0.03003498911857605,-0.03258999437093735,-0.05515999346971512,-0.14153999090194702,-0.14048998057842255,-0.14468999207019806,-0.14710499346256256,0.36910131573677063,0.36573249101638794,0.36931121349334717,0.3636675179004669,0.3627399802207947,0.3633349537849426,0.3728812336921692,0.3710786998271942,0.3659687340259552,0.37119248509407043]","[-0.013896092772483826,0.012952595949172974,-0.006369233131408691,-0.017240047454833984,0.006324350833892822,-0.027817964553833008,-2.4411827325820923e-05,4.025362432003021e-05,2.043694257736206e-05,0.040014177560806274,-0.06641937047243118,-7.5623393058776855e-06,-5.990266799926758e-06,-9.357929229736328e-06,-0.04186538606882095,0.0931970626115799,-1.9431114196777344e-05,3.8743019104003906e-07,2.321600914001465e-05,0.003844648599624634,0.004749804735183716,2.6226043701171875e-06,7.62939453125e-06,1.0102987289428711e-05,-2.3573637008666992e-05,0.00304257869720459]","[0.11606965959072113,-0.15545889735221863,1.0157803297042847]","[-0.2664678692817688,0.28741708397865295,-0.5962905883789062,0.7005882859230042]","[0.25772881507873535,-0.23348045349121094,-0.1898333877325058]","[2.0914783477783203,0.9570484161376953,0.3228869140148163]","[-0.1599999964237213,-0.30000001192092896,0.7400000095367432]","[0.7070000171661377,0.7070000171661377,0.0,0.0]","[-0.035122886300086975,-0.20513223111629486,1.1224008798599243]","[0.13936786353588104,0.7127737998962402,0.6868516802787781,-0.02765432745218277]","[""right_finger2_link3"",""right_finger2_link4"",""right_finger3_link3"",""right_finger3_link4"",""right_finger4_link3"",""right_finger4_link4""]","[[0.015016546472907066,-0.25142064690589905,0.9969242215156555],[0.01731199026107788,-0.25097107887268066,0.967517077922821],[-0.014129236340522766,-0.2555307447910309,0.9963546395301819],[-0.013221529312431812,-0.25510352849960327,0.9668716788291931],[-0.038817424327135086,-0.2520352602005005,0.9976259469985962],[-0.03916105255484581,-0.25249600410461426,0.9681315422058105]]","[0.0,0.0,0.0,0.0,46.96617640650831,0.0]","[[0.0,0.0,0.0],[0.0,0.0,0.0],[0.0,0.0,0.0],[0.0,0.0,0.0],[1.442284345626831,-6.898597240447998,-46.43437194824219],[0.0,0.0,0.0]]",0.0,"[0.0,0.0,0.0]",0.0,"[0.0,0.0,0.0]",[],[],False,False,False,False,False,[],-0.015790023099341854,0.14458948494859877,47.00812693638336,0.14660784415492087,47.00812693638336,0.0,0.0,0,0,0,True,HARD_FORCE_ABORT,True
45,attempt_0,FAILED,"[-0.03510064259171486,-0.2051365077495575,1.1223822832107544,2.8998260498046875,0.15246422588825226,-1.5152266025543213,0.03890568017959595,-0.03042600490152836,-0.034185990691185,-0.07004156708717346,0.03388303145766258,-0.05515222251415253,-0.1415342539548874,-0.1404806226491928,-0.10283010452985764,-0.2402988076210022,0.36912253499031067,0.36573269963264465,0.36928728222846985,0.35982564091682434,0.357941597700119,0.3633324205875397,0.372872918844223,0.3710698187351227,0.3659893870353699,0.3681853711605072]","[-0.049019116908311844,-0.19217970967292786,1.1160317659378052,2.8825559616088867,0.15894357860088348,-1.5429998636245728,0.038880009204149246,-0.030385009944438934,-0.03416500985622406,-0.03003498911857605,-0.03258999437093735,-0.05515999346971512,-0.14153999090194702,-0.14048998057842255,-0.14468999207019806,-0.14710499346256256,0.36910131573677063,0.36573249101638794,0.36931121349334717,0.3636675179004669,0.3627399802207947,0.3633349537849426,0.3728812336921692,0.3710786998271942,0.3659687340259552,0.37119248509407043]","[-0.049019118701466774,-0.19217971644579906,1.1160317348816973,2.8825559180792415,0.1589435743175724,-1.5429998466092598,0.038880009204149246,-0.030385009944438934,-0.03416500985622406,-0.03003498911857605,-0.03258999437093735,-0.05515999346971512,-0.14153999090194702,-0.14048998057842255,-0.14468999207019806,-0.14710499346256256,0.36910131573677063,0.36573249101638794,0.36931121349334717,0.3636675179004669,0.3627399802207947,0.3633349537849426,0.3728812336921692,0.3710786998271942,0.3659687340259552,0.37119248509407043]","[-0.013918474316596985,0.012956798076629639,-0.006350517272949219,-0.01727008819580078,0.006479352712631226,-0.027773261070251465,-2.567097544670105e-05,4.099495708942413e-05,2.09808349609375e-05,0.04000657796859741,-0.06647302210330963,-7.770955562591553e-06,-5.736947059631348e-06,-9.357929229736328e-06,-0.041859887540340424,0.09319381415843964,-2.1219253540039062e-05,-2.086162567138672e-07,2.3931264877319336e-05,0.003841876983642578,0.004798382520675659,2.5331974029541016e-06,8.314847946166992e-06,8.881092071533203e-06,-2.065300941467285e-05,0.0030071139335632324]","[0.11607107520103455,-0.1554555594921112,1.0157828330993652]","[-0.2665131986141205,0.2873912453651428,-0.5963151454925537,0.7005606293678284]","[0.25610631704330444,-0.23719994723796844,-0.18799947202205658]","[2.085540294647217,0.9438590407371521,0.3356872498989105]","[-0.1599999964237213,-0.30000001192092896,0.7400000095367432]","[0.7070000171661377,0.7070000171661377,0.0,0.0]","[-0.035100504755973816,-0.20513644814491272,1.1223821640014648]","[0.13930420577526093,0.7127713561058044,0.6868652701377869,-0.02770325168967247]","[""right_finger2_link3"",""right_finger2_link4"",""right_finger3_link3"",""right_finger3_link4"",""right_finger4_link3"",""right_finger4_link4""]","[[0.015018956735730171,-0.2514216899871826,0.9968963861465454],[0.017309654504060745,-0.2509714365005493,0.9674888849258423],[-0.014126884751021862,-0.255531907081604,0.9963313341140747],[-0.01322393212467432,-0.25510403513908386,0.9668482542037964],[-0.038815077394247055,-0.2520361840724945,0.997606635093689],[-0.03916357830166817,-0.2524958848953247,0.9681122899055481]]","[0.0,0.0,0.0,0.0,46.91768688471565,0.0]","[[0.0,0.0,0.0],[0.0,0.0,0.0],[0.0,0.0,0.0],[0.0,0.0,0.0],[1.435707688331604,-6.89057731628418,-46.386722564697266],[0.0,0.0,0.0]]",0.0,"[0.0,0.0,0.0]",0.0,"[0.0,0.0,0.0]",[],[],False,False,False,False,False,[],-0.015770389037743415,0.14459260570089627,47.00873602944245,0.1466114341964234,47.00873602944245,0.0,0.0,0,0,0,True,HARD_FORCE_ABORT,True
46,attempt_0,FAILED,"[-0.035078439861536026,-0.20514021813869476,1.1223680973052979,2.8998517990112305,0.1523093730211258,-1.515282154083252,0.03890388831496239,-0.03042677789926529,-0.03418571501970291,-0.07003124803304672,0.03387811407446861,-0.05515224486589432,-0.1415340006351471,-0.14048102498054504,-0.10283927619457245,-0.24029695987701416,0.3691204786300659,0.365730881690979,0.36928582191467285,0.3598272502422333,0.35793280601501465,0.3633310794830322,0.37287330627441406,0.3710714280605316,0.36598655581474304,0.3682047426700592]","[-0.049019116908311844,-0.19217970967292786,1.1160317659378052,2.8825559616088867,0.15894357860088348,-1.5429998636245728,0.038880009204149246,-0.030385009944438934,-0.03416500985622406,-0.03003498911857605,-0.03258999437093735,-0.05515999346971512,-0.14153999090194702,-0.14048998057842255,-0.14468999207019806,-0.14710499346256256,0.36910131573677063,0.36573249101638794,0.36931121349334717,0.3636675179004669,0.3627399802207947,0.3633349537849426,0.3728812336921692,0.3710786998271942,0.3659687340259552,0.37119248509407043]","[-0.049019118701466774,-0.19217971644579906,1.1160317348816973,2.8825559180792415,0.1589435743175724,-1.5429998466092598,0.038880009204149246,-0.030385009944438934,-0.03416500985622406,-0.03003498911857605,-0.03258999437093735,-0.05515999346971512,-0.14153999090194702,-0.14048998057842255,-0.14468999207019806,-0.14710499346256256,0.36910131573677063,0.36573249101638794,0.36931121349334717,0.3636675179004669,0.3627399802207947,0.3633349537849426,0.3728812336921692,0.3710786998271942,0.3659687340259552,0.37119248509407043]","[-0.013940677046775818,0.012960508465766907,-0.006336331367492676,-0.01729583740234375,0.00663420557975769,-0.0277177095413208,-2.387911081314087e-05,4.176795482635498e-05,2.070516347885132e-05,0.03999625891447067,-0.06646810472011566,-7.748603820800781e-06,-5.990266799926758e-06,-8.955597877502441e-06,-0.04185071587562561,0.0931919664144516,-1.9162893295288086e-05,1.6093254089355469e-06,2.5391578674316406e-05,0.0038402676582336426,0.004807174205780029,3.874301910400391e-06,7.927417755126953e-06,7.271766662597656e-06,-1.7821788787841797e-05,0.0029877424240112305]","[0.11608099937438965,-0.15546301007270813,1.015711784362793]","[-0.2663975954055786,0.28749680519104004,-0.596342146396637,0.7005383372306824]","[0.2656444311141968,-0.22784189879894257,-0.2003871202468872]","[2.178194761276245,0.7839425206184387,0.3294673562049866]","[-0.1599999964237213,-0.30000001192092896,0.7400000095367432]","[0.7070000171661377,0.7070000171661377,0.0,0.0]","[-0.03507830202579498,-0.20514015853405,1.1223679780960083]","[0.13924211263656616,0.7127645611763,0.6868827939033508,-0.027754629030823708]","[""right_finger2_link3"",""right_finger2_link4"",""right_finger3_link3"",""right_finger3_link4"",""right_finger4_link3"",""right_finger4_link4""]","[[0.015021396800875664,-0.2514224648475647,0.9968731999397278],[0.01730729453265667,-0.2509717345237732,0.967465341091156],[-0.014124514535069466,-0.2555330693721771,0.9963128566741943],[-0.013226410374045372,-0.2551047205924988,0.9668295979499817],[-0.03881287947297096,-0.25203731656074524,0.9975920915603638],[-0.03916642442345619,-0.2524961233139038,0.9680978059768677]]","[0.0,0.0,0.0,0.0,47.084225128801464,0.0]","[[0.0,0.0,0.0],[0.0,0.0,0.0],[0.0,0.0,0.0],[0.0,0.0,0.0],[1.4438856840133667,-6.909998416900635,-46.55202865600586],[0.0,0.0,0.0]]",0.0,"[0.0,0.0,0.0]",0.0,"[0.0,0.0,0.0]",[],[],False,False,False,False,False,[],-0.015806766743698186,0.14458695883755385,47.00778568794063,0.14659132564874183,47.00778568794063,0.0,0.0,0,0,0,True,HARD_FORCE_ABORT,True
47,attempt_0,FAILED,"[-0.03506116569042206,-0.20514167845249176,1.122352957725525,2.8998656272888184,0.15217840671539307,-1.5153260231018066,0.03890369087457657,-0.030424419790506363,-0.034184910356998444,-0.07001765072345734,0.033957384526729584,-0.055152881890535355,-0.14153414964675903,-0.14048141241073608,-0.10284591466188431,-0.24029789865016937,0.3691205382347107,0.36573225259780884,0.3692883551120758,0.359836220741272,0.3578755855560303,0.3633316457271576,0.3728732168674469,0.371072381734848,0.3659833073616028,0.36824464797973633]","[-0.049019116908311844,-0.19217970967292786,1.1160317659378052,2.8825559616088867,0.15894357860088348,-1.5429998636245728,0.038880009204149246,-0.030385009944438934,-0.03416500985622406,-0.03003498911857605,-0.03258999437093735,-0.05515999346971512,-0.14153999090194702,-0.14048998057842255,-0.14468999207019806,-0.14710499346256256,0.36910131573677063,0.36573249101638794,0.36931121349334717,0.3636675179004669,0.3627399802207947,0.3633349537849426,0.3728812336921692,0.3710786998271942,0.3659687340259552,0.37119248509407043]","[-0.049019118701466774,-0.19217971644579906,1.1160317348816973,2.8825559180792415,0.1589435743175724,-1.5429998466092598,0.038880009204149246,-0.030385009944438934,-0.03416500985622406,-0.03003498911857605,-0.03258999437093735,-0.05515999346971512,-0.14153999090194702,-0.14048998057842255,-0.14468999207019806,-0.14710499346256256,0.36910131573677063,0.36573249101638794,0.36931121349334717,0.3636675179004669,0.3627399802207947,0.3633349537849426,0.3728812336921692,0.3710786998271942,0.3659687340259552,0.37119248509407043]","[-0.013957951217889786,0.012961968779563904,-0.0063211917877197266,-0.01730966567993164,0.0067651718854904175,-0.027673840522766113,-2.3681670427322388e-05,3.940984606742859e-05,1.9900500774383545e-05,0.03998266160488129,-0.06654737889766693,-7.111579179763794e-06,-5.841255187988281e-06,-8.568167686462402e-06,-0.04184407740831375,0.09319290518760681,-1.9222497940063477e-05,2.384185791015625e-07,2.2858381271362305e-05,0.0038312971591949463,0.004864394664764404,3.3080577850341797e-06,8.016824722290039e-06,6.318092346191406e-06,-1.4573335647583008e-05,0.0029478371143341064]","[0.11608374118804932,-0.15546517074108124,1.0156898498535156]","[-0.26637980341911316,0.2875158190727234,-0.5963584184646606,0.7005234360694885]","[0.25639811158180237,-0.23702691495418549,-0.18279314041137695]","[2.0935983657836914,0.9297965168952942,0.3358455300331116]","[-0.1599999964237213,-0.30000001192092896,0.7400000095367432]","[0.7070000171661377,0.7070000171661377,0.0,0.0]","[-0.035061027854681015,-0.20514161884784698,1.1223528385162354]","[0.13919256627559662,0.7127594351768494,0.6868962645530701,-0.027800336480140686]","[""right_finger2_link3"",""right_finger2_link4"",""right_finger3_link3"",""right_finger3_link4"",""right_finger4_link3"",""right_finger4_link4""]","[[0.0150219164788723,-0.25142237544059753,0.9968507885932922],[0.017303740605711937,-0.25097131729125977,0.9674426913261414],[-0.014124004170298576,-0.255533367395401,0.9962944984436035],[-0.013229956850409508,-0.2551046907901764,0.9668111801147461],[-0.03881242498755455,-0.2520373463630676,0.9975768327713013],[-0.039170119911432266,-0.25249525904655457,0.9680825471878052]]","[0.0,0.0,0.0,0.0,46.642563857221816,0.0]","[[0.0,0.0,0.0],[0.0,0.0,0.0],[0.0,0.0,0.0],[0.0,0.0,0.0],[1.415637493133545,-6.847923755645752,-46.11540603637695],[0.0,0.0,0.0]]",0.0,"[0.0,0.0,0.0]",0.0,"[0.0,0.0,0.0]",[],[],False,False,False,False,False,[],-0.015808481924686424,0.14458538760557416,47.007505086309386,0.14658528687443523,47.007505086309386,0.0,0.0,0,0,0,True,HARD_FORCE_ABORT,True
48,attempt_0,FAILED,"[-0.03504347801208496,-0.20514631271362305,1.1223374605178833,2.899886131286621,0.1520562767982483,-1.5153652429580688,0.038904547691345215,-0.030427448451519012,-0.03418595716357231,-0.0700201541185379,0.0339493565261364,-0.0551525354385376,-0.14153455197811127,-0.14048130810260773,-0.10283927619457245,-0.24030892550945282,0.36912164092063904,0.3657313883304596,0.36928534507751465,0.3598319888114929,0.35787490010261536,0.3633316159248352,0.3728732764720917,0.37107351422309875,0.3659821152687073,0.3682582676410675]","[-0.049019116908311844,-0.19217970967292786,1.1160317659378052,2.8825559616088867,0.15894357860088348,-1.5429998636245728,0.038880009204149246,-0.030385009944438934,-0.03416500985622406,-0.03003498911857605,-0.03258999437093735,-0.05515999346971512,-0.14153999090194702,-0.14048998057842255,-0.14468999207019806,-0.14710499346256256,0.36910131573677063,0.36573249101638794,0.36931121349334717,0.3636675179004669,0.3627399802207947,0.3633349537849426,0.3728812336921692,0.3710786998271942,0.3659687340259552,0.37119248509407043]","[-0.049019118701466774,-0.19217971644579906,1.1160317348816973,2.8825559180792415,0.1589435743175724,-1.5429998466092598,0.038880009204149246,-0.030385009944438934,-0.03416500985622406,-0.03003498911857605,-0.03258999437093735,-0.05515999346971512,-0.14153999090194702,-0.14048998057842255,-0.14468999207019806,-0.14710499346256256,0.36910131573677063,0.36573249101638794,0.36931121349334717,0.3636675179004669,0.3627399802207947,0.3633349537849426,0.3728812336921692,0.3710786998271942,0.3659687340259552,0.37119248509407043]","[-0.013975638896226883,0.01296660304069519,-0.006305694580078125,-0.017330169677734375,0.006887301802635193,-0.027634620666503906,-2.4538487195968628e-05,4.2438507080078125e-05,2.0947307348251343e-05,0.03998516499996185,-0.06653934717178345,-7.458031177520752e-06,-5.4389238357543945e-06,-8.672475814819336e-06,-0.04185071587562561,0.09320393204689026,-2.0325183868408203e-05,1.1026859283447266e-06,2.586841583251953e-05,0.003835529088973999,0.004865080118179321,3.337860107421875e-06,7.957220077514648e-06,5.185604095458984e-06,-1.3381242752075195e-05,0.0029342174530029297]","[0.11608803272247314,-0.1554662436246872,1.0156646966934204]","[-0.2663611173629761,0.28754016757011414,-0.5963795781135559,0.7005025744438171]","[0.2637415826320648,-0.23116132616996765,-0.192300483584404]","[2.1436636447906494,0.8756322264671326,0.3171426057815552]","[-0.1599999964237213,-0.30000001192092896,0.7400000095367432]","[0.7070000171661377,0.7070000171661377,0.0,0.0]","[-0.03504334017634392,-0.20514625310897827,1.1223373413085938]","[0.13914357125759125,0.7127557992935181,0.6869084239006042,-0.0278402678668499]","[""right_finger2_link3"",""right_finger2_link4"",""right_finger3_link3"",""right_finger3_link4"",""right_finger4_link3"",""right_finger4_link4""]","[[0.015023957937955856,-0.2514248490333557,0.9968283176422119],[0.01730203628540039,-0.2509734630584717,0.9674199223518372],[-0.014121992513537407,-0.2555360496044159,0.9962755441665649],[-0.013231713324785233,-0.255107045173645,0.966792106628418],[-0.03881002590060234,-0.252040296792984,0.9975611567497253],[-0.039171334356069565,-0.2524980306625366,0.968066930770874]]","[0.0,0.0,0.0,0.0,47.032188455163435,0.0]","[[0.0,0.0,0.0],[0.0,0.0,0.0],[0.0,0.0,0.0],[0.0,0.0,0.0],[1.4244117736816406,-6.904200077056885,-46.500858306884766],[0.0,0.0,0.0]]",0.0,"[0.0,0.0,0.0]",0.0,"[0.0,0.0,0.0]",[],[],False,False,False,False,False,[],-0.01581176701263287,0.14458489704700062,47.00745206572644,0.14657965508041151,47.00745206572644,0.0,0.0,0,0,0,True,HARD_FORCE_ABORT,True
49,attempt_0,FAILED,"[-0.035026658326387405,-0.20514748990535736,1.1223254203796387,2.899895191192627,0.15193380415439606,-1.5154104232788086,0.0389041006565094,-0.03042583353817463,-0.034185394644737244,-0.07000727951526642,0.03398296236991882,-0.05515248328447342,-0.14153413474559784,-0.14048120379447937,-0.10285429656505585,-0.2402946799993515,0.3691212236881256,0.3657315671443939,0.36928683519363403,0.3598380386829376,0.35783976316452026,0.36333155632019043,0.372872918844223,0.3710741102695465,0.3659795820713043,0.3682875335216522]","[-0.049019116908311844,-0.19217970967292786,1.1160317659378052,2.8825559616088867,0.15894357860088348,-1.5429998636245728,0.038880009204149246,-0.030385009944438934,-0.03416500985622406,-0.03003498911857605,-0.03258999437093735,-0.05515999346971512,-0.14153999090194702,-0.14048998057842255,-0.14468999207019806,-0.14710499346256256,0.36910131573677063,0.36573249101638794,0.36931121349334717,0.3636675179004669,0.3627399802207947,0.3633349537849426,0.3728812336921692,0.3710786998271942,0.3659687340259552,0.37119248509407043]","[-0.049019118701466774,-0.19217971644579906,1.1160317348816973,2.8825559180792415,0.1589435743175724,-1.5429998466092598,0.038880009204149246,-0.030385009944438934,-0.03416500985622406,-0.03003498911857605,-0.03258999437093735,-0.05515999346971512,-0.14153999090194702,-0.14048998057842255,-0.14468999207019806,-0.14710499346256256,0.36910131573677063,0.36573249101638794,0.36931121349334717,0.3636675179004669,0.3627399802207947,0.3633349537849426,0.3728812336921692,0.3710786998271942,0.3659687340259552,0.37119248509407043]","[-0.013992458581924438,0.012967780232429504,-0.006293654441833496,-0.017339229583740234,0.007009774446487427,-0.02758944034576416,-2.4091452360153198e-05,4.0823593735694885e-05,2.0384788513183594e-05,0.03997229039669037,-0.06657295674085617,-7.510185241699219e-06,-5.856156349182129e-06,-8.77678394317627e-06,-0.04183569550514221,0.09318968653678894,-1.990795135498047e-05,9.238719940185547e-07,2.4378299713134766e-05,0.003829479217529297,0.004900217056274414,3.3974647521972656e-06,8.314847946166992e-06,4.589557647705078e-06,-1.0848045349121094e-05,0.002904951572418213]","[0.1160936951637268,-0.15547174215316772,1.015625]","[-0.2663012146949768,0.2875942885875702,-0.5964033007621765,0.7004828453063965]","[0.2574943006038666,-0.23782578110694885,-0.19660809636116028]","[2.0743839740753174,0.8515443801879883,0.34605780243873596]","[-0.1599999964237213,-0.30000001192092896,0.7400000095367432]","[0.7070000171661377,0.7070000171661377,0.0,0.0]","[-0.03502652049064636,-0.20514743030071259,1.1223253011703491]","[0.13909848034381866,0.7127494812011719,0.6869223713874817,-0.027884716168045998]","[""right_finger2_link3"",""right_finger2_link4"",""right_finger3_link3"",""right_finger3_link4"",""right_finger4_link3"",""right_finger4_link4""]","[[0.01502515934407711,-0.25142502784729004,0.996809720993042],[0.01729941926896572,-0.25097349286079407,0.9674009084701538],[-0.014120816253125668,-0.25553661584854126,0.9962607622146606],[-0.013234361074864864,-0.25510749220848083,0.9667771458625793],[-0.03880930319428444,-0.2520406246185303,0.9975494146347046],[-0.039174776524305344,-0.25249770283699036,0.9680551886558533]]","[0.0,0.0,0.0,0.0,46.7988221716737,0.0]","[[0.0,0.0,0.0],[0.0,0.0,0.0],[0.0,0.0,0.0],[0.0,0.0,0.0],[1.4136658906936646,-6.868504524230957,-46.27045440673828],[0.0,0.0,0.0]]",0.0,"[0.0,0.0,0.0]",0.0,"[0.0,0.0,0.0]",[],[],False,False,False,False,False,[],-0.015827569997780344,0.14458043091108655,47.0066241643829,0.14656712465703514,47.0066241643829,0.0,0.0,0,0,0,True,HARD_FORCE_ABORT,True
50,attempt_0,FAILED,"[-0.03501215577125549,-0.20514972507953644,1.122314453125,2.8999154567718506,0.15183255076408386,-1.5154486894607544,0.03890421614050865,-0.03042721562087536,-0.034185778349637985,-0.07001130282878876,0.03395833820104599,-0.055152520537376404,-0.14153431355953217,-0.14048127830028534,-0.1028376892209053,-0.2403222918510437,0.3691214621067047,0.3657311499118805,0.36928555369377136,0.3598347306251526,0.3578629493713379,0.36333197355270386,0.37287279963493347,0.3710750937461853,0.36597827076911926,0.36828914284706116]","[-0.049019116908311844,-0.19217970967292786,1.1160317659378052,2.8825559616088867,0.15894357860088348,-1.5429998636245728,0.038880009204149246,-0.030385009944438934,-0.03416500985622406,-0.03003498911857605,-0.03258999437093735,-0.05515999346971512,-0.14153999090194702,-0.14048998057842255,-0.14468999207019806,-0.14710499346256256,0.36910131573677063,0.36573249101638794,0.36931121349334717,0.3636675179004669,0.3627399802207947,0.3633349537849426,0.3728812336921692,0.3710786998271942,0.3659687340259552,0.37119248509407043]","[-0.049019118701466774,-0.19217971644579906,1.1160317348816973,2.8825559180792415,0.1589435743175724,-1.5429998466092598,0.038880009204149246,-0.030385009944438934,-0.03416500985622406,-0.03003498911857605,-0.03258999437093735,-0.05515999346971512,-0.14153999090194702,-0.14048998057842255,-0.14468999207019806,-0.14710499346256256,0.36910131573677063,0.36573249101638794,0.36931121349334717,0.3636675179004669,0.3627399802207947,0.3633349537849426,0.3728812336921692,0.3710786998271942,0.3659687340259552,0.37119248509407043]","[-0.01400696113705635,0.012970015406608582,-0.006282687187194824,-0.017359495162963867,0.007111027836799622,-0.02755117416381836,-2.4206936359405518e-05,4.2205676436424255e-05,2.076849341392517e-05,0.03997631371021271,-0.06654833257198334,-7.4729323387146e-06,-5.677342414855957e-06,-8.702278137207031e-06,-0.041852302849292755,0.09321729838848114,-2.014636993408203e-05,1.341104507446289e-06,2.5659799575805664e-05,0.003832787275314331,0.004877030849456787,2.9802322387695312e-06,8.434057235717773e-06,3.606081008911133e-06,-9.5367431640625e-06,0.0029033422470092773]","[0.11609844863414764,-0.15547381341457367,1.0155905485153198]","[-0.26625320315361023,0.2876403033733368,-0.5964140295982361,0.7004732489585876]","[0.25687915086746216,-0.23305344581604004,-0.191648930311203]","[2.128077507019043,0.8986122012138367,0.3307726979255676]","[-0.1599999964237213,-0.30000001192092896,0.7400000095367432]","[0.7070000171661377,0.7070000171661377,0.0,0.0]","[-0.03501201793551445,-0.20514965057373047,1.1223143339157104]","[0.13905654847621918,0.7127446532249451,0.6869344711303711,-0.02791723981499672]","[""right_finger2_link3"",""right_finger2_link4"",""right_finger3_link3"",""right_finger3_link4"",""right_finger4_link3"",""right_finger4_link4""]","[[0.01502673514187336,-0.2514248788356781,0.996792733669281],[0.017297836020588875,-0.2509729564189911,0.9673837423324585],[-0.014119247905910015,-0.2555367946624756,0.996246874332428],[-0.013235973194241524,-0.2551072835922241,0.9667632579803467],[-0.038806941360235214,-0.25204136967658997,0.9975380897521973],[-0.03917514905333519,-0.2524982988834381,0.9680439829826355]]","[0.0,0.0,0.0,0.0,46.979544970751114,0.0]","[[0.0,0.0,0.0],[0.0,0.0,0.0],[0.0,0.0,0.0],[0.0,0.0,0.0],[1.411017656326294,-6.895369529724121,-46.44933319091797],[0.0,0.0,0.0]]",0.0,"[0.0,0.0,0.0]",0.0,"[0.0,0.0,0.0]",[],[],False,False,False,False,False,[],-0.015842371644095077,0.14457926700183132,47.00642753238534,0.1465589246190809,47.00642753238534,0.0,0.0,0,0,0,True,HARD_FORCE_ABORT,True
51,attempt_0,FAILED,"[-0.034997887909412384,-0.20515212416648865,1.122302532196045,2.8999297618865967,0.1517425775527954,-1.5154703855514526,0.03890508785843849,-0.03042723797261715,-0.03418601676821709,-0.07001549750566483,0.033985041081905365,-0.055152494460344315,-0.14153441786766052,-0.14048124849796295,-0.10283501446247101,-0.24032379686832428,0.36912238597869873,0.36573198437690735,0.36928579211235046,0.359834760427475,0.35784533619880676,0.3633323311805725,0.37287256121635437,0.37107574939727783,0.36597681045532227,0.36830660700798035]","[-0.049019116908311844,-0.19217970967292786,1.1160317659378052,2.8825559616088867,0.15894357860088348,-1.5429998636245728,0.038880009204149246,-0.030385009944438934,-0.03416500985622406,-0.03003498911857605,-0.03258999437093735,-0.05515999346971512,-0.14153999090194702,-0.14048998057842255,-0.14468999207019806,-0.14710499346256256,0.36910131573677063,0.36573249101638794,0.36931121349334717,0.3636675179004669,0.3627399802207947,0.3633349537849426,0.3728812336921692,0.3710786998271942,0.3659687340259552,0.37119248509407043]","[-0.049019118701466774,-0.19217971644579906,1.1160317348816973,2.8825559180792415,0.1589435743175724,-1.5429998466092598,0.038880009204149246,-0.030385009944438934,-0.03416500985622406,-0.03003498911857605,-0.03258999437093735,-0.05515999346971512,-0.14153999090194702,-0.14048998057842255,-0.14468999207019806,-0.14710499346256256,0.36910131573677063,0.36573249101638794,0.36931121349334717,0.3636675179004669,0.3627399802207947,0.3633349537849426,0.3728812336921692,0.3710786998271942,0.3659687340259552,0.37119248509407043]","[-0.01402122899889946,0.012972414493560791,-0.006270766258239746,-0.01737380027770996,0.007201001048088074,-0.027529478073120117,-2.5078654289245605e-05,4.222802817821503e-05,2.1006911993026733e-05,0.039980508387088776,-0.06657503545284271,-7.499009370803833e-06,-5.5730342864990234e-06,-8.732080459594727e-06,-0.04185497760772705,0.09321880340576172,-2.1070241928100586e-05,5.066394805908203e-07,2.54213809967041e-05,0.0038327574729919434,0.004894644021987915,2.6226043701171875e-06,8.672475814819336e-06,2.950429916381836e-06,-8.07642936706543e-06,0.002885878086090088]","[0.11610043048858643,-0.1554718315601349,1.0155867338180542]","[-0.2662726938724518,0.28763312101364136,-0.5964291095733643,0.7004557847976685]","[0.2580999732017517,-0.2368173897266388,-0.185556098818779]","[2.1306867599487305,0.9086197018623352,0.332706093788147]","[-0.1599999964237213,-0.30000001192092896,0.7400000095367432]","[0.7070000171661377,0.7070000171661377,0.0,0.0]","[-0.03499775379896164,-0.20515206456184387,1.1223024129867554]","[0.13902078568935394,0.7127442955970764,0.6869409084320068,-0.027946339920163155]","[""right_finger2_link3"",""right_finger2_link4"",""right_finger3_link3"",""right_finger3_link4"",""right_finger4_link3"",""right_finger4_link4""]","[[0.01502937637269497,-0.2514258921146393,0.9967756867408752],[0.017297755926847458,-0.2509736120700836,0.9673665761947632],[-0.014116666279733181,-0.2555377781391144,0.996232271194458],[-0.01323611568659544,-0.25510793924331665,0.9667485952377319],[-0.03880413994193077,-0.2520425319671631,0.9975260496139526],[-0.03917501121759415,-0.2524992823600769,0.9680319428443909]]","[0.0,0.0,0.0,0.0,46.895832167321245,0.0]","[[0.0,0.0,0.0],[0.0,0.0,0.0],[0.0,0.0,0.0],[0.0,0.0,0.0],[1.4022449254989624,-6.884279727935791,-46.3665771484375],[0.0,0.0,0.0]]",0.0,"[0.0,0.0,0.0]",0.0,"[0.0,0.0,0.0]",[],[],False,False,False,False,False,[],-0.01583389146118963,0.1445812242058476,47.00688157990675,0.14656007454194417,47.00688157990675,0.0,0.0,0,0,0,True,HARD_FORCE_ABORT,True
52,attempt_0,FAILED,"[-0.03498397395014763,-0.20515315234661102,1.1222935914993286,2.8999431133270264,0.15164577960968018,-1.5155019760131836,0.038904767483472824,-0.030426478013396263,-0.034185655415058136,-0.07001489400863647,0.03398105502128601,-0.055152349174022675,-0.14153416454792023,-0.14048098027706146,-0.10284456610679626,-0.2403121441602707,0.3691219389438629,0.36573195457458496,0.36928656697273254,0.359836220741272,0.35784032940864563,0.363332062959671,0.3728722929954529,0.3710758686065674,0.36597514152526855,0.368319034576416]","[-0.049019116908311844,-0.19217970967292786,1.1160317659378052,2.8825559616088867,0.15894357860088348,-1.5429998636245728,0.038880009204149246,-0.030385009944438934,-0.03416500985622406,-0.03003498911857605,-0.03258999437093735,-0.05515999346971512,-0.14153999090194702,-0.14048998057842255,-0.14468999207019806,-0.14710499346256256,0.36910131573677063,0.36573249101638794,0.36931121349334717,0.3636675179004669,0.3627399802207947,0.3633349537849426,0.3728812336921692,0.3710786998271942,0.3659687340259552,0.37119248509407043]","[-0.049019118701466774,-0.19217971644579906,1.1160317348816973,2.8825559180792415,0.1589435743175724,-1.5429998466092598,0.038880009204149246,-0.030385009944438934,-0.03416500985622406,-0.03003498911857605,-0.03258999437093735,-0.05515999346971512,-0.14153999090194702,-0.14048998057842255,-0.14468999207019806,-0.14710499346256256,0.36910131573677063,0.36573249101638794,0.36931121349334717,0.3636675179004669,0.3627399802207947,0.3633349537849426,0.3728812336921692,0.3710786998271942,0.3659687340259552,0.37119248509407043]","[-0.014035142958164215,0.012973442673683167,-0.0062618255615234375,-0.01738715171813965,0.007297798991203308,-0.02749788761138916,-2.475827932357788e-05,4.1468068957328796e-05,2.0645558834075928e-05,0.039979904890060425,-0.06657104939222336,-7.644295692443848e-06,-5.826354026794434e-06,-9.000301361083984e-06,-0.041845425963401794,0.09320715069770813,-2.0623207092285156e-05,5.364418029785156e-07,2.4646520614624023e-05,0.0038312971591949463,0.004899650812149048,2.8908252716064453e-06,8.940696716308594e-06,2.8312206268310547e-06,-6.407499313354492e-06,0.002873450517654419]","[0.11610716581344604,-0.1554759442806244,1.0155384540557861]","[-0.2661917805671692,0.2877081632614136,-0.5964469313621521,0.7004405856132507]","[0.2575426697731018,-0.23685160279273987,-0.20028260350227356]","[2.1346595287323,0.817458987236023,0.3533555269241333]","[-0.1599999964237213,-0.30000001192092896,0.7400000095367432]","[0.7070000171661377,0.7070000171661377,0.0,0.0]","[-0.034983836114406586,-0.20515309274196625,1.122293472290039]","[0.1389831304550171,0.712740957736969,0.6869505643844604,-0.027979085221886635]","[""right_finger2_link3"",""right_finger2_link4"",""right_finger3_link3"",""right_finger3_link4"",""right_finger4_link3"",""right_finger4_link4""]","[[0.015030911192297935,-0.25142553448677063,0.9967612624168396],[0.017296304926276207,-0.2509729564189911,0.9673519134521484],[-0.014115141704678535,-0.25553759932518005,0.9962210059165955],[-0.01323757879436016,-0.25510746240615845,0.9667372107505798],[-0.03880293667316437,-0.2520425021648407,0.9975171685218811],[-0.039177052676677704,-0.25249889492988586,0.9680230617523193]]","[0.0,0.0,0.0,0.0,47.03542141140808,0.0]","[[0.0,0.0,0.0],[0.0,0.0,0.0],[0.0,0.0,0.0],[0.0,0.0,0.0],[1.4072589874267578,-6.902094841003418,-46.50496292114258],[0.0,0.0,0.0]]",0.0,"[0.0,0.0,0.0]",0.0,"[0.0,0.0,0.0]",[],[],False,False,False,False,False,[],-0.01585889707299737,0.1445783973280988,47.006356380656264,0.14654740272384287,47.006356380656264,0.0,0.0,0,0,0,True,HARD_FORCE_ABORT,True
53,attempt_0,FAILED,"[-0.03497308865189552,-0.2051544040441513,1.1222854852676392,2.8999617099761963,0.15156978368759155,-1.5155267715454102,0.038903940469026566,-0.03042646497488022,-0.034185364842414856,-0.07001915574073792,0.0339716412127018,-0.0551527664065361,-0.14153416454792023,-0.1404813528060913,-0.10283300280570984,-0.2403324544429779,0.369121253490448,0.3657315671443939,0.36928626894950867,0.3598349392414093,0.35785675048828125,0.36333227157592773,0.3728724718093872,0.371076762676239,0.36597391963005066,0.36832040548324585]","[-0.049019116908311844,-0.19217970967292786,1.1160317659378052,2.8825559616088867,0.15894357860088348,-1.5429998636245728,0.038880009204149246,-0.030385009944438934,-0.03416500985622406,-0.03003498911857605,-0.03258999437093735,-0.05515999346971512,-0.14153999090194702,-0.14048998057842255,-0.14468999207019806,-0.14710499346256256,0.36910131573677063,0.36573249101638794,0.36931121349334717,0.3636675179004669,0.3627399802207947,0.3633349537849426,0.3728812336921692,0.3710786998271942,0.3659687340259552,0.37119248509407043]","[-0.049019118701466774,-0.19217971644579906,1.1160317348816973,2.8825559180792415,0.1589435743175724,-1.5429998466092598,0.038880009204149246,-0.030385009944438934,-0.03416500985622406,-0.03003498911857605,-0.03258999437093735,-0.05515999346971512,-0.14153999090194702,-0.14048998057842255,-0.14468999207019806,-0.14710499346256256,0.36910131573677063,0.36573249101638794,0.36931121349334717,0.3636675179004669,0.3627399802207947,0.3633349537849426,0.3728812336921692,0.3710786998271942,0.3659687340259552,0.37119248509407043]","[-0.01404602825641632,0.01297469437122345,-0.006253719329833984,-0.01740574836730957,0.007373794913291931,-0.027473092079162598,-2.3931264877319336e-05,4.145503044128418e-05,2.03549861907959e-05,0.039984166622161865,-0.06656163930892944,-7.227063179016113e-06,-5.826354026794434e-06,-8.627772331237793e-06,-0.04185698926448822,0.09322746098041534,-1.9937753677368164e-05,9.238719940185547e-07,2.4944543838500977e-05,0.003832578659057617,0.004883229732513428,2.682209014892578e-06,8.761882781982422e-06,1.9371509552001953e-06,-5.185604095458984e-06,0.002872079610824585]","[0.11611044406890869,-0.15547816455364227,1.0155138969421387]","[-0.2661585509777069,0.2877390384674072,-0.5964550971984863,0.7004334330558777]","[0.25614985823631287,-0.23738470673561096,-0.18636813759803772]","[2.1371827125549316,0.9126302599906921,0.3360294699668884]","[-0.1599999964237213,-0.30000001192092896,0.7400000095367432]","[0.7070000171661377,0.7070000171661377,0.0,0.0]","[-0.03497295081615448,-0.20515434443950653,1.1222853660583496]","[0.13895045220851898,0.7127389907836914,0.6869582533836365,-0.028001943603157997]","[""right_finger2_link3"",""right_finger2_link4"",""right_finger3_link3"",""right_finger3_link4"",""right_finger4_link3"",""right_finger4_link4""]","[[0.015032044611871243,-0.2514245808124542,0.9967484474182129],[0.017295094206929207,-0.25097158551216125,0.9673388600349426],[-0.014114048331975937,-0.255536824464798,0.9962102770805359],[-0.013238846324384212,-0.25510624051094055,0.9667264223098755],[-0.03880126401782036,-0.25204211473464966,0.9975086450576782],[-0.03917742520570755,-0.2524982988834381,0.9680145978927612]]","[0.0,0.0,0.0,0.0,46.92856436594527,0.0]","[[0.0,0.0,0.0],[0.0,0.0,0.0],[0.0,0.0,0.0],[0.0,0.0,0.0],[1.3936822414398193,-6.888470649719238,-46.39931869506836],[0.0,0.0,0.0]]",0.0,"[0.0,0.0,0.0]",0.0,"[0.0,0.0,0.0]",[],[],False,False,False,False,False,[],-0.015869330331598763,0.14457684977386048,47.006123950647,0.14654084869024456,47.006123950647,0.0,0.0,0,0,0,True,HARD_FORCE_ABORT,True
54,attempt_0,FAILED,"[-0.03496146202087402,-0.20515695214271545,1.1222760677337646,2.899974822998047,0.1515013426542282,-1.5155390501022339,0.038905076682567596,-0.030427685007452965,-0.034186091274023056,-0.07002677023410797,0.03398722782731056,-0.05515250936150551,-0.1415344625711441,-0.1404811590909958,-0.10283007472753525,-0.24033114314079285,0.36912256479263306,0.3657318651676178,0.3692852854728699,0.35983216762542725,0.35784482955932617,0.3633324205875397,0.3728722631931305,0.3710772693157196,0.36597326397895813,0.36833125352859497]","[-0.049019116908311844,-0.19217970967292786,1.1160317659378052,2.8825559616088867,0.15894357860088348,-1.5429998636245728,0.038880009204149246,-0.030385009944438934,-0.03416500985622406,-0.03003498911857605,-0.03258999437093735,-0.05515999346971512,-0.14153999090194702,-0.14048998057842255,-0.14468999207019806,-0.14710499346256256,0.36910131573677063,0.36573249101638794,0.36931121349334717,0.3636675179004669,0.3627399802207947,0.3633349537849426,0.3728812336921692,0.3710786998271942,0.3659687340259552,0.37119248509407043]","[-0.049019118701466774,-0.19217971644579906,1.1160317348816973,2.8825559180792415,0.1589435743175724,-1.5429998466092598,0.038880009204149246,-0.030385009944438934,-0.03416500985622406,-0.03003498911857605,-0.03258999437093735,-0.05515999346971512,-0.14153999090194702,-0.14048998057842255,-0.14468999207019806,-0.14710499346256256,0.36910131573677063,0.36573249101638794,0.36931121349334717,0.3636675179004669,0.3627399802207947,0.3633349537849426,0.3728812336921692,0.3710786998271942,0.3659687340259552,0.37119248509407043]","[-0.01405765488743782,0.012977242469787598,-0.006244301795959473,-0.017418861389160156,0.0074422359466552734,-0.027460813522338867,-2.506747841835022e-05,4.2675063014030457e-05,2.108141779899597e-05,0.03999178111553192,-0.06657722592353821,-7.484108209609985e-06,-5.5283308029174805e-06,-8.821487426757812e-06,-0.04185991734266281,0.09322614967823029,-2.1249055862426758e-05,6.258487701416016e-07,2.5928020477294922e-05,0.003835350275039673,0.004895150661468506,2.5331974029541016e-06,8.970499038696289e-06,1.430511474609375e-06,-4.5299530029296875e-06,0.002861231565475464]","[0.11611153185367584,-0.15547434985637665,1.015519618988037]","[-0.2661927044391632,0.28772032260894775,-0.5964657664299011,0.7004191875457764]","[0.259998619556427,-0.23550176620483398,-0.1868973970413208]","[2.1381375789642334,0.9117105007171631,0.3219320476055145]","[-0.1599999964237213,-0.30000001192092896,0.7400000095367432]","[0.7070000171661377,0.7070000171661377,0.0,0.0]","[-0.03496132418513298,-0.20515689253807068,1.122275948524475]","[0.1389225423336029,0.7127404808998108,0.6869616508483887,-0.02802314981818199]","[""right_finger2_link3"",""right_finger2_link4"",""right_finger3_link3"",""right_finger3_link4"",""right_finger4_link3"",""right_finger4_link4""]","[[0.015034729614853859,-0.25142598152160645,0.9967350959777832],[0.017295733094215393,-0.2509726881980896,0.9673253297805786],[-0.014111400581896305,-0.25553810596466064,0.9961989521980286],[-0.013238238170742989,-0.25510725378990173,0.9667150378227234],[-0.03879842907190323,-0.25204360485076904,0.9974991679191589],[-0.039176590740680695,-0.2524997293949127,0.9680051207542419]]","[0.0,0.0,0.0,0.0,46.989425267916126,0.0]","[[0.0,0.0,0.0],[0.0,0.0,0.0],[0.0,0.0,0.0],[0.0,0.0,0.0],[1.3911762237548828,-6.898157119750977,-46.459510803222656],[0.0,0.0,0.0]]",0.0,"[0.0,0.0,0.0]",0.0,"[0.0,0.0,0.0]",[],[],False,False,False,False,False,[],-0.01585635803319685,0.14458034570934997,47.0068747045623,0.14654546916405428,47.0068747045623,0.0,0.0,0,0,0,True,HARD_FORCE_ABORT,True
55,attempt_0,FAILED,"[-0.034950174391269684,-0.20515692234039307,1.1222686767578125,2.899979591369629,0.15142357349395752,-1.5155647993087769,0.03890470415353775,-0.030425995588302612,-0.03418548032641411,-0.07002071291208267,0.033999331295490265,-0.05515250191092491,-0.14153417944908142,-0.14048106968402863,-0.1028442531824112,-0.24031314253807068,0.36912181973457336,0.36573222279548645,0.3692871630191803,0.35983651876449585,0.35782745480537415,0.3633320927619934,0.37287184596061707,0.37107720971107483,0.36597171425819397,0.36834657192230225]","[-0.049019116908311844,-0.19217970967292786,1.1160317659378052,2.8825559616088867,0.15894357860088348,-1.5429998636245728,0.038880009204149246,-0.030385009944438934,-0.03416500985622406,-0.03003498911857605,-0.03258999437093735,-0.05515999346971512,-0.14153999090194702,-0.14048998057842255,-0.14468999207019806,-0.14710499346256256,0.36910131573677063,0.36573249101638794,0.36931121349334717,0.3636675179004669,0.3627399802207947,0.3633349537849426,0.3728812336921692,0.3710786998271942,0.3659687340259552,0.37119248509407043]","[-0.049019118701466774,-0.19217971644579906,1.1160317348816973,2.8825559180792415,0.1589435743175724,-1.5429998466092598,0.038880009204149246,-0.030385009944438934,-0.03416500985622406,-0.03003498911857605,-0.03258999437093735,-0.05515999346971512,-0.14153999090194702,-0.14048998057842255,-0.14468999207019806,-0.14710499346256256,0.36910131573677063,0.36573249101638794,0.36931121349334717,0.3636675179004669,0.3627399802207947,0.3633349537849426,0.3728812336921692,0.3710786998271942,0.3659687340259552,0.37119248509407043]","[-0.01406894251704216,0.01297721266746521,-0.006236910820007324,-0.017423629760742188,0.007520005106925964,-0.0274350643157959,-2.469494938850403e-05,4.098564386367798e-05,2.0470470190048218e-05,0.03998572379350662,-0.06658932566642761,-7.491558790206909e-06,-5.811452865600586e-06,-8.910894393920898e-06,-0.041845738887786865,0.09320814907550812,-2.0503997802734375e-05,2.682209014892578e-07,2.4050474166870117e-05,0.0038309991359710693,0.004912525415420532,2.86102294921875e-06,9.387731552124023e-06,1.4901161193847656e-06,-2.9802322387695312e-06,0.0028459131717681885]","[0.11611594259738922,-0.15547651052474976,1.0154900550842285]","[-0.2661452293395996,0.2877662777900696,-0.5964800119400024,0.7004061937332153]","[0.25776469707489014,-0.23680637776851654,-0.1987435221672058]","[2.109443187713623,0.8312852382659912,0.349396288394928]","[-0.1599999964237213,-0.30000001192092896,0.7400000095367432]","[0.7070000171661377,0.7070000171661377,0.0,0.0]","[-0.03495004028081894,-0.2051568627357483,1.122268557548523]","[0.1388942003250122,0.7127372622489929,0.6869694590568542,-0.028051501139998436]","[""right_finger2_link3"",""right_finger2_link4"",""right_finger3_link3"",""right_finger3_link4"",""right_finger4_link3"",""right_finger4_link4""]","[[0.015036044642329216,-0.25142547488212585,0.996723473072052],[0.017294639721512794,-0.25097203254699707,0.9673135280609131],[-0.014110099524259567,-0.25553780794143677,0.9961898922920227],[-0.013239343650639057,-0.2551068663597107,0.9667059183120728],[-0.03879762813448906,-0.25204312801361084,0.9974920153617859],[-0.039178550243377686,-0.2524988651275635,0.9679980278015137]]","[0.0,0.0,0.0,0.0,46.94537439629082,0.0]","[[0.0,0.0,0.0],[0.0,0.0,0.0],[0.0,0.0,0.0],[0.0,0.0,0.0],[1.3925174474716187,-6.88878059387207,-46.41630935668945],[0.0,0.0,0.0]]",0.0,"[0.0,0.0,0.0]",0.0,"[0.0,0.0,0.0]",[],[],False,False,False,False,False,[],-0.01586939312126412,0.1445789601464224,47.00661588686774,0.14653804983645005,47.00661588686774,0.0,0.0,0,0,0,True,HARD_FORCE_ABORT,True
56,attempt_0,FAILED,"[-0.03494159132242203,-0.20515787601470947,1.1222634315490723,2.8999886512756348,0.15136106312274933,-1.5155885219573975,0.038903381675481796,-0.03042636625468731,-0.03418519347906113,-0.07001950591802597,0.033984456211328506,-0.055153001099824905,-0.14153413474559784,-0.1404816061258316,-0.10283654183149338,-0.24033010005950928,0.3691208064556122,0.36573147773742676,0.3692860007286072,0.3598354160785675,0.3578434884548187,0.3633319139480591,0.37287208437919617,0.37107789516448975,0.36597105860710144,0.3683459162712097]","[-0.049019116908311844,-0.19217970967292786,1.1160317659378052,2.8825559616088867,0.15894357860088348,-1.5429998636245728,0.038880009204149246,-0.030385009944438934,-0.03416500985622406,-0.03003498911857605,-0.03258999437093735,-0.05515999346971512,-0.14153999090194702,-0.14048998057842255,-0.14468999207019806,-0.14710499346256256,0.36910131573677063,0.36573249101638794,0.36931121349334717,0.3636675179004669,0.3627399802207947,0.3633349537849426,0.3728812336921692,0.3710786998271942,0.3659687340259552,0.37119248509407043]","[-0.049019118701466774,-0.19217971644579906,1.1160317348816973,2.8825559180792415,0.1589435743175724,-1.5429998466092598,0.038880009204149246,-0.030385009944438934,-0.03416500985622406,-0.03003498911857605,-0.03258999437093735,-0.05515999346971512,-0.14153999090194702,-0.14048998057842255,-0.14468999207019806,-0.14710499346256256,0.36910131573677063,0.36573249101638794,0.36931121349334717,0.3636675179004669,0.3627399802207947,0.3633349537849426,0.3728812336921692,0.3710786998271942,0.3659687340259552,0.37119248509407043]","[-0.014077525585889816,0.012978166341781616,-0.00623166561126709,-0.017432689666748047,0.007582515478134155,-0.027411341667175293,-2.337247133255005e-05,4.135631024837494e-05,2.018362283706665e-05,0.03998451679944992,-0.06657445430755615,-6.992369890213013e-06,-5.856156349182129e-06,-8.374452590942383e-06,-0.04185345023870468,0.09322510659694672,-1.9490718841552734e-05,1.0132789611816406e-06,2.5212764739990234e-05,0.003832101821899414,0.004896491765975952,3.039836883544922e-06,9.149312973022461e-06,8.046627044677734e-07,-2.3245811462402344e-06,0.0028465688228607178]","[0.116119384765625,-0.15548010170459747,1.0154614448547363]","[-0.26609960198402405,0.2878049910068512,-0.5964866280555725,0.7004020810127258]","[0.2555343508720398,-0.23775464296340942,-0.18798422813415527]","[2.152007579803467,0.8802497982978821,0.3452211618423462]","[-0.1599999964237213,-0.30000001192092896,0.7400000095367432]","[0.7070000171661377,0.7070000171661377,0.0,0.0]","[-0.034941453486680984,-0.2051578164100647,1.1222633123397827]","[0.13886962831020355,0.7127339839935303,0.686976969242096,-0.028072750195860863]","[""right_finger2_link3"",""right_finger2_link4"",""right_finger3_link3"",""right_finger3_link4"",""right_finger4_link3"",""right_finger4_link4""]","[[0.015036672353744507,-0.2514253556728363,0.9967146515846252],[0.01729331724345684,-0.25097179412841797,0.9673045873641968],[-0.014109509997069836,-0.25553786754608154,0.996182918548584],[-0.013240727595984936,-0.2551068067550659,0.9666988253593445],[-0.03879661485552788,-0.2520434260368347,0.9974866509437561],[-0.039179280400276184,-0.2524990439414978,0.9679926633834839]]","[0.0,0.0,0.0,0.0,46.93310166719666,0.0]","[[0.0,0.0,0.0],[0.0,0.0,0.0],[0.0,0.0,0.0],[0.0,0.0,0.0],[1.385750651359558,-6.887757778167725,-46.40425109863281],[0.0,0.0,0.0]]",0.0,"[0.0,0.0,0.0]",0.0,"[0.0,0.0,0.0]",[],[],False,False,False,False,False,[],-0.015885544949118535,0.144576197175426,47.0061242364221,0.14652946634990263,47.0061242364221,0.0,0.0,0,0,0,True,HARD_FORCE_ABORT,True
57,attempt_0,FAILED,"[-0.03493279218673706,-0.2051597535610199,1.1222560405731201,2.8999998569488525,0.15131023526191711,-1.5155965089797974,0.03890489786863327,-0.030427278950810432,-0.03418590500950813,-0.07002975791692734,0.033994074910879135,-0.055152684450149536,-0.14153443276882172,-0.14048132300376892,-0.10282837599515915,-0.24033617973327637,0.36912259459495544,0.365732342004776,0.3692852556705475,0.3598324656486511,0.3578406572341919,0.3633323907852173,0.3728717565536499,0.37107813358306885,0.3659708797931671,0.3683512210845947]","[-0.049019116908311844,-0.19217970967292786,1.1160317659378052,2.8825559616088867,0.15894357860088348,-1.5429998636245728,0.038880009204149246,-0.030385009944438934,-0.03416500985622406,-0.03003498911857605,-0.03258999437093735,-0.05515999346971512,-0.14153999090194702,-0.14048998057842255,-0.14468999207019806,-0.14710499346256256,0.36910131573677063,0.36573249101638794,0.36931121349334717,0.3636675179004669,0.3627399802207947,0.3633349537849426,0.3728812336921692,0.3710786998271942,0.3659687340259552,0.37119248509407043]","[-0.049019118701466774,-0.19217971644579906,1.1160317348816973,2.8825559180792415,0.1589435743175724,-1.5429998466092598,0.038880009204149246,-0.030385009944438934,-0.03416500985622406,-0.03003498911857605,-0.03258999437093735,-0.05515999346971512,-0.14153999090194702,-0.14048998057842255,-0.14468999207019806,-0.14710499346256256,0.36910131573677063,0.36573249101638794,0.36931121349334717,0.3636675179004669,0.3627399802207947,0.3633349537849426,0.3728812336921692,0.3710786998271942,0.3659687340259552,0.37119248509407043]","[-0.014086324721574783,0.012980043888092041,-0.006224274635314941,-0.01744389533996582,0.00763334333896637,-0.02740335464477539,-2.4888664484024048e-05,4.226900637149811e-05,2.0895153284072876e-05,0.03999476879835129,-0.06658406555652618,-7.309019565582275e-06,-5.558133125305176e-06,-8.657574653625488e-06,-0.04186161607503891,0.0932311862707138,-2.1278858184814453e-05,1.4901161193847656e-07,2.5957822799682617e-05,0.003835052251815796,0.004899322986602783,2.562999725341797e-06,9.47713851928711e-06,5.662441253662109e-07,-2.1457672119140625e-06,0.002841264009475708]","[0.11612077057361603,-0.15547776222229004,1.0154632329940796]","[-0.2661188244819641,0.2877955436706543,-0.5964939594268799,0.7003923058509827]","[0.26055780053138733,-0.23329749703407288,-0.18873204290866852]","[2.1361918449401855,0.9102090001106262,0.3197000026702881]","[-0.1599999964237213,-0.30000001192092896,0.7400000095367432]","[0.7070000171661377,0.7070000171661377,0.0,0.0]","[-0.034932658076286316,-0.20515969395637512,1.1222559213638306]","[0.1388484537601471,0.7127355337142944,0.6869789958000183,-0.02808777615427971]","[""right_finger2_link3"",""right_finger2_link4"",""right_finger3_link3"",""right_finger3_link4"",""right_finger4_link3"",""right_finger4_link4""]","[[0.015038860961794853,-0.25142621994018555,0.9967043399810791],[0.017294013872742653,-0.2509723901748657,0.9672941565513611],[-0.014107337221503258,-0.2555386424064636,0.9961740374565125],[-0.013240044936537743,-0.2551072835922241,0.966689944267273],[-0.03879408538341522,-0.25204452872276306,0.9974793195724487],[-0.039178065955638885,-0.2525002658367157,0.9679853916168213]]","[0.0,0.0,0.0,0.0,46.99602960355911,0.0]","[[0.0,0.0,0.0],[0.0,0.0,0.0],[0.0,0.0,0.0],[0.0,0.0,0.0],[1.3821525573730469,-6.898532867431641,-46.46640396118164],[0.0,0.0,0.0]]",0.0,"[0.0,0.0,0.0]",0.0,"[0.0,0.0,0.0]",[],[],False,False,False,False,False,[],-0.015877272870858716,0.14457834796255176,47.00660046040873,0.14653195455947784,47.00660046040873,0.0,0.0,0,0,0,True,HARD_FORCE_ABORT,True
58,attempt_0,FAILED,"[-0.034923672676086426,-0.20515935122966766,1.1222506761550903,2.8999974727630615,0.1512473225593567,-1.515618085861206,0.03890460729598999,-0.03042600303888321,-0.03418544679880142,-0.07001946866512299,0.034019581973552704,-0.05515258386731148,-0.14153410494327545,-0.14048120379447937,-0.10284578055143356,-0.24031388759613037,0.3691217005252838,0.36573246121406555,0.3692866265773773,0.3598376214504242,0.3578110635280609,0.3633321225643158,0.37287139892578125,0.3710780739784241,0.36596962809562683,0.368369460105896]","[-0.049019116908311844,-0.19217970967292786,1.1160317659378052,2.8825559616088867,0.15894357860088348,-1.5429998636245728,0.038880009204149246,-0.030385009944438934,-0.03416500985622406,-0.03003498911857605,-0.03258999437093735,-0.05515999346971512,-0.14153999090194702,-0.14048998057842255,-0.14468999207019806,-0.14710499346256256,0.36910131573677063,0.36573249101638794,0.36931121349334717,0.3636675179004669,0.3627399802207947,0.3633349537849426,0.3728812336921692,0.3710786998271942,0.3659687340259552,0.37119248509407043]","[-0.049019118701466774,-0.19217971644579906,1.1160317348816973,2.8825559180792415,0.1589435743175724,-1.5429998466092598,0.038880009204149246,-0.030385009944438934,-0.03416500985622406,-0.03003498911857605,-0.03258999437093735,-0.05515999346971512,-0.14153999090194702,-0.14048998057842255,-0.14468999207019806,-0.14710499346256256,0.36910131573677063,0.36573249101638794,0.36931121349334717,0.3636675179004669,0.3627399802207947,0.3633349537849426,0.3728812336921692,0.3710786998271942,0.3659687340259552,0.37119248509407043]","[-0.014095444232225418,0.012979641556739807,-0.006218910217285156,-0.017441511154174805,0.007696256041526794,-0.0273817777633667,-2.459809184074402e-05,4.09930944442749e-05,2.043694257736206e-05,0.039984479546546936,-0.06660957634449005,-7.409602403640747e-06,-5.885958671569824e-06,-8.77678394317627e-06,-0.041844211518764496,0.09320889413356781,-2.0384788513183594e-05,2.9802322387695312e-08,2.4586915969848633e-05,0.0038298964500427246,0.004928916692733765,2.8312206268310547e-06,9.834766387939453e-06,6.258487701416016e-07,-8.940696716308594e-07,0.0028230249881744385]","[0.11612305045127869,-0.15547797083854675,1.015451192855835]","[-0.26610490679740906,0.28781381249427795,-0.5965057015419006,0.7003800868988037]","[0.26667892932891846,-0.2262534350156784,-0.19523142278194427]","[2.1155893802642822,0.8377373814582825,0.31175604462623596]","[-0.1599999964237213,-0.30000001192092896,0.7400000095367432]","[0.7070000171661377,0.7070000171661377,0.0,0.0]","[-0.03492353484034538,-0.2051592916250229,1.1222505569458008]","[0.13882790505886078,0.7127322554588318,0.6869856715202332,-0.028112994506955147]","[""right_finger2_link3"",""right_finger2_link4"",""right_finger3_link3"",""right_finger3_link4"",""right_finger4_link3"",""right_finger4_link4""]","[[0.015039924532175064,-0.25142621994018555,0.9966958165168762],[0.017293114215135574,-0.2509725093841553,0.9672855138778687],[-0.014106281101703644,-0.25553882122039795,0.9961674809455872],[-0.013240941800177097,-0.255107581615448,0.9666833877563477],[-0.038793664425611496,-0.25204434990882874,0.9974742531776428],[-0.03918003290891647,-0.2524997591972351,0.9679803252220154]]","[0.0,0.0,0.0,0.0,46.863498795023624,0.0]","[[0.0,0.0,0.0],[0.0,0.0,0.0],[0.0,0.0,0.0],[0.0,0.0,0.0],[1.3796037435531616,-6.8773016929626465,-46.33559036254883],[0.0,0.0,0.0]]",0.0,"[0.0,0.0,0.0]",0.0,"[0.0,0.0,0.0]",[],[],False,False,False,False,False,[],-0.01587971762956908,0.1445784176603599,47.00669744306948,0.14652955828882774,47.00669744306948,0.0,0.0,0,0,0,True,HARD_FORCE_ABORT,True
59,attempt_0,FAILED,"[-0.0349174402654171,-0.20515771210193634,1.1222455501556396,2.899989366531372,0.15119417011737823,-1.5156395435333252,0.038903940469026566,-0.03042452223598957,-0.03418482467532158,-0.07000315189361572,0.034078143537044525,-0.05515314266085625,-0.14153435826301575,-0.14048157632350922,-0.10285600274801254,-0.2403060495853424,0.36912116408348083,0.36573275923728943,0.3692878484725952,0.3598446846008301,0.35776427388191223,0.3633320927619934,0.372871458530426,0.37107837200164795,0.3659687340259552,0.3683960735797882]","[-0.049019116908311844,-0.19217970967292786,1.1160317659378052,2.8825559616088867,0.15894357860088348,-1.5429998636245728,0.038880009204149246,-0.030385009944438934,-0.03416500985622406,-0.03003498911857605,-0.03258999437093735,-0.05515999346971512,-0.14153999090194702,-0.14048998057842255,-0.14468999207019806,-0.14710499346256256,0.36910131573677063,0.36573249101638794,0.36931121349334717,0.3636675179004669,0.3627399802207947,0.3633349537849426,0.3728812336921692,0.3710786998271942,0.3659687340259552,0.37119248509407043]","[-0.049019118701466774,-0.19217971644579906,1.1160317348816973,2.8825559180792415,0.1589435743175724,-1.5429998466092598,0.038880009204149246,-0.030385009944438934,-0.03416500985622406,-0.03003498911857605,-0.03258999437093735,-0.05515999346971512,-0.14153999090194702,-0.14048998057842255,-0.14468999207019806,-0.14710499346256256,0.36910131573677063,0.36573249101638794,0.36931121349334717,0.3636675179004669,0.3627399802207947,0.3633349537849426,0.3728812336921692,0.3710786998271942,0.3659687340259552,0.37119248509407043]","[-0.014101676642894745,0.012978002429008484,-0.006213784217834473,-0.01743340492248535,0.007749408483505249,-0.02736032009124756,-2.3931264877319336e-05,3.951229155063629e-05,1.981481909751892e-05,0.03996816277503967,-0.06666813790798187,-6.85080885887146e-06,-5.632638931274414e-06,-8.404254913330078e-06,-0.041833989322185516,0.09320105612277985,-1.9848346710205078e-05,-2.682209014892578e-07,2.3365020751953125e-05,0.003822833299636841,0.004975706338882446,2.86102294921875e-06,9.775161743164062e-06,3.2782554626464844e-07,0.0,0.0027964115142822266]","[0.11612178385257721,-0.15547657012939453,1.015458106994629]","[-0.26612988114356995,0.28779420256614685,-0.5965085625648499,0.7003762125968933]","[0.2562254071235657,-0.23641324043273926,-0.18486768007278442]","[2.0925545692443848,0.8942437171936035,0.33528652787208557]","[-0.1599999964237213,-0.30000001192092896,0.7400000095367432]","[0.7070000171661377,0.7070000171661377,0.0,0.0]","[-0.034917302429676056,-0.20515765249729156,1.12224543094635]","[0.13881246745586395,0.712727963924408,0.6869921088218689,-0.028136465698480606]","[""right_finger2_link3"",""right_finger2_link4"",""right_finger3_link3"",""right_finger3_link4"",""right_finger4_link3"",""right_finger4_link4""]","[[0.015039388090372086,-0.25142550468444824,0.9966883063316345],[0.01729089394211769,-0.25097206234931946,0.9672778248786926],[-0.014106830582022667,-0.25553837418556213,0.996161699295044],[-0.013243175111711025,-0.25510740280151367,0.9666774868965149],[-0.038794491440057755,-0.25204336643218994,0.9974693655967712],[-0.03918273746967316,-0.2524983882904053,0.9679754376411438]]","[0.0,0.0,0.0,0.0,46.62515816021808,0.0]","[[0.0,0.0,0.0],[0.0,0.0,0.0],[0.0,0.0,0.0],[0.0,0.0,0.0],[1.3700441122055054,-6.841710090637207,-46.100101470947266],[0.0,0.0,0.0]]",0.0,"[0.0,0.0,0.0]",0.0,"[0.0,0.0,0.0]",[],[],False,False,False,False,False,[],-0.015870587029082284,0.14457964993520758,47.00690211746016,0.14653218971564,47.00690211746016,0.0,0.0,0,0,0,True,HARD_FORCE_ABORT,True
60,attempt_0,FAILED,"[-0.03491001948714256,-0.20515906810760498,1.1222420930862427,2.899988889694214,0.15113626420497894,-1.51566743850708,0.03890315815806389,-0.03042757138609886,-0.03418552875518799,-0.07000096887350082,0.034036535769701004,-0.05515287443995476,-0.14153419435024261,-0.14048148691654205,-0.10285492241382599,-0.2403138428926468,0.36912038922309875,0.3657304644584656,0.3692846894264221,0.3598403036594391,0.35778430104255676,0.36333101987838745,0.3728718161582947,0.3710794150829315,0.36596912145614624,0.36839306354522705]","[-0.049019116908311844,-0.19217970967292786,1.1160317659378052,2.8825559616088867,0.15894357860088348,-1.5429998636245728,0.038880009204149246,-0.030385009944438934,-0.03416500985622406,-0.03003498911857605,-0.03258999437093735,-0.05515999346971512,-0.14153999090194702,-0.14048998057842255,-0.14468999207019806,-0.14710499346256256,0.36910131573677063,0.36573249101638794,0.36931121349334717,0.3636675179004669,0.3627399802207947,0.3633349537849426,0.3728812336921692,0.3710786998271942,0.3659687340259552,0.37119248509407043]","[-0.049019118701466774,-0.19217971644579906,1.1160317348816973,2.8825559180792415,0.1589435743175724,-1.5429998466092598,0.038880009204149246,-0.030385009944438934,-0.03416500985622406,-0.03003498911857605,-0.03258999437093735,-0.05515999346971512,-0.14153999090194702,-0.14048998057842255,-0.14468999207019806,-0.14710499346256256,0.36910131573677063,0.36573249101638794,0.36931121349334717,0.3636675179004669,0.3627399802207947,0.3633349537849426,0.3728812336921692,0.3710786998271942,0.3659687340259552,0.37119248509407043]","[-0.014109097421169281,0.012979358434677124,-0.0062103271484375,-0.01743292808532715,0.007807314395904541,-0.027332425117492676,-2.3148953914642334e-05,4.256144165992737e-05,2.0518898963928223e-05,0.039965979754924774,-0.06662653386592865,-7.119029760360718e-06,-5.796551704406738e-06,-8.493661880493164e-06,-0.04183506965637207,0.09320884943008423,-1.9073486328125e-05,2.0265579223632812e-06,2.6524066925048828e-05,0.003827214241027832,0.004955679178237915,3.933906555175781e-06,9.417533874511719e-06,-7.152557373046875e-07,-3.8743019104003906e-07,0.002799421548843384]","[0.11612854897975922,-0.15548451244831085,1.0154051780700684]","[-0.26602286100387573,0.2878818213939667,-0.5965176224708557,0.700373113155365]","[0.2653994858264923,-0.2284960001707077,-0.20108282566070557]","[2.160662889480591,0.7742230296134949,0.32763370871543884]","[-0.1599999964237213,-0.30000001192092896,0.7400000095367432]","[0.7070000171661377,0.7070000171661377,0.0,0.0]","[-0.03490988165140152,-0.2051590085029602,1.1222419738769531]","[0.13879281282424927,0.7127223610877991,0.6870009303092957,-0.028159696608781815]","[""right_finger2_link3"",""right_finger2_link4"",""right_finger3_link3"",""right_finger3_link4"",""right_finger4_link3"",""right_finger4_link4""]","[[0.015039516612887383,-0.2514269948005676,0.9966821074485779],[0.01728920266032219,-0.25097379088401794,0.9672715067863464],[-0.014106685295701027,-0.255540132522583,0.9961572289466858],[-0.01324489526450634,-0.25510939955711365,0.966672956943512],[-0.03879425302147865,-0.25204530358314514,0.9974664449691772],[-0.03918432071805,-0.2525005340576172,0.9679725766181946]]","[0.0,0.0,0.0,0.0,47.023341595448755,0.0]","[[0.0,0.0,0.0],[0.0,0.0,0.0],[0.0,0.0,0.0],[0.0,0.0,0.0],[1.3843144178390503,-6.898568153381348,-46.49395751953125],[0.0,0.0,0.0]]",0.0,"[0.0,0.0,0.0]",0.0,"[0.0,0.0,0.0]",[],[],False,False,False,False,False,[],-0.01590434192865331,0.14457322964834268,47.005685288551696,0.14651501780688542,47.005685288551696,0.0,0.0,0,0,0,True,HARD_FORCE_ABORT,True
61,attempt_0,FAILED,"[-0.03490546718239784,-0.2051577866077423,1.1222379207611084,2.899984359741211,0.1510990709066391,-1.5156811475753784,0.03890429809689522,-0.030425118282437325,-0.034185100346803665,-0.06999716907739639,0.034085992723703384,-0.05515309423208237,-0.1415344625711441,-0.14048166573047638,-0.10285106301307678,-0.24031996726989746,0.3691219389438629,0.36573243141174316,0.36928752064704895,0.35984569787979126,0.3577558398246765,0.36333179473876953,0.3728717267513275,0.37107884883880615,0.3659685552120209,0.3684110939502716]","[-0.049019116908311844,-0.19217970967292786,1.1160317659378052,2.8825559616088867,0.15894357860088348,-1.5429998636245728,0.038880009204149246,-0.030385009944438934,-0.03416500985622406,-0.03003498911857605,-0.03258999437093735,-0.05515999346971512,-0.14153999090194702,-0.14048998057842255,-0.14468999207019806,-0.14710499346256256,0.36910131573677063,0.36573249101638794,0.36931121349334717,0.3636675179004669,0.3627399802207947,0.3633349537849426,0.3728812336921692,0.3710786998271942,0.3659687340259552,0.37119248509407043]","[-0.049019118701466774,-0.19217971644579906,1.1160317348816973,2.8825559180792415,0.1589435743175724,-1.5429998466092598,0.038880009204149246,-0.030385009944438934,-0.03416500985622406,-0.03003498911857605,-0.03258999437093735,-0.05515999346971512,-0.14153999090194702,-0.14048998057842255,-0.14468999207019806,-0.14710499346256256,0.36910131573677063,0.36573249101638794,0.36931121349334717,0.3636675179004669,0.3627399802207947,0.3633349537849426,0.3728812336921692,0.3710786998271942,0.3659687340259552,0.37119248509407043]","[-0.014113649725914001,0.012978076934814453,-0.006206154823303223,-0.01742839813232422,0.007844507694244385,-0.027318716049194336,-2.428889274597168e-05,4.01083379983902e-05,2.0090490579605103e-05,0.03996217995882034,-0.06667599081993103,-6.899237632751465e-06,-5.5283308029174805e-06,-8.314847946166992e-06,-0.04183892905712128,0.0932149738073349,-2.0623207092285156e-05,5.960464477539063e-08,2.3692846298217773e-05,0.003821820020675659,0.004984140396118164,3.159046173095703e-06,9.506940841674805e-06,-1.4901161193847656e-07,1.7881393432617188e-07,0.002781391143798828]","[0.11612676084041595,-0.15548281371593475,1.015417218208313]","[-0.26605674624443054,0.28785476088523865,-0.596519947052002,0.7003694176673889]","[0.2645604908466339,-0.22916828095912933,-0.18504604697227478]","[2.0588619709014893,0.9347778558731079,0.28164243698120117]","[-0.1599999964237213,-0.30000001192092896,0.7400000095367432]","[0.7070000171661377,0.7070000171661377,0.0,0.0]","[-0.0349053293466568,-0.20515772700309753,1.1222378015518188]","[0.13878169655799866,0.7127199769020081,0.6870051622390747,-0.02817564085125923]","[""right_finger2_link3"",""right_finger2_link4"",""right_finger3_link3"",""right_finger3_link4"",""right_finger4_link3"",""right_finger4_link4""]","[[0.015039312653243542,-0.25142621994018555,0.9966760873794556],[0.017287803813815117,-0.25097307562828064,0.9672653675079346],[-0.014106880873441696,-0.25553959608078003,0.9961525797843933],[-0.013246246613562107,-0.25510895252227783,0.9666683077812195],[-0.038794223219156265,-0.2520447075366974,0.9974625706672668],[-0.03918531909584999,-0.25249987840652466,0.9679687023162842]]","[0.0,0.0,0.0,0.0,46.62648942177431,0.0]","[[0.0,0.0,0.0],[0.0,0.0,0.0],[0.0,0.0,0.0],[0.0,0.0,0.0],[1.360451340675354,-6.844650745391846,-46.101295471191406],[0.0,0.0,0.0]]",0.0,"[0.0,0.0,0.0]",0.0,"[0.0,0.0,0.0]",[],[],False,False,False,False,False,[],-0.015892339638599595,0.14457460081395535,47.0059700002392,0.14651883606147276,47.0059700002392,0.0,0.0,0,0,0,True,HARD_FORCE_ABORT,True
62,attempt_0,FAILED,"[-0.03489986062049866,-0.20515841245651245,1.122231364250183,2.8999788761138916,0.15105828642845154,-1.5156917572021484,0.03890501707792282,-0.030426397919654846,-0.034185659140348434,-0.06999298930168152,0.03412147983908653,-0.05515298247337341,-0.14153467118740082,-0.14048156142234802,-0.10285796225070953,-0.24030987918376923,0.3691224157810211,0.36573269963264465,0.3692866265773773,0.35984671115875244,0.3577217757701874,0.3633318841457367,0.3728712797164917,0.3710789680480957,0.3659685552120209,0.36843112111091614]","[-0.049019116908311844,-0.19217970967292786,1.1160317659378052,2.8825559616088867,0.15894357860088348,-1.5429998636245728,0.038880009204149246,-0.030385009944438934,-0.03416500985622406,-0.03003498911857605,-0.03258999437093735,-0.05515999346971512,-0.14153999090194702,-0.14048998057842255,-0.14468999207019806,-0.14710499346256256,0.36910131573677063,0.36573249101638794,0.36931121349334717,0.3636675179004669,0.3627399802207947,0.3633349537849426,0.3728812336921692,0.3710786998271942,0.3659687340259552,0.37119248509407043]","[-0.049019118701466774,-0.19217971644579906,1.1160317348816973,2.8825559180792415,0.1589435743175724,-1.5429998466092598,0.038880009204149246,-0.030385009944438934,-0.03416500985622406,-0.03003498911857605,-0.03258999437093735,-0.05515999346971512,-0.14153999090194702,-0.14048998057842255,-0.14468999207019806,-0.14710499346256256,0.36910131573677063,0.36573249101638794,0.36931121349334717,0.3636675179004669,0.3627399802207947,0.3633349537849426,0.3728812336921692,0.3710786998271942,0.3659687340259552,0.37119248509407043]","[-0.014119256287813187,0.012978702783584595,-0.00619959831237793,-0.017422914505004883,0.007885292172431946,-0.027308106422424316,-2.500787377357483e-05,4.1387975215911865e-05,2.064928412437439e-05,0.03995800018310547,-0.06671147048473358,-7.010996341705322e-06,-5.319714546203613e-06,-8.419156074523926e-06,-0.041832029819488525,0.09320488572120667,-2.110004425048828e-05,-2.086162567138672e-07,2.4586915969848633e-05,0.0038208067417144775,0.0050182044506073,3.069639205932617e-06,9.953975677490234e-06,-2.682209014892578e-07,1.7881393432617188e-07,0.002761363983154297]","[0.11612340807914734,-0.1554771363735199,1.0154497623443604]","[-0.26613596081733704,0.28779327869415283,-0.5965241193771362,0.7003610730171204]","[0.2609735131263733,-0.23403644561767578,-0.18493738770484924]","[2.0998172760009766,0.8926640152931213,0.3275424838066101]","[-0.1599999964237213,-0.30000001192092896,0.7400000095367432]","[0.7070000171661377,0.7070000171661377,0.0,0.0]","[-0.034899722784757614,-0.20515835285186768,1.1222312450408936]","[0.13876968622207642,0.7127187252044678,0.6870080828666687,-0.02819298394024372]","[""right_finger2_link3"",""right_finger2_link4"",""right_finger3_link3"",""right_finger3_link4"",""right_finger4_link3"",""right_finger4_link4""]","[[0.015039648860692978,-0.25142771005630493,0.9966678619384766],[0.017286907881498337,-0.2509748041629791,0.9672570824623108],[-0.014106574468314648,-0.255541056394577,0.996145486831665],[-0.01324718538671732,-0.2551107108592987,0.9666611552238464],[-0.038794130086898804,-0.25204598903656006,0.9974566102027893],[-0.039186637848615646,-0.25250115990638733,0.9679627418518066]]","[0.0,0.0,0.0,0.0,46.7167895113727,0.0]","[[0.0,0.0,0.0],[0.0,0.0,0.0],[0.0,0.0,0.0],[0.0,0.0,0.0],[1.3666563034057617,-6.85596227645874,-46.19076156616211],[0.0,0.0,0.0]]",0.0,"[0.0,0.0,0.0]",0.0,"[0.0,0.0,0.0]",[],[],False,False,False,False,False,[],-0.01586304253268378,0.14457927490749575,47.00682491308635,0.14653011124418852,47.00682491308635,0.0,0.0,0,0,0,True,HARD_FORCE_ABORT,True
63,attempt_0,FAILED,"[-0.03489471599459648,-0.20515845715999603,1.122226595878601,2.899982452392578,0.15101085603237152,-1.5157146453857422,0.03890395164489746,-0.030426084995269775,-0.03418528288602829,-0.06999148428440094,0.03408542275428772,-0.05515298619866371,-0.14153428375720978,-0.14048142731189728,-0.10286244750022888,-0.2403087466955185,0.36912083625793457,0.365731805562973,0.36928674578666687,0.3598463535308838,0.35774335265159607,0.36333149671554565,0.3728717565536499,0.37107887864112854,0.36596783995628357,0.3684289753437042]","[-0.049019116908311844,-0.19217970967292786,1.1160317659378052,2.8825559616088867,0.15894357860088348,-1.5429998636245728,0.038880009204149246,-0.030385009944438934,-0.03416500985622406,-0.03003498911857605,-0.03258999437093735,-0.05515999346971512,-0.14153999090194702,-0.14048998057842255,-0.14468999207019806,-0.14710499346256256,0.36910131573677063,0.36573249101638794,0.36931121349334717,0.3636675179004669,0.3627399802207947,0.3633349537849426,0.3728812336921692,0.3710786998271942,0.3659687340259552,0.37119248509407043]","[-0.049019118701466774,-0.19217971644579906,1.1160317348816973,2.8825559180792415,0.1589435743175724,-1.5429998466092598,0.038880009204149246,-0.030385009944438934,-0.03416500985622406,-0.03003498911857605,-0.03258999437093735,-0.05515999346971512,-0.14153999090194702,-0.14048998057842255,-0.14468999207019806,-0.14710499346256256,0.36910131573677063,0.36573249101638794,0.36931121349334717,0.3636675179004669,0.3627399802207947,0.3633349537849426,0.3728812336921692,0.3710786998271942,0.3659687340259552,0.37119248509407043]","[-0.014124400913715363,0.012978747487068176,-0.0061948299407958984,-0.017426490783691406,0.007932722568511963,-0.027285218238830566,-2.394244074821472e-05,4.1075050830841064e-05,2.0273029804229736e-05,0.03995649516582489,-0.06667541712522507,-7.00727105140686e-06,-5.707144737243652e-06,-8.553266525268555e-06,-0.04182754456996918,0.09320375323295593,-1.952052116394043e-05,6.854534149169922e-07,2.446770668029785e-05,0.00382116436958313,0.004996627569198608,3.4570693969726562e-06,9.47713851928711e-06,-1.7881393432617188e-07,8.940696716308594e-07,0.002763509750366211]","[0.11612977087497711,-0.1554853320121765,1.015390396118164]","[-0.2660183906555176,0.28788992762565613,-0.5965359807014465,0.7003559470176697]","[0.2585095167160034,-0.23596596717834473,-0.20147542655467987]","[2.1611955165863037,0.749245285987854,0.3613607883453369]","[-0.1599999964237213,-0.30000001192092896,0.7400000095367432]","[0.7070000171661377,0.7070000171661377,0.0,0.0]","[-0.03489457815885544,-0.20515839755535126,1.1222264766693115]","[0.13875214755535126,0.7127141356468201,0.6870157122612,-0.02821068838238716]","[""right_finger2_link3"",""right_finger2_link4"",""right_finger3_link3"",""right_finger3_link4"",""right_finger4_link3"",""right_finger4_link4""]","[[0.015038839541375637,-0.25142723321914673,0.996660590171814],[0.017284588888287544,-0.2509743571281433,0.9672496914863586],[-0.014107371680438519,-0.2555409073829651,0.996139645576477],[-0.013249509036540985,-0.255110502243042,0.9666551947593689],[-0.038795098662376404,-0.25204598903656006,0.9974520206451416],[-0.03918924182653427,-0.25250115990638733,0.9679581522941589]]","[0.0,0.0,0.0,0.0,46.93719205319277,0.0]","[[0.0,0.0,0.0],[0.0,0.0,0.0],[0.0,0.0,0.0],[0.0,0.0,0.0],[1.3814305067062378,-6.88388204574585,-46.40909194946289],[0.0,0.0,0.0]]",0.0,"[0.0,0.0,0.0]",0.0,"[0.0,0.0,0.0]",[],[],False,False,False,False,False,[],-0.015900080051204246,0.14457288664109572,47.005462333483905,0.1465116525967282,47.005462333483905,0.0,0.0,0,0,0,True,HARD_FORCE_ABORT,True
64,attempt_0,FAILED,"[-0.03489135950803757,-0.20515985786914825,1.1222233772277832,2.8999946117401123,0.1509859263896942,-1.5157235860824585,0.0389028824865818,-0.030427269637584686,-0.03418530523777008,-0.0700012817978859,0.03404946252703667,-0.05515320599079132,-0.14153428375720978,-0.14048191905021667,-0.10284394025802612,-0.24033665657043457,0.36912044882774353,0.36573052406311035,0.3692849576473236,0.35984107851982117,0.35778364539146423,0.3633320927619934,0.37287259101867676,0.3710794150829315,0.36596816778182983,0.3684157133102417]","[-0.049019116908311844,-0.19217970967292786,1.1160317659378052,2.8825559616088867,0.15894357860088348,-1.5429998636245728,0.038880009204149246,-0.030385009944438934,-0.03416500985622406,-0.03003498911857605,-0.03258999437093735,-0.05515999346971512,-0.14153999090194702,-0.14048998057842255,-0.14468999207019806,-0.14710499346256256,0.36910131573677063,0.36573249101638794,0.36931121349334717,0.3636675179004669,0.3627399802207947,0.3633349537849426,0.3728812336921692,0.3710786998271942,0.3659687340259552,0.37119248509407043]","[-0.049019118701466774,-0.19217971644579906,1.1160317348816973,2.8825559180792415,0.1589435743175724,-1.5429998466092598,0.038880009204149246,-0.030385009944438934,-0.03416500985622406,-0.03003498911857605,-0.03258999437093735,-0.05515999346971512,-0.14153999090194702,-0.14048998057842255,-0.14468999207019806,-0.14710499346256256,0.36910131573677063,0.36573249101638794,0.36931121349334717,0.3636675179004669,0.3627399802207947,0.3633349537849426,0.3728812336921692,0.3710786998271942,0.3659687340259552,0.37119248509407043]","[-0.014127757400274277,0.012980148196220398,-0.006191611289978027,-0.017438650131225586,0.00795765221118927,-0.027276277542114258,-2.2873282432556152e-05,4.225969314575195e-05,2.0295381546020508e-05,0.039966292679309845,-0.06663945317268372,-6.787478923797607e-06,-5.707144737243652e-06,-8.061528205871582e-06,-0.041846051812171936,0.09323166310787201,-1.913309097290039e-05,1.9669532775878906e-06,2.625584602355957e-05,0.003826439380645752,0.004956334829330444,2.86102294921875e-06,8.64267349243164e-06,-7.152557373046875e-07,5.662441253662109e-07,0.0027767717838287354]","[0.11613374948501587,-0.15549153089523315,1.0153553485870361]","[-0.26595279574394226,0.2879413068294525,-0.5965404510498047,0.7003559470176697]","[0.2554754316806793,-0.23915521800518036,-0.18642178177833557]","[2.149277687072754,0.8896053433418274,0.3372640013694763]","[-0.1599999964237213,-0.30000001192092896,0.7400000095367432]","[0.7070000171661377,0.7070000171661377,0.0,0.0]","[-0.03489122539758682,-0.20515979826450348,1.1222232580184937]","[0.13873927295207977,0.7127137780189514,0.6870183944702148,-0.02821599505841732]","[""right_finger2_link3"",""right_finger2_link4"",""right_finger3_link3"",""right_finger3_link4"",""right_finger4_link3"",""right_finger4_link4""]","[[0.015039030462503433,-0.25142720341682434,0.9966555833816528],[0.017284026369452477,-0.25097402930259705,0.9672446250915527],[-0.01410721056163311,-0.2555408477783203,0.9961352348327637],[-0.013250130228698254,-0.2551101744174957,0.9666507840156555],[-0.03879414498806,-0.2520465552806854,0.9974484443664551],[-0.039188601076602936,-0.25250187516212463,0.9679546356201172]]","[0.0,0.0,0.0,0.0,46.893665559524706,0.0]","[[0.0,0.0,0.0],[0.0,0.0,0.0],[0.0,0.0,0.0],[0.0,0.0,0.0],[1.366573691368103,-6.882038116455078,-46.36578369140625],[0.0,0.0,0.0]]",0.0,"[0.0,0.0,0.0]",0.0,"[0.0,0.0,0.0]",[],[],False,False,False,False,False,[],-0.01592268507014638,0.1445677540242028,47.00455726336581,0.14649941107943057,47.00455726336581,0.0,0.0,0,0,0,True,HARD_FORCE_ABORT,True
65,attempt_0,FAILED,"[-0.034885942935943604,-0.2051618993282318,1.1222195625305176,2.9000041484832764,0.1509658545255661,-1.5157182216644287,0.03890547528862953,-0.03042842447757721,-0.034186407923698425,-0.07001913338899612,0.03404352813959122,-0.05515255779027939,-0.14153464138507843,-0.14048127830028534,-0.10283242911100388,-0.2403399497270584,0.3691233694553375,0.3657321333885193,0.36928465962409973,0.35983532667160034,0.35779204964637756,0.36333268880844116,0.37287214398384094,0.3710794746875763,0.3659687042236328,0.3684127628803253]","[-0.049019116908311844,-0.19217970967292786,1.1160317659378052,2.8825559616088867,0.15894357860088348,-1.5429998636245728,0.038880009204149246,-0.030385009944438934,-0.03416500985622406,-0.03003498911857605,-0.03258999437093735,-0.05515999346971512,-0.14153999090194702,-0.14048998057842255,-0.14468999207019806,-0.14710499346256256,0.36910131573677063,0.36573249101638794,0.36931121349334717,0.3636675179004669,0.3627399802207947,0.3633349537849426,0.3728812336921692,0.3710786998271942,0.3659687340259552,0.37119248509407043]","[-0.049019118701466774,-0.19217971644579906,1.1160317348816973,2.8825559180792415,0.1589435743175724,-1.5429998466092598,0.038880009204149246,-0.030385009944438934,-0.03416500985622406,-0.03003498911857605,-0.03258999437093735,-0.05515999346971512,-0.14153999090194702,-0.14048998057842255,-0.14468999207019806,-0.14710499346256256,0.36910131573677063,0.36573249101638794,0.36931121349334717,0.3636675179004669,0.3627399802207947,0.3633349537849426,0.3728812336921692,0.3710786998271942,0.3659687340259552,0.37119248509407043]","[-0.01413317397236824,0.012982189655303955,-0.006187796592712402,-0.01744818687438965,0.007977724075317383,-0.027281641960144043,-2.5466084480285645e-05,4.3414533138275146e-05,2.1398067474365234e-05,0.039984144270420074,-0.06663352251052856,-7.4356794357299805e-06,-5.349516868591309e-06,-8.702278137207031e-06,-0.04185756295919418,0.09323495626449585,-2.205371856689453e-05,3.5762786865234375e-07,2.6553869247436523e-05,0.003832191228866577,0.004947930574417114,2.2649765014648438e-06,9.08970832824707e-06,-7.748603820800781e-07,2.9802322387695312e-08,0.002779722213745117]","[0.11613303422927856,-0.15548622608184814,1.015376091003418]","[-0.2660089135169983,0.28790250420570374,-0.5965445041656494,0.7003471255302429]","[0.2635810971260071,-0.23183591663837433,-0.1886540651321411]","[2.118104934692383,0.9255183339118958,0.2901995778083801]","[-0.1599999964237213,-0.30000001192092896,0.7400000095367432]","[0.7070000171661377,0.7070000171661377,0.0,0.0]","[-0.03488580882549286,-0.20516183972358704,1.122219443321228]","[0.13872918486595154,0.712717592716217,0.6870163679122925,-0.028219757601618767]","[""right_finger2_link3"",""right_finger2_link4"",""right_finger3_link3"",""right_finger3_link4"",""right_finger4_link3"",""right_finger4_link4""]","[[0.015041671693325043,-0.251428484916687,0.9966503381729126],[0.017286118119955063,-0.25097501277923584,0.9672393202781677],[-0.014104573987424374,-0.2555418312549591,0.996130645275116],[-0.013248013332486153,-0.2551109194755554,0.9666462540626526],[-0.03879107907414436,-0.2520481050014496,0.9974445700645447],[-0.03918583691120148,-0.2525038719177246,0.967950701713562]]","[0.0,0.0,0.0,0.0,47.03472567341648,0.0]","[[0.0,0.0,0.0],[0.0,0.0,0.0],[0.0,0.0,0.0],[0.0,0.0,0.0],[1.363358736038208,-6.905521392822266,-46.50505828857422],[0.0,0.0,0.0]]",0.0,"[0.0,0.0,0.0]",0.0,"[0.0,0.0,0.0]",[],[],False,False,False,False,False,[],-0.01590438503972269,0.14457228888239912,47.00552450734556,0.14650813356498799,47.00552450734556,0.0,0.0,0,0,0,True,HARD_FORCE_ABORT,True
66,attempt_0,FAILED,"[-0.0348796471953392,-0.20515933632850647,1.1222167015075684,2.8999979496002197,0.15092743933200836,-1.515730857849121,0.038905322551727295,-0.030425362288951874,-0.03418543562293053,-0.07000889629125595,0.03407799080014229,-0.05515256151556969,-0.14153458178043365,-0.14048133790493011,-0.1028534471988678,-0.24030911922454834,0.3691228926181793,0.36573314666748047,0.3692879378795624,0.3598429560661316,0.35775527358055115,0.3633325397968292,0.372871994972229,0.3710789680480957,0.3659677803516388,0.3684317171573639]","[-0.049019116908311844,-0.19217970967292786,1.1160317659378052,2.8825559616088867,0.15894357860088348,-1.5429998636245728,0.038880009204149246,-0.030385009944438934,-0.03416500985622406,-0.03003498911857605,-0.03258999437093735,-0.05515999346971512,-0.14153999090194702,-0.14048998057842255,-0.14468999207019806,-0.14710499346256256,0.36910131573677063,0.36573249101638794,0.36931121349334717,0.3636675179004669,0.3627399802207947,0.3633349537849426,0.3728812336921692,0.3710786998271942,0.3659687340259552,0.37119248509407043]","[-0.049019118701466774,-0.19217971644579906,1.1160317348816973,2.8825559180792415,0.1589435743175724,-1.5429998466092598,0.038880009204149246,-0.030385009944438934,-0.03416500985622406,-0.03003498911857605,-0.03258999437093735,-0.05515999346971512,-0.14153999090194702,-0.14048998057842255,-0.14468999207019806,-0.14710499346256256,0.36910131573677063,0.36573249101638794,0.36931121349334717,0.3636675179004669,0.3627399802207947,0.3633349537849426,0.3728812336921692,0.3710786998271942,0.3659687340259552,0.37119248509407043]","[-0.014139469712972641,0.012979626655578613,-0.006184935569763184,-0.017441987991333008,0.008016139268875122,-0.02726900577545166,-2.5313347578048706e-05,4.035234451293945e-05,2.0425766706466675e-05,0.0399739071726799,-0.06666798889636993,-7.4319541454315186e-06,-5.409121513366699e-06,-8.64267349243164e-06,-0.04183654487133026,0.09320412576198578,-2.1576881408691406e-05,-6.556510925292969e-07,2.327561378479004e-05,0.003824561834335327,0.00498470664024353,2.4139881134033203e-06,9.238719940185547e-06,-2.682209014892578e-07,9.5367431640625e-07,0.002760767936706543]","[0.11613327264785767,-0.15548253059387207,1.015382170677185]","[-0.2660272419452667,0.28789564967155457,-0.5965500473976135,0.7003381252288818]","[0.2594600319862366,-0.23631201684474945,-0.19582588970661163]","[2.0838747024536133,0.8389297127723694,0.32534563541412354]","[-0.1599999964237213,-0.30000001192092896,0.7400000095367432]","[0.7070000171661377,0.7070000171661377,0.0,0.0]","[-0.03487950935959816,-0.2051592767238617,1.1222165822982788]","[0.1387181580066681,0.7127155065536499,0.6870201230049133,-0.02823667787015438]","[""right_finger2_link3"",""right_finger2_link4"",""right_finger3_link3"",""right_finger3_link4"",""right_finger4_link3"",""right_finger4_link4""]","[[0.01504299882799387,-0.25142666697502136,0.9966458082199097],[0.017286226153373718,-0.25097331404685974,0.96723473072052],[-0.014103246852755547,-0.2555401921272278,0.9961273670196533],[-0.013247882947325706,-0.25510936975479126,0.9666429162025452],[-0.03879054635763168,-0.25204598903656006,0.9974420070648193],[-0.03918701037764549,-0.25250136852264404,0.9679481983184814]]","[0.0,0.0,0.0,0.0,46.824726978612496,0.0]","[[0.0,0.0,0.0],[0.0,0.0,0.0],[0.0,0.0,0.0],[0.0,0.0,0.0],[1.3627891540527344,-6.871440410614014,-46.29774475097656],[0.0,0.0,0.0]]",0.0,"[0.0,0.0,0.0]",0.0,"[0.0,0.0,0.0]",[],[],False,False,False,False,False,[],-0.015896254578969593,0.1445757148783355,47.00620209791742,0.1465127591747841,47.00620209791742,0.0,0.0,0,0,0,True,HARD_FORCE_ABORT,True
67,attempt_0,FAILED,"[-0.03487585484981537,-0.205159530043602,1.1222145557403564,2.9000048637390137,0.1509041041135788,-1.5157418251037598,0.03890330716967583,-0.03042653761804104,-0.03418520465493202,-0.07001126557588577,0.03404560312628746,-0.055153150111436844,-0.1415344625711441,-0.1404820680618286,-0.10284488648176193,-0.24032826721668243,0.3691208064556122,0.36573153734207153,0.36928611993789673,0.3598400056362152,0.3577861785888672,0.3633318543434143,0.3728727102279663,0.37107938528060913,0.3659678101539612,0.3684210777282715]","[-0.049019116908311844,-0.19217970967292786,1.1160317659378052,2.8825559616088867,0.15894357860088348,-1.5429998636245728,0.038880009204149246,-0.030385009944438934,-0.03416500985622406,-0.03003498911857605,-0.03258999437093735,-0.05515999346971512,-0.14153999090194702,-0.14048998057842255,-0.14468999207019806,-0.14710499346256256,0.36910131573677063,0.36573249101638794,0.36931121349334717,0.3636675179004669,0.3627399802207947,0.3633349537849426,0.3728812336921692,0.3710786998271942,0.3659687340259552,0.37119248509407043]","[-0.049019118701466774,-0.19217971644579906,1.1160317348816973,2.8825559180792415,0.1589435743175724,-1.5429998466092598,0.038880009204149246,-0.030385009944438934,-0.03416500985622406,-0.03003498911857605,-0.03258999437093735,-0.05515999346971512,-0.14153999090194702,-0.14048998057842255,-0.14468999207019806,-0.14710499346256256,0.36910131573677063,0.36573249101638794,0.36931121349334717,0.3636675179004669,0.3627399802207947,0.3633349537849426,0.3728812336921692,0.3710786998271942,0.3659687340259552,0.37119248509407043]","[-0.014143262058496475,0.012979820370674133,-0.0061827898025512695,-0.017448902130126953,0.008039474487304688,-0.02725803852081299,-2.329796552658081e-05,4.152767360210419e-05,2.0194798707962036e-05,0.03997627645730972,-0.06663559377193451,-6.843358278274536e-06,-5.5283308029174805e-06,-7.912516593933105e-06,-0.04184510558843613,0.09322327375411987,-1.9490718841552734e-05,9.5367431640625e-07,2.5093555450439453e-05,0.003827512264251709,0.00495380163192749,3.0994415283203125e-06,8.52346420288086e-06,-6.854534149169922e-07,9.238719940185547e-07,0.00277140736579895]","[0.11613646149635315,-0.15548506379127502,1.015356183052063]","[-0.26597967743873596,0.28793585300445557,-0.5965487360954285,0.700340747833252]","[0.2557092010974884,-0.23753105103969574,-0.1892135888338089]","[2.159165382385254,0.852117121219635,0.3504081070423126]","[-0.1599999964237213,-0.30000001192092896,0.7400000095367432]","[0.7070000171661377,0.7070000171661377,0.0,0.0]","[-0.034875717014074326,-0.20515947043895721,1.122214436531067]","[0.13870778679847717,0.7127138376235962,0.6870236992835999,-0.02824353612959385]","[""right_finger2_link3"",""right_finger2_link4"",""right_finger3_link3"",""right_finger3_link4"",""right_finger4_link3"",""right_finger4_link4""]","[[0.015043881721794605,-0.25142601132392883,0.996641993522644],[0.01728639006614685,-0.25097259879112244,0.9672308564186096],[-0.014102386310696602,-0.2555396258831024,0.9961243867874146],[-0.01324777863919735,-0.25510868430137634,0.9666399359703064],[-0.03878931328654289,-0.2520456910133362,0.9974397420883179],[-0.03918631002306938,-0.25250113010406494,0.96794593334198]]","[0.0,0.0,0.0,0.0,46.911803506468566,0.0]","[[0.0,0.0,0.0],[0.0,0.0,0.0],[0.0,0.0,0.0],[0.0,0.0,0.0],[1.3665393590927124,-6.882684230804443,-46.384033203125],[0.0,0.0,0.0]]",0.0,"[0.0,0.0,0.0]",0.0,"[0.0,0.0,0.0]",[],[],False,False,False,False,False,[],-0.015913674654802756,0.1445739456987145,47.00592968508163,0.1465056919911784,47.00592968508163,0.0,0.0,0,0,0,True,HARD_FORCE_ABORT,True
68,attempt_0,FAILED,"[-0.034871917217969894,-0.20516140758991241,1.122211217880249,2.9000158309936523,0.15089043974876404,-1.5157374143600464,0.03890407085418701,-0.030427660793066025,-0.03418583795428276,-0.07002361863851547,0.03403400629758835,-0.055153023451566696,-0.1415347158908844,-0.14048194885253906,-0.10283388942480087,-0.24033835530281067,0.3691219091415405,0.3657313287258148,0.36928504705429077,0.35983502864837646,0.3578026294708252,0.36333200335502625,0.3728727698326111,0.37107956409454346,0.3659680485725403,0.36841434240341187]","[-0.049019116908311844,-0.19217970967292786,1.1160317659378052,2.8825559616088867,0.15894357860088348,-1.5429998636245728,0.038880009204149246,-0.030385009944438934,-0.03416500985622406,-0.03003498911857605,-0.03258999437093735,-0.05515999346971512,-0.14153999090194702,-0.14048998057842255,-0.14468999207019806,-0.14710499346256256,0.36910131573677063,0.36573249101638794,0.36931121349334717,0.3636675179004669,0.3627399802207947,0.3633349537849426,0.3728812336921692,0.3710786998271942,0.3659687340259552,0.37119248509407043]","[-0.049019118701466774,-0.19217971644579906,1.1160317348816973,2.8825559180792415,0.1589435743175724,-1.5429998466092598,0.038880009204149246,-0.030385009944438934,-0.03416500985622406,-0.03003498911857605,-0.03258999437093735,-0.05515999346971512,-0.14153999090194702,-0.14048998057842255,-0.14468999207019806,-0.14710499346256256,0.36910131573677063,0.36573249101638794,0.36931121349334717,0.3636675179004669,0.3627399802207947,0.3633349537849426,0.3728812336921692,0.3710786998271942,0.3659687340259552,0.37119248509407043]","[-0.01414719969034195,0.012981697916984558,-0.006179451942443848,-0.017459869384765625,0.008053138852119446,-0.027262449264526367,-2.4061650037765503e-05,4.2650848627090454e-05,2.082809805870056e-05,0.03998862951993942,-0.0666240006685257,-6.970018148422241e-06,-5.27501106262207e-06,-8.031725883483887e-06,-0.041856102645397186,0.09323336184024811,-2.059340476989746e-05,1.1622905731201172e-06,2.6166439056396484e-05,0.003832489252090454,0.004937350749969482,2.950429916381836e-06,8.463859558105469e-06,-8.642673492431641e-07,6.854534149169922e-07,0.0027781426906585693]","[0.11613859236240387,-0.15548484027385712,1.0153489112854004]","[-0.2659745514392853,0.2879440188407898,-0.5965533256530762,0.7003355622291565]","[0.2580791711807251,-0.23708482086658478,-0.1873778998851776]","[2.16770076751709,0.8805521726608276,0.3341376483440399]","[-0.1599999964237213,-0.30000001192092896,0.7400000095367432]","[0.7070000171661377,0.7070000171661377,0.0,0.0]","[-0.03487177938222885,-0.20516134798526764,1.1222110986709595]","[0.13869942724704742,0.7127171158790588,0.6870220303535461,-0.028244400396943092]","[""right_finger2_link3"",""right_finger2_link4"",""right_finger3_link3"",""right_finger3_link4"",""right_finger4_link3"",""right_finger4_link4""]","[[0.0150459511205554,-0.2514268755912781,0.996637761592865],[0.01728811487555504,-0.2509731650352478,0.9672265648841858],[-0.01410035602748394,-0.25554022192955017,0.9961203336715698],[-0.013246104121208191,-0.255109041929245,0.9666358232498169],[-0.038786809891462326,-0.25204670429229736,0.9974362850189209],[-0.039183907210826874,-0.25250232219696045,0.9679424166679382]]","[0.0,0.0,0.0,0.0,46.98987410637215,0.0]","[[0.0,0.0,0.0],[0.0,0.0,0.0],[0.0,0.0,0.0],[0.0,0.0,0.0],[1.363529086112976,-6.896663188934326,-46.46100616455078],[0.0,0.0,0.0]]",0.0,"[0.0,0.0,0.0]",0.0,"[0.0,0.0,0.0]",[],[],False,False,False,False,False,[],-0.015915860341228272,0.14457428096259822,47.006075587120804,0.14650453378913475,47.006075587120804,0.0,0.0,0,0,0,True,HARD_FORCE_ABORT,True
69,attempt_0,FAILED,"[-0.034866735339164734,-0.20516034960746765,1.1222093105316162,2.9000160694122314,0.1508619785308838,-1.5157463550567627,0.038904666900634766,-0.030426157638430595,-0.034185562282800674,-0.07002177089452744,0.03403156250715256,-0.055152684450149536,-0.14153458178043365,-0.1404816061258316,-0.10284293442964554,-0.24032199382781982,0.36912208795547485,0.3657320737838745,0.36928680539131165,0.35983729362487793,0.3577970862388611,0.36333200335502625,0.3728722035884857,0.37107914686203003,0.36596766114234924,0.36841756105422974]","[-0.049019116908311844,-0.19217970967292786,1.1160317659378052,2.8825559616088867,0.15894357860088348,-1.5429998636245728,0.038880009204149246,-0.030385009944438934,-0.03416500985622406,-0.03003498911857605,-0.03258999437093735,-0.05515999346971512,-0.14153999090194702,-0.14048998057842255,-0.14468999207019806,-0.14710499346256256,0.36910131573677063,0.36573249101638794,0.36931121349334717,0.3636675179004669,0.3627399802207947,0.3633349537849426,0.3728812336921692,0.3710786998271942,0.3659687340259552,0.37119248509407043]","[-0.049019118701466774,-0.19217971644579906,1.1160317348816973,2.8825559180792415,0.1589435743175724,-1.5429998466092598,0.038880009204149246,-0.030385009944438934,-0.03416500985622406,-0.03003498911857605,-0.03258999437093735,-0.05515999346971512,-0.14153999090194702,-0.14048998057842255,-0.14468999207019806,-0.14710499346256256,0.36910131573677063,0.36573249101638794,0.36931121349334717,0.3636675179004669,0.3627399802207947,0.3633349537849426,0.3728812336921692,0.3710786998271942,0.3659687340259552,0.37119248509407043]","[-0.01415238156914711,0.012980639934539795,-0.006177544593811035,-0.017460107803344727,0.008081600069999695,-0.02725350856781006,-2.465769648551941e-05,4.114769399166107e-05,2.055242657661438e-05,0.039986781775951385,-0.0666215568780899,-7.309019565582275e-06,-5.409121513366699e-06,-8.374452590942383e-06,-0.04184705764055252,0.09321700036525726,-2.0772218704223633e-05,4.172325134277344e-07,2.440810203552246e-05,0.0038302242755889893,0.004942893981933594,2.950429916381836e-06,9.03010368347168e-06,-4.470348358154297e-07,1.0728836059570312e-06,0.0027749240398406982]","[0.11614188551902771,-0.15548494458198547,1.0153297185897827]","[-0.26593849062919617,0.2879807651042938,-0.5965589880943298,0.7003293037414551]","[0.2599162459373474,-0.23556233942508698,-0.1981688141822815]","[2.1269278526306152,0.8284140229225159,0.3215186893939972]","[-0.1599999964237213,-0.30000001192092896,0.7400000095367432]","[0.7070000171661377,0.7070000171661377,0.0,0.0]","[-0.03486659750342369,-0.20516027510166168,1.1222091913223267]","[0.1386895775794983,0.7127159237861633,0.6870246529579163,-0.028255192562937737]","[""right_finger2_link3"",""right_finger2_link4"",""right_finger3_link3"",""right_finger3_link4"",""right_finger4_link3"",""right_finger4_link4""]","[[0.015047485008835793,-0.25142577290534973,0.996634304523468],[0.01728876121342182,-0.25097203254699707,0.967223048210144],[-0.014098802581429482,-0.2555392384529114,0.9961177110671997],[-0.013245412148535252,-0.2551079988479614,0.9666332006454468],[-0.03878564015030861,-0.2520456314086914,0.9974344372749329],[-0.0391838513314724,-0.25250113010406494,0.9679405689239502]]","[0.0,0.0,0.0,0.0,47.00313034823946,0.0]","[[0.0,0.0,0.0],[0.0,0.0,0.0],[0.0,0.0,0.0],[0.0,0.0,0.0],[1.3628654479980469,-6.898351669311523,-46.47418212890625],[0.0,0.0,0.0]]",0.0,"[0.0,0.0,0.0]",0.0,"[0.0,0.0,0.0]",[],[],False,False,False,False,False,[],-0.015926677560800462,0.14457466283793025,47.006192971254436,0.1465009804673115,47.006192971254436,0.0,0.0,0,0,0,True,HARD_FORCE_ABORT,True
70,attempt_0,FAILED,"[-0.034864187240600586,-0.20515991747379303,1.122207760810852,2.9000186920166016,0.15084673464298248,-1.5157501697540283,0.03890405595302582,-0.030425850301980972,-0.034185197204351425,-0.07002285122871399,0.034032780677080154,-0.05515308305621147,-0.14153450727462769,-0.14048178493976593,-0.10283749550580978,-0.24033229053020477,0.36912113428115845,0.3657323122024536,0.3692871332168579,0.35983794927597046,0.3578031063079834,0.36333197355270386,0.3728722333908081,0.3710795044898987,0.3659670948982239,0.36841538548469543]","[-0.049019116908311844,-0.19217970967292786,1.1160317659378052,2.8825559616088867,0.15894357860088348,-1.5429998636245728,0.038880009204149246,-0.030385009944438934,-0.03416500985622406,-0.03003498911857605,-0.03258999437093735,-0.05515999346971512,-0.14153999090194702,-0.14048998057842255,-0.14468999207019806,-0.14710499346256256,0.36910131573677063,0.36573249101638794,0.36931121349334717,0.3636675179004669,0.3627399802207947,0.3633349537849426,0.3728812336921692,0.3710786998271942,0.3659687340259552,0.37119248509407043]","[-0.049019118701466774,-0.19217971644579906,1.1160317348816973,2.8825559180792415,0.1589435743175724,-1.5429998466092598,0.038880009204149246,-0.030385009944438934,-0.03416500985622406,-0.03003498911857605,-0.03258999437093735,-0.05515999346971512,-0.14153999090194702,-0.14048998057842255,-0.14468999207019806,-0.14710499346256256,0.36910131573677063,0.36573249101638794,0.36931121349334717,0.3636675179004669,0.3627399802207947,0.3633349537849426,0.3728812336921692,0.3710786998271942,0.3659687340259552,0.37119248509407043]","[-0.014154929667711258,0.012980207800865173,-0.006175994873046875,-0.017462730407714844,0.008096843957901001,-0.027249693870544434,-2.4046748876571655e-05,4.0840357542037964e-05,2.0187348127365112e-05,0.03998786211013794,-0.0666227787733078,-6.910413503646851e-06,-5.4836273193359375e-06,-8.195638656616211e-06,-0.041852496564388275,0.09322729706764221,-1.9818544387817383e-05,1.7881393432617188e-07,2.4080276489257812e-05,0.00382956862449646,0.004936873912811279,2.9802322387695312e-06,9.000301361083984e-06,-8.046627044677734e-07,1.6391277313232422e-06,0.002777099609375]","[0.11614076793193817,-0.15548235177993774,1.0153402090072632]","[-0.26596611738204956,0.2879602313041687,-0.5965574979782104,0.7003286480903625]","[0.2562464475631714,-0.2371005266904831,-0.18553784489631653]","[2.108624219894409,0.9268374443054199,0.3328500986099243]","[-0.1599999964237213,-0.30000001192092896,0.7400000095367432]","[0.7070000171661377,0.7070000171661377,0.0,0.0]","[-0.03486404940485954,-0.20515985786914825,1.1222076416015625]","[0.13868342339992523,0.7127158641815186,0.6870256662368774,-0.028260132297873497]","[""right_finger2_link3"",""right_finger2_link4"",""right_finger3_link3"",""right_finger3_link4"",""right_finger4_link3"",""right_finger4_link4""]","[[0.015048036351799965,-0.2514250576496124,0.996631920337677],[0.017288843169808388,-0.250971257686615,0.9672206044197083],[-0.014098279178142548,-0.25553855299949646,0.9961157441139221],[-0.01324536558240652,-0.25510722398757935,0.9666312336921692],[-0.038784850388765335,-0.25204503536224365,0.9974328875541687],[-0.03918338194489479,-0.2525005340576172,0.967939019203186]]","[0.0,0.0,0.0,0.0,46.85975484289977,0.0]","[[0.0,0.0,0.0],[0.0,0.0,0.0],[0.0,0.0,0.0],[0.0,0.0,0.0],[1.3539774417877197,-6.878471851348877,-46.3323860168457],[0.0,0.0,0.0]]",0.0,"[0.0,0.0,0.0]",0.0,"[0.0,0.0,0.0]",[],[],False,False,False,False,False,[],-0.015918353776756544,0.14457692486025672,47.00665165191014,0.14650536089262917,47.00665165191014,0.0,0.0,0,0,0,True,HARD_FORCE_ABORT,True
71,attempt_0,FAILED,"[-0.03486090898513794,-0.2051612287759781,1.1222050189971924,2.9000236988067627,0.15083327889442444,-1.515745759010315,0.03890477865934372,-0.03042725659906864,-0.03418587148189545,-0.07002922892570496,0.03403263911604881,-0.05515291169285774,-0.14153467118740082,-0.14048174023628235,-0.10283403098583221,-0.24033315479755402,0.36912211775779724,0.3657325208187103,0.36928585171699524,0.3598344326019287,0.3578040301799774,0.36333200335502625,0.37287187576293945,0.37107980251312256,0.36596769094467163,0.3684142231941223]","[-0.049019116908311844,-0.19217970967292786,1.1160317659378052,2.8825559616088867,0.15894357860088348,-1.5429998636245728,0.038880009204149246,-0.030385009944438934,-0.03416500985622406,-0.03003498911857605,-0.03258999437093735,-0.05515999346971512,-0.14153999090194702,-0.14048998057842255,-0.14468999207019806,-0.14710499346256256,0.36910131573677063,0.36573249101638794,0.36931121349334717,0.3636675179004669,0.3627399802207947,0.3633349537849426,0.3728812336921692,0.3710786998271942,0.3659687340259552,0.37119248509407043]","[-0.049019118701466774,-0.19217971644579906,1.1160317348816973,2.8825559180792415,0.1589435743175724,-1.5429998466092598,0.038880009204149246,-0.030385009944438934,-0.03416500985622406,-0.03003498911857605,-0.03258999437093735,-0.05515999346971512,-0.14153999090194702,-0.14048998057842255,-0.14468999207019806,-0.14710499346256256,0.36910131573677063,0.36573249101638794,0.36931121349334717,0.3636675179004669,0.3627399802207947,0.3633349537849426,0.3728812336921692,0.3710786998271942,0.3659687340259552,0.37119248509407043]","[-0.014158207923173904,0.012981519103050232,-0.006173253059387207,-0.017467737197875977,0.008110299706459045,-0.027254104614257812,-2.4769455194473267e-05,4.2246654629707336e-05,2.086162567138672e-05,0.039994239807128906,-0.06662262976169586,-7.081776857376099e-06,-5.319714546203613e-06,-8.240342140197754e-06,-0.041855961084365845,0.09322816133499146,-2.0802021026611328e-05,-2.9802322387695312e-08,2.536177635192871e-05,0.003833085298538208,0.004935950040817261,2.950429916381836e-06,9.357929229736328e-06,-1.1026859283447266e-06,1.043081283569336e-06,0.00277826189994812]","[0.11614008247852325,-0.15547898411750793,1.015353798866272]","[-0.2660027742385864,0.2879341244697571,-0.5965592265129089,0.7003239989280701]","[0.2586703896522522,-0.23653820157051086,-0.18833141028881073]","[2.150169849395752,0.8789710998535156,0.3326866626739502]","[-0.1599999964237213,-0.30000001192092896,0.7400000095367432]","[0.7070000171661377,0.7070000171661377,0.0,0.0]","[-0.034860771149396896,-0.2051611691713333,1.1222048997879028]","[0.1386772245168686,0.7127185463905334,0.6870241761207581,-0.028263069689273834]","[""right_finger2_link3"",""right_finger2_link4"",""right_finger3_link3"",""right_finger3_link4"",""right_finger4_link3"",""right_finger4_link4""]","[[0.015049478970468044,-0.251426100730896,0.9966282248497009],[0.017289940267801285,-0.2509721517562866,0.9672169089317322],[-0.01409688126295805,-0.2555393576622009,0.9961124062538147],[-0.013244323432445526,-0.25510793924331665,0.9666278958320618],[-0.03878331184387207,-0.2520459294319153,0.9974300265312195],[-0.0391821414232254,-0.25250154733657837,0.9679362773895264]]","[0.0,0.0,0.0,0.0,46.98775826403957,0.0]","[[0.0,0.0,0.0],[0.0,0.0,0.0],[0.0,0.0,0.0],[0.0,0.0,0.0],[1.360669493675232,-6.8960466384887695,-46.459041595458984],[0.0,0.0,0.0]]",0.0,"[0.0,0.0,0.0]",0.0,"[0.0,0.0,0.0]",[],[],False,False,False,False,False,[],-0.015906319594968132,0.1445798041022429,47.007247169529215,0.14651098496022288,47.007247169529215,0.0,0.0,0,0,0,True,HARD_FORCE_ABORT,True
72,attempt_0,FAILED,"[-0.03485758602619171,-0.205160453915596,1.1222031116485596,2.9000258445739746,0.15080952644348145,-1.515755534172058,0.038904037326574326,-0.030425753444433212,-0.03418523818254471,-0.07002559304237366,0.03402657061815262,-0.055152907967567444,-0.14153437316417694,-0.1404816061258316,-0.10284341871738434,-0.24032220244407654,0.3691212236881256,0.3657323122024536,0.3692871630191803,0.35983702540397644,0.35780441761016846,0.36333179473876953,0.37287166714668274,0.3710796535015106,0.36596712470054626,0.3684147894382477]","[-0.049019116908311844,-0.19217970967292786,1.1160317659378052,2.8825559616088867,0.15894357860088348,-1.5429998636245728,0.038880009204149246,-0.030385009944438934,-0.03416500985622406,-0.03003498911857605,-0.03258999437093735,-0.05515999346971512,-0.14153999090194702,-0.14048998057842255,-0.14468999207019806,-0.14710499346256256,0.36910131573677063,0.36573249101638794,0.36931121349334717,0.3636675179004669,0.3627399802207947,0.3633349537849426,0.3728812336921692,0.3710786998271942,0.3659687340259552,0.37119248509407043]","[-0.049019118701466774,-0.19217971644579906,1.1160317348816973,2.8825559180792415,0.1589435743175724,-1.5429998466092598,0.038880009204149246,-0.030385009944438934,-0.03416500985622406,-0.03003498911857605,-0.03258999437093735,-0.05515999346971512,-0.14153999090194702,-0.14048998057842255,-0.14468999207019806,-0.14710499346256256,0.36910131573677063,0.36573249101638794,0.36931121349334717,0.3636675179004669,0.3627399802207947,0.3633349537849426,0.3728812336921692,0.3710786998271942,0.3659687340259552,0.37119248509407043]","[-0.014161530882120132,0.012980744242668152,-0.0061713457107543945,-0.01746988296508789,0.008134052157402039,-0.02724432945251465,-2.4028122425079346e-05,4.0743499994277954e-05,2.0228326320648193e-05,0.03999060392379761,-0.06661656498908997,-7.0855021476745605e-06,-5.617737770080566e-06,-8.374452590942383e-06,-0.04184657335281372,0.09321720898151398,-1.990795135498047e-05,1.7881393432617188e-07,2.4050474166870117e-05,0.0038304924964904785,0.004935562610626221,3.159046173095703e-06,9.566545486450195e-06,-9.5367431640625e-07,1.6093254089355469e-06,0.002777695655822754]","[0.11614418029785156,-0.15548305213451385,1.015321135520935]","[-0.2659356892108917,0.2879911959171295,-0.5965659022331238,0.7003202438354492]","[0.25789710879325867,-0.23684826493263245,-0.1997251659631729]","[2.1286704540252686,0.805271327495575,0.34988147020339966]","[-0.1599999964237213,-0.30000001192092896,0.7400000095367432]","[0.7070000171661377,0.7070000171661377,0.0,0.0]","[-0.03485744819045067,-0.20516039431095123,1.12220299243927]","[0.13866829872131348,0.7127168774604797,0.6870272159576416,-0.028271522372961044]","[""right_finger2_link3"",""right_finger2_link4"",""right_finger3_link3"",""right_finger3_link4"",""right_finger4_link3"",""right_finger4_link4""]","[[0.015049814246594906,-0.25142499804496765,0.9966250658035278],[0.017289534211158752,-0.2509709894657135,0.9672136902809143],[-0.014096531085669994,-0.2555384039878845,0.9961100220680237],[-0.013244706206023693,-0.2551068663597107,0.966625452041626],[-0.03878334164619446,-0.2520448565483093,0.9974281191825867],[-0.039183150976896286,-0.2525002360343933,0.9679343700408936]]","[0.0,0.0,0.0,0.0,46.95847048110219,0.0]","[[0.0,0.0,0.0],[0.0,0.0,0.0],[0.0,0.0,0.0],[0.0,0.0,0.0],[1.3635308742523193,-6.889724254608154,-46.430274963378906],[0.0,0.0,0.0]]",0.0,"[0.0,0.0,0.0]",0.0,"[0.0,0.0,0.0]",[],[],False,False,False,False,False,[],-0.01592683902918446,0.14457670004534623,47.0066391641737,0.14650123328850692,47.0066391641737,0.0,0.0,0,0,0,True,HARD_FORCE_ABORT,True
73,attempt_0,FAILED,"[-0.0348564013838768,-0.20516110956668854,1.1222018003463745,2.9000301361083984,0.1507992297410965,-1.515758991241455,0.03890332952141762,-0.030426234006881714,-0.03418511897325516,-0.07002618908882141,0.034015215933322906,-0.05515322461724281,-0.14153431355953217,-0.14048193395137787,-0.10283440351486206,-0.24033768475055695,0.36912068724632263,0.36573171615600586,0.36928650736808777,0.3598356544971466,0.3578204810619354,0.36333218216896057,0.372871994972229,0.3710801303386688,0.365966796875,0.368407666683197]","[-0.049019116908311844,-0.19217970967292786,1.1160317659378052,2.8825559616088867,0.15894357860088348,-1.5429998636245728,0.038880009204149246,-0.030385009944438934,-0.03416500985622406,-0.03003498911857605,-0.03258999437093735,-0.05515999346971512,-0.14153999090194702,-0.14048998057842255,-0.14468999207019806,-0.14710499346256256,0.36910131573677063,0.36573249101638794,0.36931121349334717,0.3636675179004669,0.3627399802207947,0.3633349537849426,0.3728812336921692,0.3710786998271942,0.3659687340259552,0.37119248509407043]","[-0.049019118701466774,-0.19217971644579906,1.1160317348816973,2.8825559180792415,0.1589435743175724,-1.5429998466092598,0.038880009204149246,-0.030385009944438934,-0.03416500985622406,-0.03003498911857605,-0.03258999437093735,-0.05515999346971512,-0.14153999090194702,-0.14048998057842255,-0.14468999207019806,-0.14710499346256256,0.36910131573677063,0.36573249101638794,0.36931121349334717,0.3636675179004669,0.3627399802207947,0.3633349537849426,0.3728812336921692,0.3710786998271942,0.3659687340259552,0.37119248509407043]","[-0.014162715524435043,0.012981399893760681,-0.006170034408569336,-0.01747417449951172,0.008144348859786987,-0.027240872383117676,-2.3320317268371582e-05,4.122406244277954e-05,2.0109117031097412e-05,0.03999119997024536,-0.06660521030426025,-6.768852472305298e-06,-5.677342414855957e-06,-8.046627044677734e-06,-0.041855588555336,0.09323269128799438,-1.9371509552001953e-05,7.748603820800781e-07,2.4706125259399414e-05,0.0038318634033203125,0.004919499158859253,2.771615982055664e-06,9.238719940185547e-06,-1.430511474609375e-06,1.9371509552001953e-06,0.002784818410873413]","[0.11614455282688141,-0.15548422932624817,1.0153148174285889]","[-0.26592639088630676,0.2879975736141205,-0.5965654253959656,0.7003215551376343]","[0.2558121979236603,-0.2375773787498474,-0.1863006055355072]","[2.127977132797241,0.9083424210548401,0.3350321352481842]","[-0.1599999964237213,-0.30000001192092896,0.7400000095367432]","[0.7070000171661377,0.7070000171661377,0.0,0.0]","[-0.034856267273426056,-0.20516104996204376,1.122201681137085]","[0.1386631429195404,0.712716817855835,0.6870282888412476,-0.02827400714159012]","[""right_finger2_link3"",""right_finger2_link4"",""right_finger3_link3"",""right_finger3_link4"",""right_finger4_link3"",""right_finger4_link4""]","[[0.015049654059112072,-0.2514251172542572,0.9966229796409607],[0.0172890555113554,-0.2509710192680359,0.9672116041183472],[-0.014096710830926895,-0.2555385231971741,0.99610835313797],[-0.013245219364762306,-0.2551068961620331,0.9666237831115723],[-0.038783103227615356,-0.25204506516456604,0.9974266886711121],[-0.03918299451470375,-0.25250041484832764,0.967932939529419]]","[0.0,0.0,0.0,0.0,46.89012322010445,0.0]","[[0.0,0.0,0.0],[0.0,0.0,0.0],[0.0,0.0,0.0],[0.0,0.0,0.0],[1.353675127029419,-6.882295608520508,-46.36254119873047],[0.0,0.0,0.0]]",0.0,"[0.0,0.0,0.0]",0.0,"[0.0,0.0,0.0]",[],[],False,False,False,False,False,[],-0.015930788537886986,0.14457574535997786,47.006469063070256,0.1464989973341248,47.006469063070256,0.0,0.0,0,0,0,True,HARD_FORCE_ABORT,True
74,attempt_0,FAILED,"[-0.034853968769311905,-0.20516251027584076,1.122199535369873,2.900033473968506,0.150791198015213,-1.5157526731491089,0.03890502080321312,-0.0304269976913929,-0.03418584167957306,-0.07003383338451385,0.03402455151081085,-0.055152855813503265,-0.14153461158275604,-0.14048172533512115,-0.10283037275075912,-0.2403363287448883,0.3691224455833435,0.36573269963264465,0.3692862093448639,0.35983341932296753,0.3578145205974579,0.3633323013782501,0.3728714883327484,0.37108007073402405,0.3659672737121582,0.3684087097644806]","[-0.049019116908311844,-0.19217970967292786,1.1160317659378052,2.8825559616088867,0.15894357860088348,-1.5429998636245728,0.038880009204149246,-0.030385009944438934,-0.03416500985622406,-0.03003498911857605,-0.03258999437093735,-0.05515999346971512,-0.14153999090194702,-0.14048998057842255,-0.14468999207019806,-0.14710499346256256,0.36910131573677063,0.36573249101638794,0.36931121349334717,0.3636675179004669,0.3627399802207947,0.3633349537849426,0.3728812336921692,0.3710786998271942,0.3659687340259552,0.37119248509407043]","[-0.049019118701466774,-0.19217971644579906,1.1160317348816973,2.8825559180792415,0.1589435743175724,-1.5429998466092598,0.038880009204149246,-0.030385009944438934,-0.03416500985622406,-0.03003498911857605,-0.03258999437093735,-0.05515999346971512,-0.14153999090194702,-0.14048998057842255,-0.14468999207019806,-0.14710499346256256,0.36910131573677063,0.36573249101638794,0.36931121349334717,0.3636675179004669,0.3627399802207947,0.3633349537849426,0.3728812336921692,0.3710786998271942,0.3659687340259552,0.37119248509407043]","[-0.014165148138999939,0.012982800602912903,-0.006167769432067871,-0.01747751235961914,0.008152380585670471,-0.027247190475463867,-2.501159906387329e-05,4.1987746953964233e-05,2.0831823348999023e-05,0.039998844265937805,-0.0666145458817482,-7.137656211853027e-06,-5.379319190979004e-06,-8.255243301391602e-06,-0.041859619319438934,0.09323133528232574,-2.1129846572875977e-05,-2.086162567138672e-07,2.5004148483276367e-05,0.0038340985774993896,0.004925459623336792,2.652406692504883e-06,9.745359420776367e-06,-1.3709068298339844e-06,1.4603137969970703e-06,0.0027837753295898438]","[0.11614285409450531,-0.1554800420999527,1.015336036682129]","[-0.265979140996933,0.28795841336250305,-0.5965681672096252,0.7003152966499329]","[0.2649732828140259,-0.22980232536792755,-0.19074705243110657]","[2.1170074939727783,0.8996165990829468,0.2954973876476288]","[-0.1599999964237213,-0.30000001192092896,0.7400000095367432]","[0.7070000171661377,0.7070000171661377,0.0,0.0]","[-0.03485383093357086,-0.20516245067119598,1.1221994161605835]","[0.1386594921350479,0.7127197980880737,0.6870259642601013,-0.028275394812226295]","[""right_finger2_link3"",""right_finger2_link4"",""right_finger3_link3"",""right_finger3_link4"",""right_finger4_link3"",""right_finger4_link4""]","[[0.015050924383103848,-0.25142645835876465,0.9966203570365906],[0.017290139570832253,-0.2509722411632538,0.967208981513977],[-0.01409546285867691,-0.25553959608078003,0.9961056709289551],[-0.013244150206446648,-0.25510790944099426,0.9666211009025574],[-0.038781680166721344,-0.2520463168621063,0.997424304485321],[-0.039181675761938095,-0.25250184535980225,0.9679305553436279]]","[0.0,0.0,0.0,0.0,46.98960091875557,0.0]","[[0.0,0.0,0.0],[0.0,0.0,0.0],[0.0,0.0,0.0],[0.0,0.0,0.0],[1.3556220531463623,-6.897414207458496,-46.46084976196289],[0.0,0.0,0.0]]",0.0,"[0.0,0.0,0.0]",0.0,"[0.0,0.0,0.0]",[],[],False,False,False,False,False,[],-0.015913635830410167,0.14457922130932482,47.007184759314974,0.14650677275516605,47.007184759314974,0.0,0.0,0,0,0,True,HARD_FORCE_ABORT,True
75,attempt_0,FAILED,"[-0.03485186770558357,-0.20516030490398407,1.1221976280212402,2.900023937225342,0.15076668560504913,-1.515763282775879,0.03890427201986313,-0.030424339696764946,-0.03418482467532158,-0.07001689076423645,0.03407139703631401,-0.05515299737453461,-0.1415344476699829,-0.14048177003860474,-0.10285423696041107,-0.2403072863817215,0.3691213130950928,0.36573320627212524,0.3692888617515564,0.35984236001968384,0.35776838660240173,0.36333227157592773,0.3728715777397156,0.37107953429222107,0.365966260433197,0.3684301972389221]","[-0.049019116908311844,-0.19217970967292786,1.1160317659378052,2.8825559616088867,0.15894357860088348,-1.5429998636245728,0.038880009204149246,-0.030385009944438934,-0.03416500985622406,-0.03003498911857605,-0.03258999437093735,-0.05515999346971512,-0.14153999090194702,-0.14048998057842255,-0.14468999207019806,-0.14710499346256256,0.36910131573677063,0.36573249101638794,0.36931121349334717,0.3636675179004669,0.3627399802207947,0.3633349537849426,0.3728812336921692,0.3710786998271942,0.3659687340259552,0.37119248509407043]","[-0.049019118701466774,-0.19217971644579906,1.1160317348816973,2.8825559180792415,0.1589435743175724,-1.5429998466092598,0.038880009204149246,-0.030385009944438934,-0.03416500985622406,-0.03003498911857605,-0.03258999437093735,-0.05515999346971512,-0.14153999090194702,-0.14048998057842255,-0.14468999207019806,-0.14710499346256256,0.36910131573677063,0.36573249101638794,0.36931121349334717,0.3636675179004669,0.3627399802207947,0.3633349537849426,0.3728812336921692,0.3710786998271942,0.3659687340259552,0.37119248509407043]","[-0.014167249202728271,0.012980595231056213,-0.006165862083435059,-0.017467975616455078,0.00817689299583435,-0.027236580848693848,-2.4262815713882446e-05,3.932975232601166e-05,1.981481909751892e-05,0.0399819016456604,-0.06666138768196106,-6.996095180511475e-06,-5.543231964111328e-06,-8.210539817810059e-06,-0.04183575510978699,0.09320229291915894,-1.9997358322143555e-05,-7.152557373046875e-07,2.2351741790771484e-05,0.003825157880783081,0.004971593618392944,2.682209014892578e-06,9.655952453613281e-06,-8.344650268554688e-07,2.473592758178711e-06,0.0027622878551483154]","[0.11614197492599487,-0.1554795354604721,1.01534104347229]","[-0.2659882605075836,0.28795143961906433,-0.5965732932090759,0.7003103494644165]","[0.25771093368530273,-0.23794612288475037,-0.19460999965667725]","[2.0726587772369385,0.8383300304412842,0.3411329686641693]","[-0.1599999964237213,-0.30000001192092896,0.7400000095367432]","[0.7070000171661377,0.7070000171661377,0.0,0.0]","[-0.03485172986984253,-0.2051602452993393,1.1221975088119507]","[0.13865436613559723,0.7127172350883484,0.6870290637016296,-0.028288286179304123]","[""right_finger2_link3"",""right_finger2_link4"",""right_finger3_link3"",""right_finger3_link4"",""right_finger4_link3"",""right_finger4_link4""]","[[0.015049903653562069,-0.2514253258705139,0.9966175556182861],[0.0172883290797472,-0.25097134709358215,0.9672060608863831],[-0.014096494764089584,-0.2555386424064636,0.9961037039756775],[-0.013245959766209126,-0.25510716438293457,0.9666191339492798],[-0.03878360986709595,-0.2520446479320526,0.9974227547645569],[-0.03918495029211044,-0.25249963998794556,0.9679290056228638]]","[0.0,0.0,0.0,0.0,46.73140296327674,0.0]","[[0.0,0.0,0.0],[0.0,0.0,0.0],[0.0,0.0,0.0],[0.0,0.0,0.0],[1.353581190109253,-6.856587886810303,-46.205833435058594],[0.0,0.0,0.0]]",0.0,"[0.0,0.0,0.0]",0.0,"[0.0,0.0,0.0]",[],[],False,False,False,False,False,[],-0.01590722172050829,0.1445796007852771,47.0071513166057,0.14650817246612188,47.0071513166057,0.0,0.0,0,0,0,True,HARD_FORCE_ABORT,True
76,attempt_0,FAILED,"[-0.034851133823394775,-0.205161452293396,1.1221966743469238,2.900028705596924,0.1507546454668045,-1.5157737731933594,0.03890266269445419,-0.030426742509007454,-0.034185104072093964,-0.07001788914203644,0.03402740880846977,-0.055153362452983856,-0.14153453707695007,-0.14048226177692413,-0.10284291207790375,-0.24033017456531525,0.36911988258361816,0.3657306730747223,0.3692854940891266,0.35983747243881226,0.35780468583106995,0.3633316457271576,0.3728722333908081,0.3710801899433136,0.36596712470054626,0.3684155344963074]","[-0.049019116908311844,-0.19217970967292786,1.1160317659378052,2.8825559616088867,0.15894357860088348,-1.5429998636245728,0.038880009204149246,-0.030385009944438934,-0.03416500985622406,-0.03003498911857605,-0.03258999437093735,-0.05515999346971512,-0.14153999090194702,-0.14048998057842255,-0.14468999207019806,-0.14710499346256256,0.36910131573677063,0.36573249101638794,0.36931121349334717,0.3636675179004669,0.3627399802207947,0.3633349537849426,0.3728812336921692,0.3710786998271942,0.3659687340259552,0.37119248509407043]","[-0.049019118701466774,-0.19217971644579906,1.1160317348816973,2.8825559180792415,0.1589435743175724,-1.5429998466092598,0.038880009204149246,-0.030385009944438934,-0.03416500985622406,-0.03003498911857605,-0.03258999437093735,-0.05515999346971512,-0.14153999090194702,-0.14048998057842255,-0.14468999207019806,-0.14710499346256256,0.36910131573677063,0.36573249101638794,0.36931121349334717,0.3636675179004669,0.3627399802207947,0.3633349537849426,0.3728812336921692,0.3710786998271942,0.3659687340259552,0.37119248509407043]","[-0.014167983084917068,0.01298174262046814,-0.006164908409118652,-0.01747274398803711,0.00818893313407898,-0.02722609043121338,-2.26534903049469e-05,4.173256456851959e-05,2.0094215869903564e-05,0.03998290002346039,-0.06661739945411682,-6.631016731262207e-06,-5.453824996948242e-06,-7.718801498413086e-06,-0.04184707999229431,0.09322518110275269,-1.856684684753418e-05,1.817941665649414e-06,2.5719404220581055e-05,0.003830045461654663,0.0049352943897247314,3.3080577850341797e-06,9.000301361083984e-06,-1.4901161193847656e-06,1.6093254089355469e-06,0.0027769505977630615]","[0.11614489555358887,-0.15548484027385712,1.0153100490570068]","[-0.2659251391887665,0.28799939155578613,-0.5965712666511536,0.700316309928894]","[0.25567248463630676,-0.23789212107658386,-0.19047901034355164]","[2.171757459640503,0.8374364376068115,0.34974533319473267]","[-0.1599999964237213,-0.30000001192092896,0.7400000095367432]","[0.7070000171661377,0.7070000171661377,0.0,0.0]","[-0.03485099971294403,-0.20516139268875122,1.1221965551376343]","[0.13864843547344208,0.7127147912979126,0.6870325803756714,-0.028291696682572365]","[""right_finger2_link3"",""right_finger2_link4"",""right_finger3_link3"",""right_finger3_link4"",""right_finger4_link3"",""right_finger4_link4""]","[[0.015049183741211891,-0.25142577290534973,0.9966157078742981],[0.017287207767367363,-0.25097182393074036,0.967204213142395],[-0.014097202569246292,-0.2555392384529114,0.9961023926734924],[-0.013247104361653328,-0.2551077604293823,0.9666178226470947],[-0.038783833384513855,-0.25204548239707947,0.9974218010902405],[-0.0391853004693985,-0.25250065326690674,0.9679280519485474]]","[0.0,0.0,0.0,0.0,46.96194868021804,0.0]","[[0.0,0.0,0.0],[0.0,0.0,0.0],[0.0,0.0,0.0],[0.0,0.0,0.0],[1.3609851598739624,-6.889383316040039,-46.43391799926758],[0.0,0.0,0.0]]",0.0,"[0.0,0.0,0.0]",0.0,"[0.0,0.0,0.0]",[],[],False,False,False,False,False,[],-0.015929394071554248,0.14457529649484224,47.006348510016515,0.1464975778905145,47.006348510016515,0.0,0.0,0,0,0,True,HARD_FORCE_ABORT,True
77,attempt_0,FAILED,"[-0.0348496213555336,-0.20516328513622284,1.122194528579712,2.900036334991455,0.15075354278087616,-1.5157670974731445,0.038904108107089996,-0.030427278950810432,-0.034185703843832016,-0.07002969831228256,0.034021325409412384,-0.05515306815505028,-0.14153477549552917,-0.14048194885253906,-0.10283111035823822,-0.24033983051776886,0.3691217601299286,0.3657315671443939,0.3692852854728699,0.35983359813690186,0.35781732201576233,0.36333221197128296,0.37287214398384094,0.37108030915260315,0.365967333316803,0.368409126996994]","[-0.049019116908311844,-0.19217970967292786,1.1160317659378052,2.8825559616088867,0.15894357860088348,-1.5429998636245728,0.038880009204149246,-0.030385009944438934,-0.03416500985622406,-0.03003498911857605,-0.03258999437093735,-0.05515999346971512,-0.14153999090194702,-0.14048998057842255,-0.14468999207019806,-0.14710499346256256,0.36910131573677063,0.36573249101638794,0.36931121349334717,0.3636675179004669,0.3627399802207947,0.3633349537849426,0.3728812336921692,0.3710786998271942,0.3659687340259552,0.37119248509407043]","[-0.049019118701466774,-0.19217971644579906,1.1160317348816973,2.8825559180792415,0.1589435743175724,-1.5429998466092598,0.038880009204149246,-0.030385009944438934,-0.03416500985622406,-0.03003498911857605,-0.03258999437093735,-0.05515999346971512,-0.14153999090194702,-0.14048998057842255,-0.14468999207019806,-0.14710499346256256,0.36910131573677063,0.36573249101638794,0.36931121349334717,0.3636675179004669,0.3627399802207947,0.3633349537849426,0.3728812336921692,0.3710786998271942,0.3659687340259552,0.37119248509407043]","[-0.014169495552778244,0.012983575463294983,-0.006162762641906738,-0.01748037338256836,0.008190035820007324,-0.027232766151428223,-2.4098902940750122e-05,4.226900637149811e-05,2.0693987607955933e-05,0.03999470919370651,-0.06661131978034973,-6.925314664840698e-06,-5.21540641784668e-06,-8.031725883483887e-06,-0.04185888171195984,0.0932348370552063,-2.0444393157958984e-05,9.238719940185547e-07,2.5928020477294922e-05,0.0038339197635650635,0.004922658205032349,2.7418136596679688e-06,9.08970832824707e-06,-1.6093254089355469e-06,1.4007091522216797e-06,0.002783358097076416]","[0.11614575982093811,-0.15548484027385712,1.015309453010559]","[-0.2659308612346649,0.28799647092819214,-0.5965756773948669,0.7003116011619568]","[0.26377198100090027,-0.23165497183799744,-0.18947118520736694]","[2.144836664199829,0.8867287039756775,0.30000609159469604]","[-0.1599999964237213,-0.30000001192092896,0.7400000095367432]","[0.7070000171661377,0.7070000171661377,0.0,0.0]","[-0.034849487245082855,-0.20516322553157806,1.1221944093704224]","[0.1386454701423645,0.7127176523208618,0.6870304346084595,-0.02828909084200859]","[""right_finger2_link3"",""right_finger2_link4"",""right_finger3_link3"",""right_finger3_link4"",""right_finger4_link3"",""right_finger4_link4""]","[[0.015050449408590794,-0.25142693519592285,0.9966132640838623],[0.017288489267230034,-0.250972718000412,0.9672017693519592],[-0.014095941558480263,-0.2555401623249054,0.9960998296737671],[-0.013245820067822933,-0.25510847568511963,0.9666152596473694],[-0.03878212347626686,-0.2520468533039093,0.9974194765090942],[-0.03918330743908882,-0.2525022327899933,0.9679257273674011]]","[0.0,0.0,0.0,0.0,46.99372298157274,0.0]","[[0.0,0.0,0.0],[0.0,0.0,0.0],[0.0,0.0,0.0],[0.0,0.0,0.0],[1.3552683591842651,-6.8974289894104,-46.46502685546875],[0.0,0.0,0.0]]",0.0,"[0.0,0.0,0.0]",0.0,"[0.0,0.0,0.0]",[],[],False,False,False,False,False,[],-0.01592783427353539,0.14457525072428185,47.00641281352532,0.14649741066113733,47.00641281352532,0.0,0.0,0,0,0,True,HARD_FORCE_ABORT,True
78,attempt_0,FAILED,"[-0.03484775871038437,-0.2051628977060318,1.1221911907196045,2.9000346660614014,0.15074798464775085,-1.5157603025436401,0.03890474513173103,-0.030425671488046646,-0.03418538719415665,-0.07002659887075424,0.03406624123454094,-0.05515310913324356,-0.14153482019901276,-0.14048196375370026,-0.10284168273210526,-0.2403213381767273,0.36912232637405396,0.36573269963264465,0.36928728222846985,0.3598378300666809,0.3577827215194702,0.36333218216896057,0.3728717863559723,0.3710801303386688,0.36596694588661194,0.36842429637908936]","[-0.049019116908311844,-0.19217970967292786,1.1160317659378052,2.8825559616088867,0.15894357860088348,-1.5429998636245728,0.038880009204149246,-0.030385009944438934,-0.03416500985622406,-0.03003498911857605,-0.03258999437093735,-0.05515999346971512,-0.14153999090194702,-0.14048998057842255,-0.14468999207019806,-0.14710499346256256,0.36910131573677063,0.36573249101638794,0.36931121349334717,0.3636675179004669,0.3627399802207947,0.3633349537849426,0.3728812336921692,0.3710786998271942,0.3659687340259552,0.37119248509407043]","[-0.049019118701466774,-0.19217971644579906,1.1160317348816973,2.8825559180792415,0.1589435743175724,-1.5429998466092598,0.038880009204149246,-0.030385009944438934,-0.03416500985622406,-0.03003498911857605,-0.03258999437093735,-0.05515999346971512,-0.14153999090194702,-0.14048998057842255,-0.14468999207019806,-0.14710499346256256,0.36910131573677063,0.36573249101638794,0.36931121349334717,0.3636675179004669,0.3627399802207947,0.3633349537849426,0.3728812336921692,0.3710786998271942,0.3659687340259552,0.37119248509407043]","[-0.014171358197927475,0.012983188033103943,-0.006159424781799316,-0.01747870445251465,0.00819559395313263,-0.027239561080932617,-2.473592758178711e-05,4.066154360771179e-05,2.037733793258667e-05,0.03999160975217819,-0.06665623188018799,-6.884336471557617e-06,-5.170702934265137e-06,-8.016824722290039e-06,-0.041848309338092804,0.09321634471416473,-2.1010637283325195e-05,-2.086162567138672e-07,2.3931264877319336e-05,0.0038296878337860107,0.004957258701324463,2.771615982055664e-06,9.447336196899414e-06,-1.430511474609375e-06,1.7881393432617188e-06,0.002768188714981079]","[0.11614212393760681,-0.1554783582687378,1.0153453350067139]","[-0.2660143971443176,0.2879326045513153,-0.5965785384178162,0.7003036737442017]","[0.2585986852645874,-0.23632490634918213,-0.18397670984268188]","[2.107210636138916,0.9115219116210938,0.32924577593803406]","[-0.1599999964237213,-0.30000001192092896,0.7400000095367432]","[0.7070000171661377,0.7070000171661377,0.0,0.0]","[-0.034847620874643326,-0.20516283810138702,1.122191071510315]","[0.1386442333459854,0.7127202153205872,0.6870278716087341,-0.02829115279018879]","[""right_finger2_link3"",""right_finger2_link4"",""right_finger3_link3"",""right_finger3_link4"",""right_finger4_link3"",""right_finger4_link4""]","[[0.01505146361887455,-0.25142690539360046,0.9966097474098206],[0.017289377748966217,-0.2509726583957672,0.9671982526779175],[-0.014094951562583447,-0.25554001331329346,0.9960963726043701],[-0.0132449334487319,-0.2551082670688629,0.9666118025779724],[-0.0387815497815609,-0.25204628705978394,0.997416079044342],[-0.0391831174492836,-0.2525014579296112,0.9679223299026489]]","[0.0,0.0,0.0,0.0,46.75209812090582,0.0]","[[0.0,0.0,0.0],[0.0,0.0,0.0],[0.0,0.0,0.0],[0.0,0.0,0.0],[1.348602056503296,-6.8611884117126465,-46.226226806640625],[0.0,0.0,0.0]]",0.0,"[0.0,0.0,0.0]",0.0,"[0.0,0.0,0.0]",[],[],False,False,False,False,False,[],-0.015899046109041692,0.14458059391759642,47.007437506242894,0.14651003128032963,47.007437506242894,0.0,0.0,0,0,0,True,HARD_FORCE_ABORT,True
79,attempt_0,FAILED,"[-0.03484597057104111,-0.20516259968280792,1.1221895217895508,2.900036334991455,0.15072673559188843,-1.515773057937622,0.038903940469026566,-0.030425794422626495,-0.03418519347906113,-0.0700211450457573,0.034036703407764435,-0.055152956396341324,-0.14153434336185455,-0.14048169553279877,-0.1028507873415947,-0.24031329154968262,0.36912086606025696,0.3657315969467163,0.36928725242614746,0.3598383367061615,0.35779500007629395,0.36333176493644714,0.37287190556526184,0.3710799515247345,0.36596643924713135,0.36842042207717896]","[-0.049019116908311844,-0.19217970967292786,1.1160317659378052,2.8825559616088867,0.15894357860088348,-1.5429998636245728,0.038880009204149246,-0.030385009944438934,-0.03416500985622406,-0.03003498911857605,-0.03258999437093735,-0.05515999346971512,-0.14153999090194702,-0.14048998057842255,-0.14468999207019806,-0.14710499346256256,0.36910131573677063,0.36573249101638794,0.36931121349334717,0.3636675179004669,0.3627399802207947,0.3633349537849426,0.3728812336921692,0.3710786998271942,0.3659687340259552,0.37119248509407043]","[-0.049019118701466774,-0.19217971644579906,1.1160317348816973,2.8825559180792415,0.1589435743175724,-1.5429998466092598,0.038880009204149246,-0.030385009944438934,-0.03416500985622406,-0.03003498911857605,-0.03258999437093735,-0.05515999346971512,-0.14153999090194702,-0.14048998057842255,-0.14468999207019806,-0.14710499346256256,0.36910131573677063,0.36573249101638794,0.36931121349334717,0.3636675179004669,0.3627399802207947,0.3633349537849426,0.3728812336921692,0.3710786998271942,0.3659687340259552,0.37119248509407043]","[-0.014173146337270737,0.012982890009880066,-0.0061577558517456055,-0.01748037338256836,0.008216843008995056,-0.027226805686950684,-2.3931264877319336e-05,4.0784478187561035e-05,2.018362283706665e-05,0.039986155927181244,-0.06662669777870178,-7.037073373794556e-06,-5.647540092468262e-06,-8.285045623779297e-06,-0.04183920472860336,0.09320829808712006,-1.9550323486328125e-05,8.940696716308594e-07,2.396106719970703e-05,0.00382918119430542,0.004944980144500732,3.1888484954833984e-06,9.328126907348633e-06,-1.2516975402832031e-06,2.294778823852539e-06,0.0027720630168914795]","[0.11614619195461273,-0.15548357367515564,1.0153045654296875]","[-0.2659289240837097,0.28800293803215027,-0.5965843796730042,0.700302243232727]","[0.25793084502220154,-0.23546132445335388,-0.2014954686164856]","[2.1591951847076416,0.769554615020752,0.360696941614151]","[-0.1599999964237213,-0.30000001192092896,0.7400000095367432]","[0.7070000171661377,0.7070000171661377,0.0,0.0]","[-0.03484583646059036,-0.20516254007816315,1.1221894025802612]","[0.13863644003868103,0.7127174735069275,0.6870319247245789,-0.02829911932349205]","[""right_finger2_link3"",""right_finger2_link4"",""right_finger3_link3"",""right_finger3_link4"",""right_finger4_link3"",""right_finger4_link4""]","[[0.015050670132040977,-0.2514262795448303,0.9966070652008057],[0.017287911847233772,-0.25097209215164185,0.967195451259613],[-0.014095735736191273,-0.25553959608078003,0.9960942268371582],[-0.013246397487819195,-0.2551078498363495,0.9666096568107605],[-0.038782693445682526,-0.25204578042030334,0.9974144101142883],[-0.03918517008423805,-0.2525007426738739,0.9679206609725952]]","[0.0,0.0,0.0,0.0,47.00570832155174,0.0]","[[0.0,0.0,0.0],[0.0,0.0,0.0],[0.0,0.0,0.0],[0.0,0.0,0.0],[1.364721417427063,-6.893909454345703,-46.477394104003906],[0.0,0.0,0.0]]",0.0,"[0.0,0.0,0.0]",0.0,"[0.0,0.0,0.0]",[],[],False,False,False,False,False,[],-0.015925737262715733,0.14457666963954072,47.00654222401639,0.14649781007795834,47.00654222401639,0.0,0.0,0,0,0,True,HARD_FORCE_ABORT,True
80,attempt_0,FAILED,"[-0.034846190363168716,-0.20516349375247955,1.1221888065338135,2.9000415802001953,0.15072418749332428,-1.5157756805419922,0.03890268877148628,-0.030426539480686188,-0.03418507054448128,-0.07002229243516922,0.03401795029640198,-0.055153362452983856,-0.14153434336185455,-0.14048227667808533,-0.10283864289522171,-0.24033452570438385,0.36912044882774353,0.36573055386543274,0.3692857027053833,0.35983583331108093,0.357818603515625,0.36333218216896057,0.3728725016117096,0.3710804581642151,0.3659667670726776,0.36841025948524475]","[-0.049019116908311844,-0.19217970967292786,1.1160317659378052,2.8825559616088867,0.15894357860088348,-1.5429998636245728,0.038880009204149246,-0.030385009944438934,-0.03416500985622406,-0.03003498911857605,-0.03258999437093735,-0.05515999346971512,-0.14153999090194702,-0.14048998057842255,-0.14468999207019806,-0.14710499346256256,0.36910131573677063,0.36573249101638794,0.36931121349334717,0.3636675179004669,0.3627399802207947,0.3633349537849426,0.3728812336921692,0.3710786998271942,0.3659687340259552,0.37119248509407043]","[-0.049019118701466774,-0.19217971644579906,1.1160317348816973,2.8825559180792415,0.1589435743175724,-1.5429998466092598,0.038880009204149246,-0.030385009944438934,-0.03416500985622406,-0.03003498911857605,-0.03258999437093735,-0.05515999346971512,-0.14153999090194702,-0.14048998057842255,-0.14468999207019806,-0.14710499346256256,0.36910131573677063,0.36573249101638794,0.36931121349334717,0.3636675179004669,0.3627399802207947,0.3633349537849426,0.3728812336921692,0.3710786998271942,0.3659687340259552,0.37119248509407043]","[-0.014172926545143127,0.012983784079551697,-0.006157040596008301,-0.017485618591308594,0.008219391107559204,-0.027224183082580566,-2.2679567337036133e-05,4.152953624725342e-05,2.0060688257217407e-05,0.03998730331659317,-0.06660794466733932,-6.631016731262207e-06,-5.647540092468262e-06,-7.703900337219238e-06,-0.04185134917497635,0.09322953224182129,-1.913309097290039e-05,1.9371509552001953e-06,2.5510787963867188e-05,0.0038316845893859863,0.004921376705169678,2.771615982055664e-06,8.732080459594727e-06,-1.7583370208740234e-06,1.9669532775878906e-06,0.0027822256088256836]","[0.11614789068698883,-0.15548814833164215,1.0152853727340698]","[-0.2658903896808624,0.2880301773548126,-0.5965843796730042,0.7003055810928345]","[0.2556537091732025,-0.2389083206653595,-0.18605613708496094]","[2.1370599269866943,0.8925787210464478,0.33475056290626526]","[-0.1599999964237213,-0.30000001192092896,0.7400000095367432]","[0.7070000171661377,0.7070000171661377,0.0,0.0]","[-0.03484605252742767,-0.20516343414783478,1.122188687324524]","[0.13863365352153778,0.7127170562744141,0.68703293800354,-0.028298452496528625]","[""right_finger2_link3"",""right_finger2_link4"",""right_finger3_link3"",""right_finger3_link4"",""right_finger4_link3"",""right_finger4_link4""]","[[0.015050143003463745,-0.2514265477657318,0.9966058135032654],[0.017287302762269974,-0.2509722411632538,0.9671942591667175],[-0.014096299186348915,-0.25553983449935913,0.9960930943489075],[-0.013247080147266388,-0.2551079988479614,0.9666085243225098],[-0.03878270834684372,-0.2520461678504944,0.9974135756492615],[-0.03918496146798134,-0.25250113010406494,0.9679198265075684]]","[0.0,0.0,0.0,0.0,46.862152198316195,0.0]","[[0.0,0.0,0.0],[0.0,0.0,0.0],[0.0,0.0,0.0],[0.0,0.0,0.0],[1.350818157196045,-6.876461505889893,-46.335201263427734],[0.0,0.0,0.0]]",0.0,"[0.0,0.0,0.0]",0.0,"[0.0,0.0,0.0]",[],[],False,False,False,False,False,[],-0.015939472286922385,0.14457273259958137,47.00584722733001,0.14648999420830644,47.00584722733001,0.0,0.0,0,0,0,True,HARD_FORCE_ABORT,True
81,attempt_0,FAILED,"[-0.034844543784856796,-0.20516522228717804,1.1221873760223389,2.9000468254089355,0.15072433650493622,-1.5157661437988281,0.03890479728579521,-0.030427943915128708,-0.03418608009815216,-0.07003387063741684,0.03401739522814751,-0.055152881890535355,-0.14153465628623962,-0.1404818296432495,-0.10283048450946808,-0.24033671617507935,0.36912283301353455,0.3657315969467163,0.36928504705429077,0.3598315417766571,0.35782068967819214,0.36333248019218445,0.37287211418151855,0.37108030915260315,0.3659677505493164,0.3684072196483612]","[-0.049019116908311844,-0.19217970967292786,1.1160317659378052,2.8825559616088867,0.15894357860088348,-1.5429998636245728,0.038880009204149246,-0.030385009944438934,-0.03416500985622406,-0.03003498911857605,-0.03258999437093735,-0.05515999346971512,-0.14153999090194702,-0.14048998057842255,-0.14468999207019806,-0.14710499346256256,0.36910131573677063,0.36573249101638794,0.36931121349334717,0.3636675179004669,0.3627399802207947,0.3633349537849426,0.3728812336921692,0.3710786998271942,0.3659687340259552,0.37119248509407043]","[-0.049019118701466774,-0.19217971644579906,1.1160317348816973,2.8825559180792415,0.1589435743175724,-1.5429998466092598,0.038880009204149246,-0.030385009944438934,-0.03416500985622406,-0.03003498911857605,-0.03258999437093735,-0.05515999346971512,-0.14153999090194702,-0.14048998057842255,-0.14468999207019806,-0.14710499346256256,0.36910131573677063,0.36573249101638794,0.36931121349334717,0.3636675179004669,0.3627399802207947,0.3633349537849426,0.3728812336921692,0.3710786998271942,0.3659687340259552,0.37119248509407043]","[-0.014174573123455048,0.012985512614250183,-0.006155610084533691,-0.017490863800048828,0.008219242095947266,-0.02723371982574463,-2.4788081645965576e-05,4.293397068977356e-05,2.1070241928100586e-05,0.03999888151884079,-0.06660738587379456,-7.111579179763794e-06,-5.334615707397461e-06,-8.150935173034668e-06,-0.04185950756072998,0.09323172271251678,-2.1517276763916016e-05,8.940696716308594e-07,2.6166439056396484e-05,0.0038359761238098145,0.004919290542602539,2.473592758178711e-06,9.119510650634766e-06,-1.6093254089355469e-06,9.834766387939453e-07,0.0027852654457092285]","[0.11614610254764557,-0.1554833948612213,1.0153099298477173]","[-0.26594775915145874,0.2879871428012848,-0.596585214138031,0.7003008127212524]","[0.2601832449436188,-0.2354796975851059,-0.18720410764217377]","[2.139098644256592,0.9156914353370667,0.31450796127319336]","[-0.1599999964237213,-0.30000001192092896,0.7400000095367432]","[0.7070000171661377,0.7070000171661377,0.0,0.0]","[-0.03484440967440605,-0.20516516268253326,1.1221872568130493]","[0.1386319100856781,0.7127207517623901,0.6870295405387878,-0.02829599194228649]","[""right_finger2_link3"",""right_finger2_link4"",""right_finger3_link3"",""right_finger3_link4"",""right_finger4_link3"",""right_finger4_link4""]","[[0.015051642432808876,-0.25142794847488403,0.996604323387146],[0.01728886365890503,-0.2509734332561493,0.9671927690505981],[-0.014094823971390724,-0.2555409371852875,0.9960914850234985],[-0.01324552483856678,-0.2551089823246002,0.966606855392456],[-0.038780927658081055,-0.2520475685596466,0.9974120855331421],[-0.03918294236063957,-0.25250282883644104,0.967918336391449]]","[0.0,0.0,0.0,0.0,47.03577994485533,0.0]","[[0.0,0.0,0.0],[0.0,0.0,0.0],[0.0,0.0,0.0],[0.0,0.0,0.0],[1.35183846950531,-6.903868675231934,-46.50670623779297],[0.0,0.0,0.0]]",0.0,"[0.0,0.0,0.0]",0.0,"[0.0,0.0,0.0]",[],[],False,False,False,False,False,[],-0.01592070906472598,0.14457664424013905,47.0066517499107,0.1464988835397669,47.0066517499107,0.0,0.0,0,0,0,True,HARD_FORCE_ABORT,True
82,attempt_0,FAILED,"[-0.03484228998422623,-0.20516380667686462,1.1221868991851807,2.90004301071167,0.1507086604833603,-1.5157716274261475,0.03890480846166611,-0.030425721779465675,-0.034185413271188736,-0.07002785056829453,0.03403020650148392,-0.055152785032987595,-0.14153440296649933,-0.14048165082931519,-0.10284504294395447,-0.24031604826450348,0.3691222667694092,0.3657325208187103,0.3692874312400818,0.35983625054359436,0.3578031063079834,0.36333218216896057,0.37287163734436035,0.37107983231544495,0.36596718430519104,0.3684151768684387]","[-0.049019116908311844,-0.19217970967292786,1.1160317659378052,2.8825559616088867,0.15894357860088348,-1.5429998636245728,0.038880009204149246,-0.030385009944438934,-0.03416500985622406,-0.03003498911857605,-0.03258999437093735,-0.05515999346971512,-0.14153999090194702,-0.14048998057842255,-0.14468999207019806,-0.14710499346256256,0.36910131573677063,0.36573249101638794,0.36931121349334717,0.3636675179004669,0.3627399802207947,0.3633349537849426,0.3728812336921692,0.3710786998271942,0.3659687340259552,0.37119248509407043]","[-0.049019118701466774,-0.19217971644579906,1.1160317348816973,2.8825559180792415,0.1589435743175724,-1.5429998466092598,0.038880009204149246,-0.030385009944438934,-0.03416500985622406,-0.03003498911857605,-0.03258999437093735,-0.05515999346971512,-0.14153999090194702,-0.14048998057842255,-0.14468999207019806,-0.14710499346256256,0.36910131573677063,0.36573249101638794,0.36931121349334717,0.3636675179004669,0.3627399802207947,0.3633349537849426,0.3728812336921692,0.3710786998271942,0.3659687340259552,0.37119248509407043]","[-0.014176826924085617,0.012984097003936768,-0.006155133247375488,-0.017487049102783203,0.008234918117523193,-0.027228236198425293,-2.4799257516860962e-05,4.071183502674103e-05,2.0403414964675903e-05,0.039992861449718475,-0.06662020087242126,-7.208436727523804e-06,-5.587935447692871e-06,-8.32974910736084e-06,-0.04184494912624359,0.09321105480194092,-2.0951032638549805e-05,-2.9802322387695312e-08,2.378225326538086e-05,0.0038312673568725586,0.004936873912811279,2.771615982055664e-06,9.59634780883789e-06,-1.1324882507324219e-06,1.5497207641601562e-06,0.002777308225631714]","[0.11614687740802765,-0.15548305213451385,1.0153062343597412]","[-0.2659391462802887,0.287997305393219,-0.5965893864631653,0.7002962827682495]","[0.2579478919506073,-0.23693186044692993,-0.1985095888376236]","[2.098052501678467,0.8350240588188171,0.34426289796829224]","[-0.1599999964237213,-0.30000001192092896,0.7400000095367432]","[0.7070000171661377,0.7070000171661377,0.0,0.0]","[-0.034842152148485184,-0.20516374707221985,1.1221868991851807]","[0.13862790167331696,0.7127196192741394,0.6870313286781311,-0.02830338105559349]","[""right_finger2_link3"",""right_finger2_link4"",""right_finger3_link3"",""right_finger3_link4"",""right_finger4_link3"",""right_finger4_link4""]","[[0.015051894821226597,-0.25142693519592285,0.9966030716896057],[0.01728861778974533,-0.2509725093841553,0.9671915173530579],[-0.014094549231231213,-0.25554004311561584,0.9960909485816956],[-0.013245727866888046,-0.255108118057251,0.9666063785552979],[-0.03878125548362732,-0.2520464062690735,0.9974117279052734],[-0.03918412700295448,-0.2525014579296112,0.9679179787635803]]","[0.0,0.0,0.0,0.0,46.93217979347411,0.0]","[[0.0,0.0,0.0],[0.0,0.0,0.0],[0.0,0.0,0.0],[0.0,0.0,0.0],[1.354903221130371,-6.885711193084717,-46.40453338623047],[0.0,0.0,0.0]]",0.0,"[0.0,0.0,0.0]",0.0,"[0.0,0.0,0.0]",[],[],False,False,False,False,False,[],-0.01592184535565755,0.14457706869518588,47.006712040509846,0.14649854566470066,47.006712040509846,0.0,0.0,0,0,0,True,HARD_FORCE_ABORT,True
83,attempt_0,FAILED,"[-0.03484208881855011,-0.20516404509544373,1.1221866607666016,2.9000449180603027,0.15070444345474243,-1.515776515007019,0.038903653621673584,-0.030425943434238434,-0.034185126423835754,-0.07002738118171692,0.034011177718639374,-0.055153194814920425,-0.14153435826301575,-0.14048199355602264,-0.10283627361059189,-0.24033306539058685,0.36912113428115845,0.3657318651676178,0.3692866861820221,0.3598352074623108,0.35782378911972046,0.36333203315734863,0.3728715777397156,0.3710801899433136,0.3659668564796448,0.3684060275554657]","[-0.049019116908311844,-0.19217970967292786,1.1160317659378052,2.8825559616088867,0.15894357860088348,-1.5429998636245728,0.038880009204149246,-0.030385009944438934,-0.03416500985622406,-0.03003498911857605,-0.03258999437093735,-0.05515999346971512,-0.14153999090194702,-0.14048998057842255,-0.14468999207019806,-0.14710499346256256,0.36910131573677063,0.36573249101638794,0.36931121349334717,0.3636675179004669,0.3627399802207947,0.3633349537849426,0.3728812336921692,0.3710786998271942,0.3659687340259552,0.37119248509407043]","[-0.049019118701466774,-0.19217971644579906,1.1160317348816973,2.8825559180792415,0.1589435743175724,-1.5429998466092598,0.038880009204149246,-0.030385009944438934,-0.03416500985622406,-0.03003498911857605,-0.03258999437093735,-0.05515999346971512,-0.14153999090194702,-0.14048998057842255,-0.14468999207019806,-0.14710499346256256,0.36910131573677063,0.36573249101638794,0.36931121349334717,0.3636675179004669,0.3627399802207947,0.3633349537849426,0.3728812336921692,0.3710786998271942,0.3659687340259552,0.37119248509407043]","[-0.014177028089761734,0.01298433542251587,-0.006154894828796387,-0.017488956451416016,0.008239135146141052,-0.02722334861755371,-2.364441752433777e-05,4.093348979949951e-05,2.0116567611694336e-05,0.03999239206314087,-0.06660117208957672,-6.798654794692993e-06,-5.632638931274414e-06,-7.987022399902344e-06,-0.04185371845960617,0.09322807192802429,-1.9818544387817383e-05,6.258487701416016e-07,2.4527311325073242e-05,0.003832310438156128,0.004916191101074219,2.9206275939941406e-06,9.655952453613281e-06,-1.4901161193847656e-06,1.8775463104248047e-06,0.0027864575386047363]","[0.11614751815795898,-0.15548481047153473,1.0152958631515503]","[-0.26591864228248596,0.2880125641822815,-0.5965859889984131,0.7003006935119629]","[0.2644761800765991,-0.22910314798355103,-0.1920117437839508]","[2.1253199577331543,0.8696635961532593,0.3082265853881836]","[-0.1599999964237213,-0.30000001192092896,0.7400000095367432]","[0.7070000171661377,0.7070000171661377,0.0,0.0]","[-0.03484195098280907,-0.20516398549079895,1.122186541557312]","[0.13862572610378265,0.7127182483673096,0.6870330572128296,-0.0283045656979084]","[""right_finger2_link3"",""right_finger2_link4"",""right_finger3_link3"",""right_finger3_link4"",""right_finger4_link3"",""right_finger4_link4""]","[[0.015051613561809063,-0.2514268457889557,0.996602475643158],[0.01728818751871586,-0.25097236037254333,0.9671909213066101],[-0.014094822108745575,-0.25554004311561584,0.9960904717445374],[-0.01324616651982069,-0.2551080584526062,0.9666059017181396],[-0.03878115117549896,-0.2520465552806854,0.9974113702774048],[-0.03918394073843956,-0.25250160694122314,0.9679176211357117]]","[0.0,0.0,0.0,0.0,46.921446134096136,0.0]","[[0.0,0.0,0.0],[0.0,0.0,0.0],[0.0,0.0,0.0],[0.0,0.0,0.0],[1.3532317876815796,-6.884092330932617,-46.39396667480469],[0.0,0.0,0.0]]",0.0,"[0.0,0.0,0.0]",0.0,"[0.0,0.0,0.0]",[],[],False,False,False,False,False,[],-0.015929823386554576,0.14457567380359515,47.00650720428108,0.1464950452153655,47.00650720428108,0.0,0.0,0,0,0,True,HARD_FORCE_ABORT,True
84,attempt_0,FAILED,"[-0.03484181687235832,-0.20516374707221985,1.1221847534179688,2.900038003921509,0.15070132911205292,-1.5157710313796997,0.03890466317534447,-0.030425263568758965,-0.03418522700667381,-0.07001949101686478,0.03407548367977142,-0.055153168737888336,-0.1415347158908844,-0.14048194885253906,-0.10284708440303802,-0.2403160184621811,0.36912238597869873,0.36573299765586853,0.3692876398563385,0.35983967781066895,0.35777291655540466,0.3633323013782501,0.3728713095188141,0.37107983231544495,0.3659670054912567,0.3684273958206177]","[-0.049019116908311844,-0.19217970967292786,1.1160317659378052,2.8825559616088867,0.15894357860088348,-1.5429998636245728,0.038880009204149246,-0.030385009944438934,-0.03416500985622406,-0.03003498911857605,-0.03258999437093735,-0.05515999346971512,-0.14153999090194702,-0.14048998057842255,-0.14468999207019806,-0.14710499346256256,0.36910131573677063,0.36573249101638794,0.36931121349334717,0.3636675179004669,0.3627399802207947,0.3633349537849426,0.3728812336921692,0.3710786998271942,0.3659687340259552,0.37119248509407043]","[-0.049019118701466774,-0.19217971644579906,1.1160317348816973,2.8825559180792415,0.1589435743175724,-1.5429998466092598,0.038880009204149246,-0.030385009944438934,-0.03416500985622406,-0.03003498911857605,-0.03258999437093735,-0.05515999346971512,-0.14153999090194702,-0.14048998057842255,-0.14468999207019806,-0.14710499346256256,0.36910131573677063,0.36573249101638794,0.36931121349334717,0.3636675179004669,0.3627399802207947,0.3633349537849426,0.3728812336921692,0.3710786998271942,0.3659687340259552,0.37119248509407043]","[-0.014177300035953522,0.012984037399291992,-0.006152987480163574,-0.01748204231262207,0.008242249488830566,-0.027228832244873047,-2.4653971195220947e-05,4.025362432003021e-05,2.0217150449752808e-05,0.03998450189828873,-0.06666547805070877,-6.8247318267822266e-06,-5.27501106262207e-06,-8.031725883483887e-06,-0.041842907667160034,0.09321102499961853,-2.1070241928100586e-05,-5.066394805908203e-07,2.3573637008666992e-05,0.0038278400897979736,0.004967063665390015,2.652406692504883e-06,9.924173355102539e-06,-1.1324882507324219e-06,1.7285346984863281e-06,0.002765089273452759]","[0.1161433756351471,-0.15548045933246613,1.0153334140777588]","[-0.26600056886672974,0.28794431686401367,-0.5965884327888489,0.700295627117157]","[0.26315999031066895,-0.23223312199115753,-0.1849527209997177]","[2.0805680751800537,0.9063413739204407,0.29770714044570923]","[-0.1599999964237213,-0.30000001192092896,0.7400000095367432]","[0.7070000171661377,0.7070000171661377,0.0,0.0]","[-0.03484167903661728,-0.20516368746757507,1.1221846342086792]","[0.13862721621990204,0.7127199769020081,0.6870308518409729,-0.028307583183050156]","[""right_finger2_link3"",""right_finger2_link4"",""right_finger3_link3"",""right_finger3_link4"",""right_finger4_link3"",""right_finger4_link4""]","[[0.01505139097571373,-0.2514275312423706,0.996600866317749],[0.017287898808717728,-0.2509732246398926,0.9671891927719116],[-0.01409506518393755,-0.2555406093597412,0.9960889220237732],[-0.013246451504528522,-0.2551088035106659,0.9666043519973755],[-0.038781777024269104,-0.2520465552806854,0.9974096417427063],[-0.03918486461043358,-0.25250139832496643,0.9679158926010132]]","[0.0,0.0,0.0,0.0,46.683951845960955,0.0]","[[0.0,0.0,0.0],[0.0,0.0,0.0],[0.0,0.0,0.0],[0.0,0.0,0.0],[1.3443942070007324,-6.850646018981934,-46.158992767333984],[0.0,0.0,0.0]]",0.0,"[0.0,0.0,0.0]",0.0,"[0.0,0.0,0.0]",[],[],False,False,False,False,False,[],-0.015901289992291234,0.1445788664771343,47.00705201297694,0.1465058855618912,47.00705201297694,0.0,0.0,0,0,0,True,HARD_FORCE_ABORT,True
85,attempt_0,FAILED,"[-0.034841109067201614,-0.20516295731067657,1.1221833229064941,2.900029420852661,0.15068091452121735,-1.5157850980758667,0.03890388458967209,-0.030424997210502625,-0.03418489918112755,-0.07000759989023209,0.034078072756528854,-0.055153097957372665,-0.14153438806533813,-0.1404818594455719,-0.10286273807287216,-0.2403004765510559,0.36912113428115845,0.36573246121406555,0.36928796768188477,0.3598434329032898,0.3577572703361511,0.36333176493644714,0.3728713393211365,0.3710799813270569,0.3659663200378418,0.368436723947525]","[-0.049019116908311844,-0.19217970967292786,1.1160317659378052,2.8825559616088867,0.15894357860088348,-1.5429998636245728,0.038880009204149246,-0.030385009944438934,-0.03416500985622406,-0.03003498911857605,-0.03258999437093735,-0.05515999346971512,-0.14153999090194702,-0.14048998057842255,-0.14468999207019806,-0.14710499346256256,0.36910131573677063,0.36573249101638794,0.36931121349334717,0.3636675179004669,0.3627399802207947,0.3633349537849426,0.3728812336921692,0.3710786998271942,0.3659687340259552,0.37119248509407043]","[-0.049019118701466774,-0.19217971644579906,1.1160317348816973,2.8825559180792415,0.1589435743175724,-1.5429998466092598,0.038880009204149246,-0.030385009944438934,-0.03416500985622406,-0.03003498911857605,-0.03258999437093735,-0.05515999346971512,-0.14153999090194702,-0.14048998057842255,-0.14468999207019806,-0.14710499346256256,0.36910131573677063,0.36573249101638794,0.36931121349334717,0.3636675179004669,0.3627399802207947,0.3633349537849426,0.3728812336921692,0.3710786998271942,0.3659687340259552,0.37119248509407043]","[-0.01417800784111023,0.012983247637748718,-0.006151556968688965,-0.017473459243774414,0.008262664079666138,-0.027214765548706055,-2.3875385522842407e-05,3.9987266063690186e-05,1.988932490348816e-05,0.039972610771656036,-0.0666680634021759,-6.895512342453003e-06,-5.602836608886719e-06,-8.121132850646973e-06,-0.0418272539973259,0.09319548308849335,-1.9818544387817383e-05,2.9802322387695312e-08,2.3245811462402344e-05,0.003824084997177124,0.004982709884643555,3.1888484954833984e-06,9.894371032714844e-06,-1.2814998626708984e-06,2.4139881134033203e-06,0.00275576114654541]","[0.11614501476287842,-0.15548381209373474,1.015310525894165]","[-0.2659502923488617,0.28798460960388184,-0.5965928435325623,0.7002944946289062]","[0.26027464866638184,-0.2356760948896408,-0.19844269752502441]","[2.1212222576141357,0.7768470644950867,0.339325875043869]","[-0.1599999964237213,-0.30000001192092896,0.7400000095367432]","[0.7070000171661377,0.7070000171661377,0.0,0.0]","[-0.03484097123146057,-0.2051628977060318,1.1221832036972046]","[0.13862313330173492,0.7127159237861633,0.6870355010032654,-0.028318990021944046]","[""right_finger2_link3"",""right_finger2_link4"",""right_finger3_link3"",""right_finger3_link4"",""right_finger4_link3"",""right_finger4_link4""]","[[0.015049576759338379,-0.25142765045166016,0.9965987801551819],[0.017285404726862907,-0.250973641872406,0.9671871662139893],[-0.014096856117248535,-0.25554096698760986,0.9960875511169434],[-0.013248932547867298,-0.2551094591617584,0.9666029214859009],[-0.03878418728709221,-0.2520465552806854,0.9974086284637451],[-0.03918834030628204,-0.25250115990638733,0.967914879322052]]","[0.0,0.0,0.0,0.0,46.832049771186306,0.0]","[[0.0,0.0,0.0],[0.0,0.0,0.0],[0.0,0.0,0.0],[0.0,0.0,0.0],[1.3576514720916748,-6.868021488189697,-46.305809020996094],[0.0,0.0,0.0]]",0.0,"[0.0,0.0,0.0]",0.0,"[0.0,0.0,0.0]",[],[],False,False,False,False,False,[],-0.01591544820551749,0.14457629232654198,47.00640409241151,0.14649865830216685,47.00640409241151,0.0,0.0,0,0,0,True,HARD_FORCE_ABORT,True
86,attempt_0,FAILED,"[-0.034841388463974,-0.20516398549079895,1.1221827268600464,2.900034189224243,0.15068021416664124,-1.5157899856567383,0.03890257328748703,-0.030426733195781708,-0.034185074269771576,-0.07001020014286041,0.034044619649648666,-0.05515334755182266,-0.14153464138507843,-0.1404823213815689,-0.1028481274843216,-0.24032540619373322,0.3691204786300659,0.36573079228401184,0.3692854344844818,0.3598388135433197,0.3577899634838104,0.36333155632019043,0.37287211418151855,0.3710801303386688,0.3659668564796448,0.3684241771697998]","[-0.049019116908311844,-0.19217970967292786,1.1160317659378052,2.8825559616088867,0.15894357860088348,-1.5429998636245728,0.038880009204149246,-0.030385009944438934,-0.03416500985622406,-0.03003498911857605,-0.03258999437093735,-0.05515999346971512,-0.14153999090194702,-0.14048998057842255,-0.14468999207019806,-0.14710499346256256,0.36910131573677063,0.36573249101638794,0.36931121349334717,0.3636675179004669,0.3627399802207947,0.3633349537849426,0.3728812336921692,0.3710786998271942,0.3659687340259552,0.37119248509407043]","[-0.049019118701466774,-0.19217971644579906,1.1160317348816973,2.8825559180792415,0.1589435743175724,-1.5429998466092598,0.038880009204149246,-0.030385009944438934,-0.03416500985622406,-0.03003498911857605,-0.03258999437093735,-0.05515999346971512,-0.14153999090194702,-0.14048998057842255,-0.14468999207019806,-0.14710499346256256,0.36910131573677063,0.36573249101638794,0.36931121349334717,0.3636675179004669,0.3627399802207947,0.3633349537849426,0.3728812336921692,0.3710786998271942,0.3659687340259552,0.37119248509407043]","[-0.014177728444337845,0.012984275817871094,-0.006150960922241211,-0.017478227615356445,0.008263364434242249,-0.027209877967834473,-2.2564083337783813e-05,4.172325134277344e-05,2.006441354751587e-05,0.03997521102428436,-0.06663461029529572,-6.645917892456055e-06,-5.349516868591309e-06,-7.659196853637695e-06,-0.041841864585876465,0.09322041273117065,-1.9162893295288086e-05,1.6987323760986328e-06,2.5779008865356445e-05,0.003828704357147217,0.004950016736984253,3.3974647521972656e-06,9.119510650634766e-06,-1.430511474609375e-06,1.8775463104248047e-06,0.00276830792427063]","[0.11614787578582764,-0.15549001097679138,1.0152841806411743]","[-0.26589545607566833,0.288023978471756,-0.5965928435325623,0.7002990245819092]","[0.26565393805503845,-0.22973044216632843,-0.19182942807674408]","[2.1278717517852783,0.8553752899169922,0.3006691634654999]","[-0.1599999964237213,-0.30000001192092896,0.7400000095367432]","[0.7070000171661377,0.7070000171661377,0.0,0.0]","[-0.034841250628232956,-0.20516392588615417,1.1221826076507568]","[0.1386212408542633,0.7127146124839783,0.6870372295379639,-0.028318051248788834]","[""right_finger2_link3"",""right_finger2_link4"",""right_finger3_link3"",""right_finger3_link4"",""right_finger4_link3"",""right_finger4_link4""]","[[0.015049263834953308,-0.25142809748649597,0.9965978264808655],[0.017285048961639404,-0.25097405910491943,0.9671862125396729],[-0.014097167178988457,-0.25554144382476807,0.996086597442627],[-0.01324931625276804,-0.25510990619659424,0.9666019678115845],[-0.03878387436270714,-0.2520473301410675,0.9974079132080078],[-0.039187707006931305,-0.25250211358070374,0.9679141640663147]]","[0.0,0.0,0.0,0.0,46.865570981398925,0.0]","[[0.0,0.0,0.0],[0.0,0.0,0.0],[0.0,0.0,0.0],[0.0,0.0,0.0],[1.3529243469238281,-6.87495231628418,-46.33882141113281],[0.0,0.0,0.0]]",0.0,"[0.0,0.0,0.0]",0.0,"[0.0,0.0,0.0]",[],[],False,False,False,False,False,[],-0.01593438183371998,0.14457092557097417,47.00546484346979,0.1464879666959509,47.00546484346979,0.0,0.0,0,0,0,True,HARD_FORCE_ABORT,True
87,attempt_0,FAILED,"[-0.034840844571590424,-0.20516395568847656,1.1221808195114136,2.9000275135040283,0.1506798416376114,-1.5157848596572876,0.0389043465256691,-0.03042648173868656,-0.03418555110692978,-0.07000672817230225,0.03409586101770401,-0.05515313148498535,-0.14153462648391724,-0.14048202335834503,-0.1028529703617096,-0.24031400680541992,0.36912229657173157,0.3657323718070984,0.3692863881587982,0.3598419725894928,0.3577499985694885,0.36333221197128296,0.3728717863559723,0.371080219745636,0.3659667670726776,0.3684421479701996]","[-0.049019116908311844,-0.19217970967292786,1.1160317659378052,2.8825559616088867,0.15894357860088348,-1.5429998636245728,0.038880009204149246,-0.030385009944438934,-0.03416500985622406,-0.03003498911857605,-0.03258999437093735,-0.05515999346971512,-0.14153999090194702,-0.14048998057842255,-0.14468999207019806,-0.14710499346256256,0.36910131573677063,0.36573249101638794,0.36931121349334717,0.3636675179004669,0.3627399802207947,0.3633349537849426,0.3728812336921692,0.3710786998271942,0.3659687340259552,0.37119248509407043]","[-0.049019118701466774,-0.19217971644579906,1.1160317348816973,2.8825559180792415,0.1589435743175724,-1.5429998466092598,0.038880009204149246,-0.030385009944438934,-0.03416500985622406,-0.03003498911857605,-0.03258999437093735,-0.05515999346971512,-0.14153999090194702,-0.14048998057842255,-0.14468999207019806,-0.14710499346256256,0.36910131573677063,0.36573249101638794,0.36931121349334717,0.3636675179004669,0.3627399802207947,0.3633349537849426,0.3728812336921692,0.3710786998271942,0.3659687340259552,0.37119248509407043]","[-0.01417827233672142,0.012984246015548706,-0.0061490535736083984,-0.0174715518951416,0.008263736963272095,-0.027215003967285156,-2.4337321519851685e-05,4.147179424762726e-05,2.0541250705718994e-05,0.039971739053726196,-0.06668585538864136,-6.861984729766846e-06,-5.364418029785156e-06,-7.957220077514648e-06,-0.041837021708488464,0.09320901334285736,-2.09808349609375e-05,1.1920928955078125e-07,2.4825334548950195e-05,0.003825545310974121,0.004989981651306152,2.7418136596679688e-06,9.447336196899414e-06,-1.519918441772461e-06,1.9669532775878906e-06,0.0027503371238708496]","[0.11614343523979187,-0.1554841697216034,1.0153250694274902]","[-0.2659868597984314,0.28795063495635986,-0.5965957641601562,0.7002919912338257]","[0.2558981776237488,-0.23731911182403564,-0.18614673614501953]","[2.0437467098236084,0.945587694644928,0.32821154594421387]","[-0.1599999964237213,-0.30000001192092896,0.7400000095367432]","[0.7070000171661377,0.7070000171661377,0.0,0.0]","[-0.03484071046113968,-0.2051638960838318,1.122180700302124]","[0.1386234313249588,0.7127159237861633,0.6870352625846863,-0.02832001820206642]","[""right_finger2_link3"",""right_finger2_link4"",""right_finger3_link3"",""right_finger3_link4"",""right_finger4_link3"",""right_finger4_link4""]","[[0.015049681067466736,-0.25142902135849,0.9965963363647461],[0.017285482957959175,-0.250975102186203,0.9671847224235535],[-0.01409676019102335,-0.2555422782897949,0.9960851073265076],[-0.013248869217932224,-0.25511085987091064,0.9666004776954651],[-0.03878365084528923,-0.2520478069782257,0.9974061250686646],[-0.03918757289648056,-0.25250253081321716,0.9679123759269714]]","[0.0,0.0,0.0,0.0,46.69726544275687,0.0]","[[0.0,0.0,0.0],[0.0,0.0,0.0],[0.0,0.0,0.0],[0.0,0.0,0.0],[1.342395544052124,-6.852985382080078,-46.17216873168945],[0.0,0.0,0.0]]",0.0,"[0.0,0.0,0.0]",0.0,"[0.0,0.0,0.0]",[],[],False,False,False,False,False,[],-0.01590342524502142,0.1445754924874083,47.00630127233243,0.1465008471696375,47.00630127233243,0.0,0.0,0,0,0,True,HARD_FORCE_ABORT,True
88,attempt_0,FAILED,"[-0.03483905643224716,-0.205163836479187,1.1221801042556763,2.900027275085449,0.15066497027873993,-1.5157983303070068,0.03890421614050865,-0.03042733669281006,-0.0341857485473156,-0.07000763714313507,0.034042518585920334,-0.05515270307660103,-0.14153438806533813,-0.1404815912246704,-0.1028505340218544,-0.24031826853752136,0.36912181973457336,0.3657315671443939,0.3692856431007385,0.3598392605781555,0.3577826917171478,0.3633318841457367,0.3728720247745514,0.37108010053634644,0.3659663200378418,0.3684297800064087]","[-0.049019116908311844,-0.19217970967292786,1.1160317659378052,2.8825559616088867,0.15894357860088348,-1.5429998636245728,0.038880009204149246,-0.030385009944438934,-0.03416500985622406,-0.03003498911857605,-0.03258999437093735,-0.05515999346971512,-0.14153999090194702,-0.14048998057842255,-0.14468999207019806,-0.14710499346256256,0.36910131573677063,0.36573249101638794,0.36931121349334717,0.3636675179004669,0.3627399802207947,0.3633349537849426,0.3728812336921692,0.3710786998271942,0.3659687340259552,0.37119248509407043]","[-0.049019118701466774,-0.19217971644579906,1.1160317348816973,2.8825559180792415,0.1589435743175724,-1.5429998466092598,0.038880009204149246,-0.030385009944438934,-0.03416500985622406,-0.03003498911857605,-0.03258999437093735,-0.05515999346971512,-0.14153999090194702,-0.14048998057842255,-0.14468999207019806,-0.14710499346256256,0.36910131573677063,0.36573249101638794,0.36931121349334717,0.3636675179004669,0.3627399802207947,0.3633349537849426,0.3728812336921692,0.3710786998271942,0.3659687340259552,0.37119248509407043]","[-0.014180060476064682,0.012984126806259155,-0.006148338317871094,-0.0174713134765625,0.008278608322143555,-0.027201533317565918,-2.4206936359405518e-05,4.232674837112427e-05,2.0738691091537476e-05,0.03997264802455902,-0.06663250923156738,-7.290393114089966e-06,-5.602836608886719e-06,-8.38935375213623e-06,-0.04183945804834366,0.0932132750749588,-2.0503997802734375e-05,9.238719940185547e-07,2.5570392608642578e-05,0.0038282573223114014,0.004957288503646851,3.069639205932617e-06,9.208917617797852e-06,-1.4007091522216797e-06,2.4139881134033203e-06,0.002762705087661743]","[0.1161470115184784,-0.1554867923259735,1.0152926445007324]","[-0.2659186124801636,0.2880100607872009,-0.5965980291366577,0.700291633605957]","[0.25727760791778564,-0.23532530665397644,-0.2023909091949463]","[2.1571736335754395,0.7777591347694397,0.3530156910419464]","[-0.1599999964237213,-0.30000001192092896,0.7400000095367432]","[0.7070000171661377,0.7070000171661377,0.0,0.0]","[-0.03483892232179642,-0.20516377687454224,1.1221799850463867]","[0.13861845433712006,0.712712287902832,0.6870397925376892,-0.0283263698220253]","[""right_finger2_link3"",""right_finger2_link4"",""right_finger3_link3"",""right_finger3_link4"",""right_finger4_link3"",""right_finger4_link4""]","[[0.015049741603434086,-0.2514287233352661,0.9965947866439819],[0.017285048961639404,-0.2509749233722687,0.9671831130981445],[-0.014096658676862717,-0.25554221868515015,0.9960841536521912],[-0.013249276205897331,-0.25511088967323303,0.9665994644165039],[-0.0387834869325161,-0.2520480453968048,0.9974057078361511],[-0.03918787091970444,-0.252502977848053,0.967911958694458]]","[0.0,0.0,0.0,0.0,47.09039176224132,0.0]","[[0.0,0.0,0.0],[0.0,0.0,0.0],[0.0,0.0,0.0],[0.0,0.0,0.0],[1.3635907173156738,-6.9057722091674805,-46.56131362915039],[0.0,0.0,0.0]]",0.0,"[0.0,0.0,0.0]",0.0,"[0.0,0.0,0.0]",[],[],False,False,False,False,False,[],-0.015925179056951233,0.14457386706844583,47.005930530883994,0.1464926030110872,47.005930530883994,0.0,0.0,0,0,0,True,HARD_FORCE_ABORT,True
89,attempt_0,FAILED,"[-0.03483862802386284,-0.20516423881053925,1.1221802234649658,2.900036096572876,0.15067103505134583,-1.515794038772583,0.03890356793999672,-0.030427023768424988,-0.0341854952275753,-0.07001642137765884,0.03402196988463402,-0.055153027176856995,-0.1415344625711441,-0.1404818892478943,-0.10283610969781876,-0.24033762514591217,0.36912164092063904,0.36573120951652527,0.3692854642868042,0.35983648896217346,0.35781243443489075,0.3633323311805725,0.37287232279777527,0.37108054757118225,0.3659663796424866,0.36841726303100586]","[-0.049019116908311844,-0.19217970967292786,1.1160317659378052,2.8825559616088867,0.15894357860088348,-1.5429998636245728,0.038880009204149246,-0.030385009944438934,-0.03416500985622406,-0.03003498911857605,-0.03258999437093735,-0.05515999346971512,-0.14153999090194702,-0.14048998057842255,-0.14468999207019806,-0.14710499346256256,0.36910131573677063,0.36573249101638794,0.36931121349334717,0.3636675179004669,0.3627399802207947,0.3633349537849426,0.3728812336921692,0.3710786998271942,0.3659687340259552,0.37119248509407043]","[-0.049019118701466774,-0.19217971644579906,1.1160317348816973,2.8825559180792415,0.1589435743175724,-1.5429998466092598,0.038880009204149246,-0.030385009944438934,-0.03416500985622406,-0.03003498911857605,-0.03258999437093735,-0.05515999346971512,-0.14153999090194702,-0.14048998057842255,-0.14468999207019806,-0.14710499346256256,0.36910131573677063,0.36573249101638794,0.36931121349334717,0.3636675179004669,0.3627399802207947,0.3633349537849426,0.3728812336921692,0.3710786998271942,0.3659687340259552,0.37119248509407043]","[-0.014180488884449005,0.01298452913761139,-0.0061484575271606445,-0.017480134963989258,0.008272543549537659,-0.027205824851989746,-2.3558735847473145e-05,4.201382398605347e-05,2.0485371351242065e-05,0.039981432259082794,-0.06661196053028107,-6.966292858123779e-06,-5.5283308029174805e-06,-8.091330528259277e-06,-0.0418538823723793,0.09323263168334961,-2.0325183868408203e-05,1.2814998626708984e-06,2.574920654296875e-05,0.003831028938293457,0.004927545785903931,2.6226043701171875e-06,8.910894393920898e-06,-1.8477439880371094e-06,2.3543834686279297e-06,0.002775222063064575]","[0.11614961922168732,-0.15548992156982422,1.0152761936187744]","[-0.2658858597278595,0.2880353629589081,-0.5965970158576965,0.7002944350242615]","[0.2651899456977844,-0.2302687168121338,-0.19103306531906128]","[2.1218602657318115,0.8797993659973145,0.2902181148529053]","[-0.1599999964237213,-0.30000001192092896,0.7400000095367432]","[0.7070000171661377,0.7070000171661377,0.0,0.0]","[-0.034838493913412094,-0.20516417920589447,1.1221802234649658]","[0.13861744105815887,0.7127139568328857,0.6870385408401489,-0.028320953249931335]","[""right_finger2_link3"",""right_finger2_link4"",""right_finger3_link3"",""right_finger3_link4"",""right_finger4_link3"",""right_finger4_link4""]","[[0.015050876885652542,-0.25142809748649597,0.9965949654579163],[0.017286373302340508,-0.25097402930259705,0.9671832919120789],[-0.014095530845224857,-0.25554153323173523,0.9960839748382568],[-0.013247957453131676,-0.2551099359989166,0.9665993452072144],[-0.038781750947237015,-0.25204774737358093,0.997405469417572],[-0.03918556869029999,-0.25250276923179626,0.9679117202758789]]","[0.0,0.0,0.0,0.0,46.920202813283865,0.0]","[[0.0,0.0,0.0],[0.0,0.0,0.0],[0.0,0.0,0.0],[0.0,0.0,0.0],[1.3507814407348633,-6.883965969085693,-46.392799377441406],[0.0,0.0,0.0]]",0.0,"[0.0,0.0,0.0]",0.0,"[0.0,0.0,0.0]",[],[],False,False,False,False,False,[],-0.01593760703317726,0.1445711902834097,47.00555031067485,0.1464865922358894,47.00555031067485,0.0,0.0,0,0,0,True,HARD_FORCE_ABORT,True
90,attempt_0,FAILED,"[-0.03483764827251434,-0.20516376197338104,1.1221787929534912,2.9000306129455566,0.15067143738269806,-1.5157848596572876,0.03890503570437431,-0.030425887554883957,-0.03418555483222008,-0.07001277059316635,0.034084662795066833,-0.05515299737453461,-0.14153462648391724,-0.1404818296432495,-0.10284809023141861,-0.24031531810760498,0.36912301182746887,0.36573320627212524,0.3692873418331146,0.35984110832214355,0.3577619194984436,0.3633325397968292,0.37287193536758423,0.371080219745636,0.3659662902355194,0.3684385120868683]","[-0.049019116908311844,-0.19217970967292786,1.1160317659378052,2.8825559616088867,0.15894357860088348,-1.5429998636245728,0.038880009204149246,-0.030385009944438934,-0.03416500985622406,-0.03003498911857605,-0.03258999437093735,-0.05515999346971512,-0.14153999090194702,-0.14048998057842255,-0.14468999207019806,-0.14710499346256256,0.36910131573677063,0.36573249101638794,0.36931121349334717,0.3636675179004669,0.3627399802207947,0.3633349537849426,0.3728812336921692,0.3710786998271942,0.3659687340259552,0.37119248509407043]","[-0.049019118701466774,-0.19217971644579906,1.1160317348816973,2.8825559180792415,0.1589435743175724,-1.5429998466092598,0.038880009204149246,-0.030385009944438934,-0.03416500985622406,-0.03003498911857605,-0.03258999437093735,-0.05515999346971512,-0.14153999090194702,-0.14048998057842255,-0.14468999207019806,-0.14710499346256256,0.36910131573677063,0.36573249101638794,0.36931121349334717,0.3636675179004669,0.3627399802207947,0.3633349537849426,0.3728812336921692,0.3710786998271942,0.3659687340259552,0.37119248509407043]","[-0.0141814686357975,0.012984052300453186,-0.006147027015686035,-0.017474651336669922,0.008272141218185425,-0.027215003967285156,-2.502650022506714e-05,4.087761044502258e-05,2.0544975996017456e-05,0.0399777814745903,-0.06667465716600418,-6.996095180511475e-06,-5.364418029785156e-06,-8.150935173034668e-06,-0.04184190183877945,0.09321032464504242,-2.1696090698242188e-05,-7.152557373046875e-07,2.3871660232543945e-05,0.0038264095783233643,0.004978060722351074,2.4139881134033203e-06,9.298324584960938e-06,-1.519918441772461e-06,2.4437904357910156e-06,0.0027539730072021484]","[0.1161443293094635,-0.15548153221607208,1.0153262615203857]","[-0.26599591970443726,0.2879496216773987,-0.5965964794158936,0.7002882957458496]","[0.2646930515766144,-0.23007680475711823,-0.1856793761253357]","[2.059311866760254,0.9300229549407959,0.2896396517753601]","[-0.1599999964237213,-0.30000001192092896,0.7400000095367432]","[0.7070000171661377,0.7070000171661377,0.0,0.0]","[-0.0348375141620636,-0.20516370236873627,1.1221786737442017]","[0.13861960172653198,0.7127167582511902,0.6870351433753967,-0.028321977704763412]","[""right_finger2_link3"",""right_finger2_link4"",""right_finger3_link3"",""right_finger3_link4"",""right_finger4_link3"",""right_finger4_link4""]","[[0.015051782131195068,-0.2514285147190094,0.996593713760376],[0.017287341877818108,-0.25097447633743286,0.9671820402145386],[-0.014094671234488487,-0.25554174184799194,0.9960826635360718],[-0.013247014954686165,-0.2551102340221405,0.9665980339050293],[-0.03878136724233627,-0.2520475387573242,0.9974040389060974],[-0.03918541222810745,-0.2525023818016052,0.9679102897644043]]","[0.0,0.0,0.0,0.0,46.70270888779922,0.0]","[[0.0,0.0,0.0],[0.0,0.0,0.0],[0.0,0.0,0.0],[0.0,0.0,0.0],[1.3410617113113403,-6.853791236877441,-46.17759323120117],[0.0,0.0,0.0]]",0.0,"[0.0,0.0,0.0]",0.0,"[0.0,0.0,0.0]",[],[],False,False,False,False,False,[],-0.01590060627060308,0.14457800128297116,47.006895435213586,0.14650356710332127,47.006895435213586,0.0,0.0,0,0,0,True,HARD_FORCE_ABORT,True
91,attempt_0,FAILED,"[-0.03483651950955391,-0.2051621526479721,1.1221781969070435,2.90002179145813,0.1506541222333908,-1.515796422958374,0.03890424221754074,-0.03042525425553322,-0.034185148775577545,-0.06999929994344711,0.03409358859062195,-0.05515294894576073,-0.14153441786766052,-0.14048175513744354,-0.10286571830511093,-0.24029521644115448,0.3691217005252838,0.36573266983032227,0.3692878484725952,0.35984545946121216,0.3577415943145752,0.363332062959671,0.37287193536758423,0.37107962369918823,0.36596572399139404,0.36844974756240845]","[-0.049019116908311844,-0.19217970967292786,1.1160317659378052,2.8825559616088867,0.15894357860088348,-1.5429998636245728,0.038880009204149246,-0.030385009944438934,-0.03416500985622406,-0.03003498911857605,-0.03258999437093735,-0.05515999346971512,-0.14153999090194702,-0.14048998057842255,-0.14468999207019806,-0.14710499346256256,0.36910131573677063,0.36573249101638794,0.36931121349334717,0.3636675179004669,0.3627399802207947,0.3633349537849426,0.3728812336921692,0.3710786998271942,0.3659687340259552,0.37119248509407043]","[-0.049019118701466774,-0.19217971644579906,1.1160317348816973,2.8825559180792415,0.1589435743175724,-1.5429998466092598,0.038880009204149246,-0.030385009944438934,-0.03416500985622406,-0.03003498911857605,-0.03258999437093735,-0.05515999346971512,-0.14153999090194702,-0.14048998057842255,-0.14468999207019806,-0.14710499346256256,0.36910131573677063,0.36573249101638794,0.36931121349334717,0.3636675179004669,0.3627399802207947,0.3633349537849426,0.3728812336921692,0.3710786998271942,0.3659687340259552,0.37119248509407043]","[-0.014182597398757935,0.01298244297504425,-0.006146430969238281,-0.017465829849243164,0.008289456367492676,-0.02720344066619873,-2.423301339149475e-05,4.024431109428406e-05,2.0138919353485107e-05,0.03996431082487106,-0.0666835829615593,-7.0445239543914795e-06,-5.5730342864990234e-06,-8.225440979003906e-06,-0.04182427376508713,0.09319022297859192,-2.0384788513183594e-05,-1.7881393432617188e-07,2.3365020751953125e-05,0.0038220584392547607,0.004998385906219482,2.8908252716064453e-06,9.298324584960938e-06,-9.238719940185547e-07,3.0100345611572266e-06,0.0027427375316619873]","[0.11614495515823364,-0.15548175573349,1.0153158903121948]","[-0.2659735679626465,0.28797009587287903,-0.5965999364852905,0.7002855539321899]","[0.25855961441993713,-0.2354179471731186,-0.19882115721702576]","[2.1032891273498535,0.7924063205718994,0.3469911217689514]","[-0.1599999964237213,-0.30000001192092896,0.7400000095367432]","[0.7070000171661377,0.7070000171661377,0.0,0.0]","[-0.034836385399103165,-0.20516209304332733,1.122178077697754]","[0.13861681520938873,0.7127133011817932,0.6870388388633728,-0.02833211049437523]","[""right_finger2_link3"",""right_finger2_link4"",""right_finger3_link3"",""right_finger3_link4"",""right_finger4_link3"",""right_finger4_link4""]","[[0.01505078375339508,-0.25142785906791687,0.9965925812721252],[0.017285773530602455,-0.2509741187095642,0.9671809077262878],[-0.014095642603933811,-0.2555413246154785,0.9960822463035583],[-0.013248561881482601,-0.25511008501052856,0.9665975570678711],[-0.03878302499651909,-0.2520466148853302,0.9974038004875183],[-0.039188068360090256,-0.2525012195110321,0.9679100513458252]]","[0.0,0.0,0.0,0.0,46.802733906449575,0.0]","[[0.0,0.0,0.0],[0.0,0.0,0.0],[0.0,0.0,0.0],[0.0,0.0,0.0],[1.3558006286621094,-6.863055229187012,-46.27695083618164],[0.0,0.0,0.0]]",0.0,"[0.0,0.0,0.0]",0.0,"[0.0,0.0,0.0]",[],[],False,False,False,False,False,[],-0.01590665183256823,0.14457813483898171,47.006774602507285,0.14650157514527234,47.006774602507285,0.0,0.0,0,0,0,True,HARD_FORCE_ABORT,True
92,attempt_0,FAILED,"[-0.03483658283948898,-0.20516325533390045,1.122178077697754,2.900031328201294,0.1506548523902893,-1.5158025026321411,0.03890196606516838,-0.030427517369389534,-0.034185267984867096,-0.07000313699245453,0.034041374921798706,-0.05515345185995102,-0.14153464138507843,-0.14048227667808533,-0.10284934937953949,-0.24032562971115112,0.3691198229789734,0.36572977900505066,0.3692842423915863,0.3598392605781555,0.35778990387916565,0.36333155632019043,0.3728727698326111,0.3710803985595703,0.36596640944480896,0.3684304356575012]","[-0.049019116908311844,-0.19217970967292786,1.1160317659378052,2.8825559616088867,0.15894357860088348,-1.5429998636245728,0.038880009204149246,-0.030385009944438934,-0.03416500985622406,-0.03003498911857605,-0.03258999437093735,-0.05515999346971512,-0.14153999090194702,-0.14048998057842255,-0.14468999207019806,-0.14710499346256256,0.36910131573677063,0.36573249101638794,0.36931121349334717,0.3636675179004669,0.3627399802207947,0.3633349537849426,0.3728812336921692,0.3710786998271942,0.3659687340259552,0.37119248509407043]","[-0.049019118701466774,-0.19217971644579906,1.1160317348816973,2.8825559180792415,0.1589435743175724,-1.5429998466092598,0.038880009204149246,-0.030385009944438934,-0.03416500985622406,-0.03003498911857605,-0.03258999437093735,-0.05515999346971512,-0.14153999090194702,-0.14048998057842255,-0.14468999207019806,-0.14710499346256256,0.36910131573677063,0.36573249101638794,0.36931121349334717,0.3636675179004669,0.3627399802207947,0.3633349537849426,0.3728812336921692,0.3710786998271942,0.3659687340259552,0.37119248509407043]","[-0.01418253406882286,0.012983545660972595,-0.0061463117599487305,-0.017475366592407227,0.008288726210594177,-0.02719736099243164,-2.195686101913452e-05,4.250742495059967e-05,2.025812864303589e-05,0.03996814787387848,-0.06663136929273605,-6.541609764099121e-06,-5.349516868591309e-06,-7.703900337219238e-06,-0.04184064269065857,0.09322063624858856,-1.850724220275879e-05,2.7120113372802734e-06,2.6971101760864258e-05,0.0038282573223114014,0.004950076341629028,3.3974647521972656e-06,8.463859558105469e-06,-1.6987323760986328e-06,2.3245811462402344e-06,0.002762049436569214]","[0.11614981293678284,-0.15548944473266602,1.0152751207351685]","[-0.26588740944862366,0.28803521394729614,-0.5965979695320129,0.7002930641174316]","[0.25564321875572205,-0.23973888158798218,-0.18976683914661407]","[2.1697559356689453,0.8283413648605347,0.34890279173851013]","[-0.1599999964237213,-0.30000001192092896,0.7400000095367432]","[0.7070000171661377,0.7070000171661377,0.0,0.0]","[-0.03483644500374794,-0.20516319572925568,1.1221779584884644]","[0.1386135220527649,0.712711751461029,0.687041163444519,-0.028328919783234596]","[""right_finger2_link3"",""right_finger2_link4"",""right_finger3_link3"",""right_finger3_link4"",""right_finger4_link3"",""right_finger4_link4""]","[[0.015050917863845825,-0.25142765045166016,0.9965920448303223],[0.017285902053117752,-0.25097379088401794,0.9671803712844849],[-0.014095498248934746,-0.2555411756038666,0.9960817098617554],[-0.013248457573354244,-0.2551097571849823,0.9665970206260681],[-0.03878219425678253,-0.2520469129085541,0.9974033832550049],[-0.03918683901429176,-0.25250157713890076,0.9679096341133118]]","[0.0,0.0,0.0,0.0,46.90488331273937,0.0]","[[0.0,0.0,0.0],[0.0,0.0,0.0],[0.0,0.0,0.0],[0.0,0.0,0.0],[1.3559868335723877,-6.878762245178223,-46.377925872802734],[0.0,0.0,0.0]]",0.0,"[0.0,0.0,0.0]",0.0,"[0.0,0.0,0.0]",[],[],False,False,False,False,False,[],-0.015936487711739278,0.14457169208883938,47.00562930204387,0.14648686775726927,47.00562930204387,0.0,0.0,0,0,0,True,HARD_FORCE_ABORT,True
93,attempt_0,FAILED,"[-0.034835442900657654,-0.20516380667686462,1.1221787929534912,2.9000327587127686,0.1506495475769043,-1.5158041715621948,0.038903605192899704,-0.03042750060558319,-0.03418565168976784,-0.07001248747110367,0.03402002528309822,-0.055152904242277145,-0.14153438806533813,-0.14048177003860474,-0.10284421592950821,-0.24032710492610931,0.3691212236881256,0.36573082208633423,0.3692852556705475,0.35983723402023315,0.35780373215675354,0.3633316457271576,0.372872531414032,0.37107977271080017,0.365966260433197,0.3684234917163849]","[-0.049019116908311844,-0.19217970967292786,1.1160317659378052,2.8825559616088867,0.15894357860088348,-1.5429998636245728,0.038880009204149246,-0.030385009944438934,-0.03416500985622406,-0.03003498911857605,-0.03258999437093735,-0.05515999346971512,-0.14153999090194702,-0.14048998057842255,-0.14468999207019806,-0.14710499346256256,0.36910131573677063,0.36573249101638794,0.36931121349334717,0.3636675179004669,0.3627399802207947,0.3633349537849426,0.3728812336921692,0.3710786998271942,0.3659687340259552,0.37119248509407043]","[-0.049019118701466774,-0.19217971644579906,1.1160317348816973,2.8825559180792415,0.1589435743175724,-1.5429998466092598,0.038880009204149246,-0.030385009944438934,-0.03416500985622406,-0.03003498911857605,-0.03258999437093735,-0.05515999346971512,-0.14153999090194702,-0.14048998057842255,-0.14468999207019806,-0.14710499346256256,0.36910131573677063,0.36573249101638794,0.36931121349334717,0.3636675179004669,0.3627399802207947,0.3633349537849426,0.3728812336921692,0.3710786998271942,0.3659687340259552,0.37119248509407043]","[-0.01418367400765419,0.012984097003936768,-0.006147027015686035,-0.017476797103881836,0.008294031023979187,-0.02719569206237793,-2.3595988750457764e-05,4.249066114425659e-05,2.0641833543777466e-05,0.03997749835252762,-0.06661002337932587,-7.0892274379730225e-06,-5.602836608886719e-06,-8.210539817810059e-06,-0.04184577614068985,0.09322211146354675,-1.990795135498047e-05,1.6689300537109375e-06,2.5957822799682617e-05,0.0038302838802337646,0.004936248064041138,3.3080577850341797e-06,8.702278137207031e-06,-1.0728836059570312e-06,2.473592758178711e-06,0.002768993377685547]","[0.11615301668643951,-0.15549211204051971,1.0152510404586792]","[-0.26583510637283325,0.2880805432796478,-0.5966015458106995,0.7002912759780884]","[0.2573935091495514,-0.23791736364364624,-0.1968907117843628]","[2.125572919845581,0.8551634550094604,0.3338962197303772]","[-0.1599999964237213,-0.30000001192092896,0.7400000095367432]","[0.7070000171661377,0.7070000171661377,0.0,0.0]","[-0.03483530879020691,-0.20516374707221985,1.1221786737442017]","[0.1386110782623291,0.7127116918563843,0.6870417594909668,-0.02833056077361107]","[""right_finger2_link3"",""right_finger2_link4"",""right_finger3_link3"",""right_finger3_link4"",""right_finger4_link3"",""right_finger4_link4""]","[[0.015051349997520447,-0.2514280378818512,0.9965924024581909],[0.017286168411374092,-0.2509740889072418,0.9671807289123535],[-0.014095060527324677,-0.2555415630340576,0.9960822463035583],[-0.013248180970549583,-0.25511014461517334,0.9665974974632263],[-0.03878161683678627,-0.25204768776893616,0.9974042773246765],[-0.03918633610010147,-0.2525026798248291,0.9679105281829834]]","[0.0,0.0,0.0,0.0,47.06713292511241,0.0]","[[0.0,0.0,0.0],[0.0,0.0,0.0],[0.0,0.0,0.0],[0.0,0.0,0.0],[1.3515775203704834,-6.907093048095703,-46.53794479370117],[0.0,0.0,0.0]]",0.0,"[0.0,0.0,0.0]",0.0,"[0.0,0.0,0.0]",[],[],False,False,False,False,False,[],-0.01595342969269642,0.14456973216472657,47.005274806643314,0.14648000175278855,47.005274806643314,0.0,0.0,0,0,0,True,HARD_FORCE_ABORT,True
94,attempt_0,FAILED,"[-0.034835439175367355,-0.20516358315944672,1.122179388999939,2.9000356197357178,0.15065352618694305,-1.5157982110977173,0.03890468552708626,-0.030426951125264168,-0.034185733646154404,-0.07002218812704086,0.034022871404886246,-0.05515296384692192,-0.14153452217578888,-0.14048181474208832,-0.10283385217189789,-0.24033653736114502,0.3691224753856659,0.3657321631908417,0.36928609013557434,0.35983601212501526,0.35780972242355347,0.36333224177360535,0.37287232279777527,0.3710799217224121,0.365966260433197,0.3684195280075073]","[-0.049019116908311844,-0.19217970967292786,1.1160317659378052,2.8825559616088867,0.15894357860088348,-1.5429998636245728,0.038880009204149246,-0.030385009944438934,-0.03416500985622406,-0.03003498911857605,-0.03258999437093735,-0.05515999346971512,-0.14153999090194702,-0.14048998057842255,-0.14468999207019806,-0.14710499346256256,0.36910131573677063,0.36573249101638794,0.36931121349334717,0.3636675179004669,0.3627399802207947,0.3633349537849426,0.3728812336921692,0.3710786998271942,0.3659687340259552,0.37119248509407043]","[-0.049019118701466774,-0.19217971644579906,1.1160317348816973,2.8825559180792415,0.1589435743175724,-1.5429998466092598,0.038880009204149246,-0.030385009944438934,-0.03416500985622406,-0.03003498911857605,-0.03258999437093735,-0.05515999346971512,-0.14153999090194702,-0.14048998057842255,-0.14468999207019806,-0.14710499346256256,0.36910131573677063,0.36573249101638794,0.36931121349334717,0.3636675179004669,0.3627399802207947,0.3633349537849426,0.3728812336921692,0.3710786998271942,0.3659687340259552,0.37119248509407043]","[-0.014183677732944489,0.01298387348651886,-0.006147623062133789,-0.017479658126831055,0.00829005241394043,-0.02720165252685547,-2.467632293701172e-05,4.194118082523346e-05,2.0723789930343628e-05,0.03998719900846481,-0.06661286950111389,-7.029622793197632e-06,-5.46872615814209e-06,-8.165836334228516e-06,-0.04185613989830017,0.09323154389858246,-2.1159648895263672e-05,3.2782554626464844e-07,2.512335777282715e-05,0.00383150577545166,0.004930257797241211,2.7120113372802734e-06,8.910894393920898e-06,-1.2218952178955078e-06,2.473592758178711e-06,0.0027729570865631104]","[0.1161491870880127,-0.1554865688085556,1.0152835845947266]","[-0.2659054696559906,0.28802475333213806,-0.5965969562530518,0.7002913355827332]","[0.25643518567085266,-0.23769314587116241,-0.18563519418239594]","[2.093538284301758,0.9577319025993347,0.32169920206069946]","[-0.1599999964237213,-0.30000001192092896,0.7400000095367432]","[0.7070000171661377,0.7070000171661377,0.0,0.0]","[-0.03483530133962631,-0.20516352355480194,1.1221792697906494]","[0.13861161470413208,0.7127136588096619,0.6870397329330444,-0.028327755630016327]","[""right_finger2_link3"",""right_finger2_link4"",""right_finger3_link3"",""right_finger3_link4"",""right_finger4_link3"",""right_finger4_link4""]","[[0.01505179051309824,-0.2514275908470154,0.9965931177139282],[0.0172867514193058,-0.25097352266311646,0.9671814441680908],[-0.014094628393650055,-0.25554102659225464,0.9960828423500061],[-0.013247585855424404,-0.2551094591617584,0.9665981531143188],[-0.038780760020017624,-0.25204747915267944,0.9974048137664795],[-0.039185065776109695,-0.2525027394294739,0.9679111242294312]]","[0.0,0.0,0.0,0.0,46.959259307934055,0.0]","[[0.0,0.0,0.0],[0.0,0.0,0.0],[0.0,0.0,0.0],[0.0,0.0,0.0],[1.3423583507537842,-6.893473148345947,-46.43113327026367],[0.0,0.0,0.0]]",0.0,"[0.0,0.0,0.0]",0.0,"[0.0,0.0,0.0]",[],[],False,False,False,False,False,[],-0.015931424321599663,0.14457427260625227,47.00617958584201,0.14649114786602618,47.00617958584201,0.0,0.0,0,0,0,True,HARD_FORCE_ABORT,True
95,attempt_0,FAILED,"[-0.03483394905924797,-0.20516426861286163,1.1221790313720703,2.9000396728515625,0.1506558507680893,-1.5157866477966309,0.03890514746308327,-0.030427472665905952,-0.03418610990047455,-0.07003013044595718,0.03402785211801529,-0.05515287071466446,-0.14153486490249634,-0.14048178493976593,-0.10283336043357849,-0.24033115804195404,0.3691229820251465,0.36573243141174316,0.3692856729030609,0.35983338952064514,0.357807457447052,0.36333218216896057,0.37287187576293945,0.3710800111293793,0.36596670746803284,0.3684188723564148]","[-0.049019116908311844,-0.19217970967292786,1.1160317659378052,2.8825559616088867,0.15894357860088348,-1.5429998636245728,0.038880009204149246,-0.030385009944438934,-0.03416500985622406,-0.03003498911857605,-0.03258999437093735,-0.05515999346971512,-0.14153999090194702,-0.14048998057842255,-0.14468999207019806,-0.14710499346256256,0.36910131573677063,0.36573249101638794,0.36931121349334717,0.3636675179004669,0.3627399802207947,0.3633349537849426,0.3728812336921692,0.3710786998271942,0.3659687340259552,0.37119248509407043]","[-0.049019118701466774,-0.19217971644579906,1.1160317348816973,2.8825559180792415,0.1589435743175724,-1.5429998466092598,0.038880009204149246,-0.030385009944438934,-0.03416500985622406,-0.03003498911857605,-0.03258999437093735,-0.05515999346971512,-0.14153999090194702,-0.14048998057842255,-0.14468999207019806,-0.14710499346256256,0.36910131573677063,0.36573249101638794,0.36931121349334717,0.3636675179004669,0.3627399802207947,0.3633349537849426,0.3728812336921692,0.3710786998271942,0.3659687340259552,0.37119248509407043]","[-0.014185167849063873,0.012984558939933777,-0.006147265434265137,-0.01748371124267578,0.00828772783279419,-0.027213215827941895,-2.5138258934020996e-05,4.246272146701813e-05,2.110004425048828e-05,0.039995141327381134,-0.06661784648895264,-7.12275505065918e-06,-5.125999450683594e-06,-8.195638656616211e-06,-0.04185663163661957,0.09322616457939148,-2.1666288375854492e-05,5.960464477539063e-08,2.5540590286254883e-05,0.0038341283798217773,0.004932522773742676,2.771615982055664e-06,9.357929229736328e-06,-1.3113021850585938e-06,2.0265579223632812e-06,0.0027736127376556396]","[0.11614705622196198,-0.15548093616962433,1.0153108835220337]","[-0.2659679055213928,0.28797808289527893,-0.5965955853462219,0.7002879977226257]","[0.2592136859893799,-0.2362985759973526,-0.18926195800304413]","[2.143021583557129,0.8797348141670227,0.3287957012653351]","[-0.1599999964237213,-0.30000001192092896,0.7400000095367432]","[0.7070000171661377,0.7070000171661377,0.0,0.0]","[-0.03483381122350693,-0.20516420900821686,1.1221789121627808]","[0.1386110633611679,0.7127177715301514,0.6870356798171997,-0.028324732556939125]","[""right_finger2_link3"",""right_finger2_link4"",""right_finger3_link3"",""right_finger3_link4"",""right_finger4_link3"",""right_finger4_link4""]","[[0.0150533989071846,-0.2514280676841736,0.9965927004814148],[0.01728849858045578,-0.2509738504886627,0.9671810269355774],[-0.014093048870563507,-0.2555411756038666,0.9960823059082031],[-0.013245859183371067,-0.2551094889640808,0.9665976166725159],[-0.03877918794751167,-0.25204774737358093,0.997404158115387],[-0.039183374494314194,-0.2525031268596649,0.9679104685783386]]","[0.0,0.0,0.0,0.0,47.020877492626056,0.0]","[[0.0,0.0,0.0],[0.0,0.0,0.0],[0.0,0.0,0.0],[0.0,0.0,0.0],[1.3520112037658691,-6.899516582489014,-46.49227523803711],[0.0,0.0,0.0]]",0.0,"[0.0,0.0,0.0]",0.0,"[0.0,0.0,0.0]",[],[],False,False,False,False,False,[],-0.01591191295709249,0.1445789794059617,47.00713828406707,0.14650138335588142,47.00713828406707,0.0,0.0,0,0,0,True,HARD_FORCE_ABORT,True
96,attempt_0,FAILED,"[-0.03483247384428978,-0.20516324043273926,1.1221791505813599,2.9000415802001953,0.15064623951911926,-1.5157907009124756,0.03890366852283478,-0.03042571246623993,-0.03418517857789993,-0.07002543658018112,0.034020744264125824,-0.05515303835272789,-0.14153456687927246,-0.14048177003860474,-0.10284560173749924,-0.2403177171945572,0.3691211938858032,0.36573198437690735,0.3692869544029236,0.35983651876449585,0.35780927538871765,0.36333179473876953,0.3728719651699066,0.37107980251312256,0.36596620082855225,0.3684185743331909]","[-0.049019116908311844,-0.19217970967292786,1.1160317659378052,2.8825559616088867,0.15894357860088348,-1.5429998636245728,0.038880009204149246,-0.030385009944438934,-0.03416500985622406,-0.03003498911857605,-0.03258999437093735,-0.05515999346971512,-0.14153999090194702,-0.14048998057842255,-0.14468999207019806,-0.14710499346256256,0.36910131573677063,0.36573249101638794,0.36931121349334717,0.3636675179004669,0.3627399802207947,0.3633349537849426,0.3728812336921692,0.3710786998271942,0.3659687340259552,0.37119248509407043]","[-0.049019118701466774,-0.19217971644579906,1.1160317348816973,2.8825559180792415,0.1589435743175724,-1.5429998466092598,0.038880009204149246,-0.030385009944438934,-0.03416500985622406,-0.03003498911857605,-0.03258999437093735,-0.05515999346971512,-0.14153999090194702,-0.14048998057842255,-0.14468999207019806,-0.14710499346256256,0.36910131573677063,0.36573249101638794,0.36931121349334717,0.3636675179004669,0.3627399802207947,0.3633349537849426,0.3728812336921692,0.3710786998271942,0.3659687340259552,0.37119248509407043]","[-0.014186643064022064,0.012983530759811401,-0.0061473846435546875,-0.017485618591308594,0.008297339081764221,-0.027209162712097168,-2.3659318685531616e-05,4.070252180099487e-05,2.0168721675872803e-05,0.03999044746160507,-0.06661073863506317,-6.9551169872283936e-06,-5.424022674560547e-06,-8.210539817810059e-06,-0.04184439033269882,0.09321272373199463,-1.9878149032592773e-05,5.066394805908203e-07,2.4259090423583984e-05,0.0038309991359710693,0.004930704832077026,3.159046173095703e-06,9.268522262573242e-06,-1.1026859283447266e-06,2.5331974029541016e-06,0.0027739107608795166]","[0.11615140736103058,-0.15548497438430786,1.015276312828064]","[-0.2658928632736206,0.2880415618419647,-0.5965983867645264,0.7002880573272705]","[0.2563801109790802,-0.23835545778274536,-0.2001337707042694]","[2.136242628097534,0.7871198654174805,0.35543981194496155]","[-0.1599999964237213,-0.30000001192092896,0.7400000095367432]","[0.7070000171661377,0.7070000171661377,0.0,0.0]","[-0.03483233600854874,-0.20516318082809448,1.1221790313720703]","[0.1386071741580963,0.7127171158790588,0.6870371103286743,-0.02832777239382267]","[""right_finger2_link3"",""right_finger2_link4"",""right_finger3_link3"",""right_finger3_link4"",""right_finger4_link3"",""right_finger4_link4""]","[[0.015053708106279373,-0.25142672657966614,0.9965923428535461],[0.017288513481616974,-0.2509724199771881,0.967180609703064],[-0.014092757366597652,-0.2555399537086487,0.996082067489624],[-0.013245861977338791,-0.25510814785957336,0.9665973782539368],[-0.03877939283847809,-0.2520463168621063,0.9974044561386108],[-0.03918417915701866,-0.25250136852264404,0.9679107666015625]]","[0.0,0.0,0.0,0.0,46.95559745966375,0.0]","[[0.0,0.0,0.0],[0.0,0.0,0.0],[0.0,0.0,0.0],[0.0,0.0,0.0],[1.3568081855773926,-6.8869709968566895,-46.427974700927734],[0.0,0.0,0.0]]",0.0,"[0.0,0.0,0.0]",0.0,"[0.0,0.0,0.0]",[],[],False,False,False,False,False,[],-0.015935822874761807,0.14457596999652014,47.00656742082365,0.1464913338662528,47.00656742082365,0.0,0.0,0,0,0,True,HARD_FORCE_ABORT,True
97,attempt_0,FAILED,"[-0.0348331481218338,-0.20516398549079895,1.122179388999939,2.900048017501831,0.1506507694721222,-1.5157899856567383,0.038903187960386276,-0.030426207929849625,-0.03418514505028725,-0.07003045082092285,0.033995602279901505,-0.055153269320726395,-0.14153450727462769,-0.14048199355602264,-0.10283198952674866,-0.24033871293067932,0.36912092566490173,0.3657315671443939,0.3692861795425415,0.35983386635780334,0.357837975025177,0.3633321523666382,0.37287214398384094,0.37108010053634644,0.36596599221229553,0.36840492486953735]","[-0.049019116908311844,-0.19217970967292786,1.1160317659378052,2.8825559616088867,0.15894357860088348,-1.5429998636245728,0.038880009204149246,-0.030385009944438934,-0.03416500985622406,-0.03003498911857605,-0.03258999437093735,-0.05515999346971512,-0.14153999090194702,-0.14048998057842255,-0.14468999207019806,-0.14710499346256256,0.36910131573677063,0.36573249101638794,0.36931121349334717,0.3636675179004669,0.3627399802207947,0.3633349537849426,0.3728812336921692,0.3710786998271942,0.3659687340259552,0.37119248509407043]","[-0.049019118701466774,-0.19217971644579906,1.1160317348816973,2.8825559180792415,0.1589435743175724,-1.5429998466092598,0.038880009204149246,-0.030385009944438934,-0.03416500985622406,-0.03003498911857605,-0.03258999437093735,-0.05515999346971512,-0.14153999090194702,-0.14048998057842255,-0.14468999207019806,-0.14710499346256256,0.36910131573677063,0.36573249101638794,0.36931121349334717,0.3636675179004669,0.3627399802207947,0.3633349537849426,0.3728812336921692,0.3710786998271942,0.3659687340259552,0.37119248509407043]","[-0.014185968786478043,0.012984275817871094,-0.006147623062133789,-0.017492055892944336,0.008292809128761292,-0.027209877967834473,-2.317875623703003e-05,4.119798541069031e-05,2.0135194063186646e-05,0.0399954617023468,-0.06658560037612915,-6.724148988723755e-06,-5.4836273193359375e-06,-7.987022399902344e-06,-0.0418580025434494,0.09323371946811676,-1.9609928131103516e-05,9.238719940185547e-07,2.5033950805664062e-05,0.0038336515426635742,0.004902005195617676,2.8014183044433594e-06,9.08970832824707e-06,-1.4007091522216797e-06,2.7418136596679688e-06,0.002787560224533081]","[0.11615243554115295,-0.15548716485500336,1.015263557434082]","[-0.2658665180206299,0.28806135058403015,-0.5965954065322876,0.7002923488616943]","[0.2639055550098419,-0.23041845858097076,-0.19082826375961304]","[2.1276376247406006,0.8905015587806702,0.2975475490093231]","[-0.1599999964237213,-0.30000001192092896,0.7400000095367432]","[0.7070000171661377,0.7070000171661377,0.0,0.0]","[-0.03483300656080246,-0.20516391098499298,1.1221792697906494]","[0.13860642910003662,0.712717592716217,0.68703693151474,-0.028323885053396225]","[""right_finger2_link3"",""right_finger2_link4"",""right_finger3_link3"",""right_finger3_link4"",""right_finger4_link3"",""right_finger4_link4""]","[[0.015053611248731613,-0.25142666697502136,0.9965924620628357],[0.017288554459810257,-0.2509722113609314,0.9671807289123535],[-0.01409284770488739,-0.25553983449935913,0.9960820078849792],[-0.013245820067822933,-0.2551078498363495,0.966597318649292],[-0.03877892345190048,-0.25204652547836304,0.9974043965339661],[-0.039183229207992554,-0.2525016963481903,0.9679107069969177]]","[0.0,0.0,0.0,0.0,46.96805212126185,0.0]","[[0.0,0.0,0.0],[0.0,0.0,0.0],[0.0,0.0,0.0],[0.0,0.0,0.0],[1.3485989570617676,-6.8922343254089355,-46.44002914428711],[0.0,0.0,0.0]]",0.0,"[0.0,0.0,0.0]",0.0,"[0.0,0.0,0.0]",[],[],False,False,False,False,False,[],-0.0159458342912,0.14457421021423456,47.00628065547257,0.14648698485841674,47.00628065547257,0.0,0.0,0,0,0,True,HARD_FORCE_ABORT,True
98,attempt_0,FAILED,"[-0.03483330458402634,-0.2051638513803482,1.122178077697754,2.9000420570373535,0.15065254271030426,-1.5157796144485474,0.038904957473278046,-0.030425479635596275,-0.03418542072176933,-0.07002408802509308,0.034064482897520065,-0.05515308678150177,-0.14153485000133514,-0.14048191905021667,-0.10284365713596344,-0.2403174638748169,0.36912262439727783,0.36573323607444763,0.3692876100540161,0.3598382771015167,0.35778218507766724,0.3633325397968292,0.3728717863559723,0.37107962369918823,0.365966260433197,0.3684275150299072]","[-0.049019116908311844,-0.19217970967292786,1.1160317659378052,2.8825559616088867,0.15894357860088348,-1.5429998636245728,0.038880009204149246,-0.030385009944438934,-0.03416500985622406,-0.03003498911857605,-0.03258999437093735,-0.05515999346971512,-0.14153999090194702,-0.14048998057842255,-0.14468999207019806,-0.14710499346256256,0.36910131573677063,0.36573249101638794,0.36931121349334717,0.3636675179004669,0.3627399802207947,0.3633349537849426,0.3728812336921692,0.3710786998271942,0.3659687340259552,0.37119248509407043]","[-0.049019118701466774,-0.19217971644579906,1.1160317348816973,2.8825559180792415,0.1589435743175724,-1.5429998466092598,0.038880009204149246,-0.030385009944438934,-0.03416500985622406,-0.03003498911857605,-0.03258999437093735,-0.05515999346971512,-0.14153999090194702,-0.14048998057842255,-0.14468999207019806,-0.14710499346256256,0.36910131573677063,0.36573249101638794,0.36931121349334717,0.3636675179004669,0.3627399802207947,0.3633349537849426,0.3728812336921692,0.3710786998271942,0.3659687340259552,0.37119248509407043]","[-0.014185812324285507,0.012984141707420349,-0.0061463117599487305,-0.017486095428466797,0.008291035890579224,-0.02722024917602539,-2.494826912879944e-05,4.0469691157341003e-05,2.0410865545272827e-05,0.03998909890651703,-0.06665447354316711,-6.906688213348389e-06,-5.140900611877441e-06,-8.061528205871582e-06,-0.04184633493423462,0.09321247041225433,-2.130866050720215e-05,-7.450580596923828e-07,2.3603439331054688e-05,0.0038292407989501953,0.004957795143127441,2.4139881134033203e-06,9.447336196899414e-06,-9.238719940185547e-07,2.473592758178711e-06,0.002764970064163208]","[0.11614607274532318,-0.15547941625118256,1.0153210163116455]","[-0.2659904360771179,0.287960410118103,-0.5965965986251831,0.7002858519554138]","[0.26381686329841614,-0.23116141557693481,-0.18457214534282684]","[2.05560302734375,0.9409996271133423,0.2893921732902527]","[-0.1599999964237213,-0.30000001192092896,0.7400000095367432]","[0.7070000171661377,0.7070000171661377,0.0,0.0]","[-0.034833166748285294,-0.20516379177570343,1.1221779584884644]","[0.13860923051834106,0.7127206325531006,0.6870331168174744,-0.028324676677584648]","[""right_finger2_link3"",""right_finger2_link4"",""right_finger3_link3"",""right_finger3_link4"",""right_finger4_link3"",""right_finger4_link4""]","[[0.015053484588861465,-0.251427561044693,0.9965915083885193],[0.01728852465748787,-0.2509731948375702,0.9671798348426819],[-0.014093002304434776,-0.25554051995277405,0.9960810542106628],[-0.013245849870145321,-0.25510865449905396,0.9665963649749756],[-0.03877950832247734,-0.2520465552806854,0.9974032044410706],[-0.03918398544192314,-0.2525014877319336,0.9679094552993774]]","[0.0,0.0,0.0,0.0,46.70983830666319,0.0]","[[0.0,0.0,0.0],[0.0,0.0,0.0],[0.0,0.0,0.0],[0.0,0.0,0.0],[1.3385447263717651,-6.855984210968018,-46.18455123901367],[0.0,0.0,0.0]]",0.0,"[0.0,0.0,0.0]",0.0,"[0.0,0.0,0.0]",[],[],False,False,False,False,False,[],-0.015903659893254374,0.14458017468624654,47.00736977831829,0.1465046378747093,47.00736977831829,0.0,0.0,0,0,0,True,HARD_FORCE_ABORT,True
99,attempt_0,FAILED,"[-0.03483303263783455,-0.20516256988048553,1.1221774816513062,2.9000327587127686,0.15063484013080597,-1.5157923698425293,0.03890389949083328,-0.03042491525411606,-0.03418496251106262,-0.07000916451215744,0.034076888114213943,-0.05515313893556595,-0.14153453707695007,-0.14048181474208832,-0.10286325961351395,-0.24029701948165894,0.36912113428115845,0.3657325208187103,0.3692881464958191,0.35984325408935547,0.3577578067779541,0.3633318841457367,0.3728719651699066,0.3710791766643524,0.36596551537513733,0.36843976378440857]","[-0.049019116908311844,-0.19217970967292786,1.1160317659378052,2.8825559616088867,0.15894357860088348,-1.5429998636245728,0.038880009204149246,-0.030385009944438934,-0.03416500985622406,-0.03003498911857605,-0.03258999437093735,-0.05515999346971512,-0.14153999090194702,-0.14048998057842255,-0.14468999207019806,-0.14710499346256256,0.36910131573677063,0.36573249101638794,0.36931121349334717,0.3636675179004669,0.3627399802207947,0.3633349537849426,0.3728812336921692,0.3710786998271942,0.3659687340259552,0.37119248509407043]","[-0.049019118701466774,-0.19217971644579906,1.1160317348816973,2.8825559180792415,0.1589435743175724,-1.5429998466092598,0.038880009204149246,-0.030385009944438934,-0.03416500985622406,-0.03003498911857605,-0.03258999437093735,-0.05515999346971512,-0.14153999090194702,-0.14048998057842255,-0.14468999207019806,-0.14710499346256256,0.36910131573677063,0.36573249101638794,0.36931121349334717,0.3636675179004669,0.3627399802207947,0.3633349537849426,0.3728812336921692,0.3710786998271942,0.3659687340259552,0.37119248509407043]","[-0.014186084270477295,0.012982860207557678,-0.0061457157135009766,-0.017476797103881836,0.008308738470077515,-0.027207493782043457,-2.3890286684036255e-05,3.9905309677124023e-05,1.9952654838562012e-05,0.03997417539358139,-0.06666688621044159,-6.854534149169922e-06,-5.453824996948242e-06,-8.165836334228516e-06,-0.04182673245668411,0.09319202601909637,-1.9818544387817383e-05,-2.9802322387695312e-08,2.3066997528076172e-05,0.00382426381111145,0.004982173442840576,3.069639205932617e-06,9.268522262573242e-06,-4.76837158203125e-07,3.2186508178710938e-06,0.0027527213096618652]","[0.11614613234996796,-0.155481219291687,1.015310287475586]","[-0.2659643590450287,0.28798040747642517,-0.596600353717804,0.7002844214439392]","[0.2579837441444397,-0.23528707027435303,-0.19929997622966766]","[2.1112918853759766,0.7846634984016418,0.3600516617298126]","[-0.1599999964237213,-0.30000001192092896,0.7400000095367432]","[0.7070000171661377,0.7070000171661377,0.0,0.0]","[-0.034832894802093506,-0.20516251027584076,1.1221773624420166]","[0.13860636949539185,0.712716817855835,0.6870372295379639,-0.028335032984614372]","[""right_finger2_link3"",""right_finger2_link4"",""right_finger3_link3"",""right_finger3_link4"",""right_finger4_link3"",""right_finger4_link4""]","[[0.015051622875034809,-0.25142720341682434,0.9965904355049133],[0.017286080867052078,-0.2509731352329254,0.9671787023544312],[-0.014094842597842216,-0.2555404007434845,0.9960805773735046],[-0.01324828527867794,-0.2551088035106659,0.9665958881378174],[-0.038782134652137756,-0.2520459294319153,0.9974028468132019],[-0.039187684655189514,-0.2525005340576172,0.9679090976715088]]","[0.0,0.0,0.0,0.0,46.8233058846747,0.0]","[[0.0,0.0,0.0],[0.0,0.0,0.0],[0.0,0.0,0.0],[0.0,0.0,0.0],[1.3553704023361206,-6.866332054138184,-46.29728317260742],[0.0,0.0,0.0]]",0.0,"[0.0,0.0,0.0]",0.0,"[0.0,0.0,0.0]",[],[],False,False,False,False,False,[],-0.015909916690304504,0.14457879472957177,47.00691361825774,0.14650107904649107,47.00691361825774,0.0,0.0,0,0,0,True,HARD_FORCE_ABORT,True
100,attempt_0,FAILED,"[-0.034833796322345734,-0.2051641047000885,1.1221773624420166,2.900041103363037,0.15063749253749847,-1.5157983303070068,0.03890163078904152,-0.030427521094679832,-0.03418516367673874,-0.07001040875911713,0.03402923047542572,-0.0551535040140152,-0.14153486490249634,-0.14048226177692413,-0.1028466522693634,-0.2403276115655899,0.3691193759441376,0.36572933197021484,0.3692839443683624,0.3598371148109436,0.3578024208545685,0.36333146691322327,0.3728727698326111,0.3710801899433136,0.36596640944480896,0.3684215545654297]","[-0.049019116908311844,-0.19217970967292786,1.1160317659378052,2.8825559616088867,0.15894357860088348,-1.5429998636245728,0.038880009204149246,-0.030385009944438934,-0.03416500985622406,-0.03003498911857605,-0.03258999437093735,-0.05515999346971512,-0.14153999090194702,-0.14048998057842255,-0.14468999207019806,-0.14710499346256256,0.36910131573677063,0.36573249101638794,0.36931121349334717,0.3636675179004669,0.3627399802207947,0.3633349537849426,0.3728812336921692,0.3710786998271942,0.3659687340259552,0.37119248509407043]","[-0.049019118701466774,-0.19217971644579906,1.1160317348816973,2.8825559180792415,0.1589435743175724,-1.5429998466092598,0.038880009204149246,-0.030385009944438934,-0.03416500985622406,-0.03003498911857605,-0.03258999437093735,-0.05515999346971512,-0.14153999090194702,-0.14048998057842255,-0.14468999207019806,-0.14710499346256256,0.36910131573677063,0.36573249101638794,0.36931121349334717,0.3636675179004669,0.3627399802207947,0.3633349537849426,0.3728812336921692,0.3710786998271942,0.3659687340259552,0.37119248509407043]","[-0.01418532058596611,0.012984395027160645,-0.006145596504211426,-0.01748514175415039,0.00830608606338501,-0.027201533317565918,-2.162158489227295e-05,4.251115024089813e-05,2.0153820514678955e-05,0.03997541964054108,-0.06661922484636307,-6.489455699920654e-06,-5.125999450683594e-06,-7.718801498413086e-06,-0.041843339800834656,0.09322261810302734,-1.806020736694336e-05,3.159046173095703e-06,2.726912498474121e-05,0.0038304030895233154,0.004937559366226196,3.4868717193603516e-06,8.463859558105469e-06,-1.4901161193847656e-06,2.3245811462402344e-06,0.002770930528640747]","[0.11615084111690521,-0.15548980236053467,1.0152684450149536]","[-0.26587599515914917,0.2880459129810333,-0.5965993404388428,0.7002918124198914]","[0.25555500388145447,-0.2401576191186905,-0.18986468017101288]","[2.166609764099121,0.8321434259414673,0.34765732288360596]","[-0.1599999964237213,-0.30000001192092896,0.7400000095367432]","[0.7070000171661377,0.7070000171661377,0.0,0.0]","[-0.03483366221189499,-0.20516404509544373,1.122177243232727]","[0.13860417902469635,0.7127151489257812,0.6870394945144653,-0.02833167277276516]","[""right_finger2_link3"",""right_finger2_link4"",""right_finger3_link3"",""right_finger3_link4"",""right_finger4_link3"",""right_finger4_link4""]","[[0.015051272697746754,-0.25142762064933777,0.9965900778770447],[0.017285780981183052,-0.25097349286079407,0.9671783447265625],[-0.014095168560743332,-0.2555409073829651,0.9960801601409912],[-0.01324860192835331,-0.2551092207431793,0.966595470905304],[-0.038781747221946716,-0.25204673409461975,0.9974023103713989],[-0.039186831563711166,-0.25250139832496643,0.9679085612297058]]","[0.0,0.0,0.0,0.0,46.90836618014515,0.0]","[[0.0,0.0,0.0],[0.0,0.0,0.0],[0.0,0.0,0.0],[0.0,0.0,0.0],[1.354864239692688,-6.879687786102295,-46.381343841552734],[0.0,0.0,0.0]]",0.0,"[0.0,0.0,0.0]",0.0,"[0.0,0.0,0.0]",[],[],False,False,False,False,False,[],-0.015940561964622235,0.14457151743290655,47.005601979654415,0.14648532821257504,47.005601979654415,0.0,0.0,0,0,0,True,HARD_FORCE_ABORT,True
101,attempt_0,FAILED,"[-0.03483310341835022,-0.20516608655452728,1.1221765279769897,2.9000508785247803,0.15064720809459686,-1.5157876014709473,0.038903579115867615,-0.030428355559706688,-0.03418590873479843,-0.07002636790275574,0.03401173651218414,-0.055153150111436844,-0.1415349245071411,-0.1404821127653122,-0.10283169150352478,-0.24033960700035095,0.3691217005252838,0.3657306134700775,0.3692837655544281,0.35983213782310486,0.35782313346862793,0.3633323907852173,0.372872531414032,0.37107986211776733,0.3659669756889343,0.368411123752594]","[-0.049019116908311844,-0.19217970967292786,1.1160317659378052,2.8825559616088867,0.15894357860088348,-1.5429998636245728,0.038880009204149246,-0.030385009944438934,-0.03416500985622406,-0.03003498911857605,-0.03258999437093735,-0.05515999346971512,-0.14153999090194702,-0.14048998057842255,-0.14468999207019806,-0.14710499346256256,0.36910131573677063,0.36573249101638794,0.36931121349334717,0.3636675179004669,0.3627399802207947,0.3633349537849426,0.3728812336921692,0.3710786998271942,0.3659687340259552,0.37119248509407043]","[-0.049019118701466774,-0.19217971644579906,1.1160317348816973,2.8825559180792415,0.1589435743175724,-1.5429998466092598,0.038880009204149246,-0.030385009944438934,-0.03416500985622406,-0.03003498911857605,-0.03258999437093735,-0.05515999346971512,-0.14153999090194702,-0.14048998057842255,-0.14468999207019806,-0.14710499346256256,0.36910131573677063,0.36573249101638794,0.36931121349334717,0.3636675179004669,0.3627399802207947,0.3633349537849426,0.3728812336921692,0.3710786998271942,0.3659687340259552,0.37119248509407043]","[-0.014186013489961624,0.012986376881599426,-0.00614476203918457,-0.017494916915893555,0.008296370506286621,-0.02721226215362549,-2.356991171836853e-05,4.33456152677536e-05,2.0898878574371338e-05,0.03999137878417969,-0.06660173088312149,-6.843358278274536e-06,-5.066394805908203e-06,-7.867813110351562e-06,-0.04185830056667328,0.09323461353778839,-2.0384788513183594e-05,1.8775463104248047e-06,2.7447938919067383e-05,0.0038353800773620605,0.004916846752166748,2.562999725341797e-06,8.702278137207031e-06,-1.1622905731201172e-06,1.7583370208740234e-06,0.0027813613414764404]","[0.11615163087844849,-0.15548786520957947,1.015270471572876]","[-0.2658868432044983,0.2880418598651886,-0.5966004133224487,0.7002885341644287]","[0.2557552456855774,-0.23898771405220032,-0.18643242120742798]","[2.166987419128418,0.9034516215324402,0.33613139390945435]","[-0.1599999964237213,-0.30000001192092896,0.7400000095367432]","[0.7070000171661377,0.7070000171661377,0.0,0.0]","[-0.03483296185731888,-0.2051660269498825,1.1221764087677002]","[0.13860414922237396,0.7127189040184021,0.6870359182357788,-0.02832404337823391]","[""right_finger2_link3"",""right_finger2_link4"",""right_finger3_link3"",""right_finger3_link4"",""right_finger4_link3"",""right_finger4_link4""]","[[0.015053121373057365,-0.25142860412597656,0.9965894818305969],[0.01728799007833004,-0.2509741485118866,0.9671778082847595],[-0.014093367382884026,-0.2555416524410248,0.99607914686203],[-0.013246442191302776,-0.25510966777801514,0.9665944576263428],[-0.038779377937316895,-0.2520480155944824,0.997401237487793],[-0.039183758199214935,-0.25250300765037537,0.9679074883460999]]","[0.0,0.0,0.0,0.0,47.05427966203473,0.0]","[[0.0,0.0,0.0],[0.0,0.0,0.0],[0.0,0.0,0.0],[0.0,0.0,0.0],[1.3497883081436157,-6.905625343322754,-46.52521514892578],[0.0,0.0,0.0]]",0.0,"[0.0,0.0,0.0]",0.0,"[0.0,0.0,0.0]",[],[],False,False,False,False,False,[],-0.0159384858118643,0.14457330357119255,47.00606619226969,0.1464875060462706,47.00606619226969,0.0,0.0,0,0,0,True,HARD_FORCE_ABORT,True
102,attempt_0,FAILED,"[-0.03483087196946144,-0.20516522228717804,1.122177004814148,2.9000515937805176,0.15064291656017303,-1.51578688621521,0.038904819637537,-0.03042706288397312,-0.03418580815196037,-0.07003076374530792,0.034003838896751404,-0.05515265464782715,-0.14153480529785156,-0.14048165082931519,-0.10283588618040085,-0.24032698571681976,0.36912259459495544,0.3657319247722626,0.3692856431007385,0.3598327934741974,0.35782429575920105,0.3633323311805725,0.3728720247745514,0.3710794150829315,0.3659665584564209,0.36840927600860596]","[-0.049019116908311844,-0.19217970967292786,1.1160317659378052,2.8825559616088867,0.15894357860088348,-1.5429998636245728,0.038880009204149246,-0.030385009944438934,-0.03416500985622406,-0.03003498911857605,-0.03258999437093735,-0.05515999346971512,-0.14153999090194702,-0.14048998057842255,-0.14468999207019806,-0.14710499346256256,0.36910131573677063,0.36573249101638794,0.36931121349334717,0.3636675179004669,0.3627399802207947,0.3633349537849426,0.3728812336921692,0.3710786998271942,0.3659687340259552,0.37119248509407043]","[-0.049019118701466774,-0.19217971644579906,1.1160317348816973,2.8825559180792415,0.1589435743175724,-1.5429998466092598,0.038880009204149246,-0.030385009944438934,-0.03416500985622406,-0.03003498911857605,-0.03258999437093735,-0.05515999346971512,-0.14153999090194702,-0.14048998057842255,-0.14468999207019806,-0.14710499346256256,0.36910131573677063,0.36573249101638794,0.36931121349334717,0.3636675179004669,0.3627399802207947,0.3633349537849426,0.3728812336921692,0.3710786998271942,0.3659687340259552,0.37119248509407043]","[-0.014188244938850403,0.012985512614250183,-0.0061452388763427734,-0.01749563217163086,0.00830066204071045,-0.027212977409362793,-2.4810433387756348e-05,4.205293953418732e-05,2.0798295736312866e-05,0.03999577462673187,-0.06659383326768875,-7.338821887969971e-06,-5.185604095458984e-06,-8.32974910736084e-06,-0.04185410588979721,0.0932219922542572,-2.1278858184814453e-05,5.662441253662109e-07,2.5570392608642578e-05,0.0038347244262695312,0.004915684461593628,2.6226043701171875e-06,9.208917617797852e-06,-7.152557373046875e-07,2.175569534301758e-06,0.0027832090854644775]","[0.1161528080701828,-0.15548571944236755,1.0152682065963745]","[-0.26588284969329834,0.2880518138408661,-0.5966033339500427,0.7002835273742676]","[0.2576810419559479,-0.23641766607761383,-0.19875037670135498]","[2.108529806137085,0.8626734018325806,0.33244219422340393]","[-0.1599999964237213,-0.30000001192092896,0.7400000095367432]","[0.7070000171661377,0.7070000171661377,0.0,0.0]","[-0.034830737859010696,-0.20516516268253326,1.1221768856048584]","[0.13860249519348145,0.7127195000648499,0.6870355606079102,-0.028325220569968224]","[""right_finger2_link3"",""right_finger2_link4"",""right_finger3_link3"",""right_finger3_link4"",""right_finger4_link3"",""right_finger4_link4""]","[[0.015054797753691673,-0.25142765045166016,0.9965896606445312],[0.017289549112319946,-0.25097307562828064,0.9671779274940491],[-0.014091674238443375,-0.255540668964386,0.9960793256759644],[-0.013244835659861565,-0.25510862469673157,0.9665946364402771],[-0.038777898997068405,-0.25204721093177795,0.997401773929596],[-0.03918251395225525,-0.2525022625923157,0.9679080247879028]]","[0.0,0.0,0.0,0.0,47.07122973168977,0.0]","[[0.0,0.0,0.0],[0.0,0.0,0.0],[0.0,0.0,0.0],[0.0,0.0,0.0],[1.351106882095337,-6.907446384429932,-46.542049407958984],[0.0,0.0,0.0]]",0.0,"[0.0,0.0,0.0]",0.0,"[0.0,0.0,0.0]",[],[],False,False,False,False,False,[],-0.015939539918225387,0.14457543616598753,47.0065010394744,0.14648914692277862,47.0065010394744,0.0,0.0,0,0,0,True,HARD_FORCE_ABORT,True
103,attempt_0,FAILED,"[-0.034830622375011444,-0.2051643282175064,1.1221774816513062,2.900052547454834,0.15064360201358795,-1.5157885551452637,0.038903962820768356,-0.030425958335399628,-0.03418521583080292,-0.0700293704867363,0.03400340676307678,-0.05515321344137192,-0.14153465628623962,-0.14048193395137787,-0.10283315926790237,-0.2403339445590973,0.3691215217113495,0.36573219299316406,0.36928680539131165,0.3598344922065735,0.35782989859580994,0.36333224177360535,0.3728720247745514,0.3710798919200897,0.3659660816192627,0.3684057593345642]","[-0.049019116908311844,-0.19217970967292786,1.1160317659378052,2.8825559616088867,0.15894357860088348,-1.5429998636245728,0.038880009204149246,-0.030385009944438934,-0.03416500985622406,-0.03003498911857605,-0.03258999437093735,-0.05515999346971512,-0.14153999090194702,-0.14048998057842255,-0.14468999207019806,-0.14710499346256256,0.36910131573677063,0.36573249101638794,0.36931121349334717,0.3636675179004669,0.3627399802207947,0.3633349537849426,0.3728812336921692,0.3710786998271942,0.3659687340259552,0.37119248509407043]","[-0.049019118701466774,-0.19217971644579906,1.1160317348816973,2.8825559180792415,0.1589435743175724,-1.5429998466092598,0.038880009204149246,-0.030385009944438934,-0.03416500985622406,-0.03003498911857605,-0.03258999437093735,-0.05515999346971512,-0.14153999090194702,-0.14048998057842255,-0.14468999207019806,-0.14710499346256256,0.36910131573677063,0.36573249101638794,0.36931121349334717,0.3636675179004669,0.3627399802207947,0.3633349537849426,0.3728812336921692,0.3710786998271942,0.3659687340259552,0.37119248509407043]","[-0.0141884945333004,0.012984618544578552,-0.0061457157135009766,-0.017496585845947266,0.008299976587295532,-0.027211308479309082,-2.3953616619110107e-05,4.094839096069336e-05,2.0205974578857422e-05,0.03999438136816025,-0.06659340113401413,-6.780028343200684e-06,-5.334615707397461e-06,-8.046627044677734e-06,-0.041856832802295685,0.09322895109653473,-2.0205974578857422e-05,2.980232238769531e-07,2.440810203552246e-05,0.0038330256938934326,0.004910081624984741,2.7120113372802734e-06,9.208917617797852e-06,-1.1920928955078125e-06,2.652406692504883e-06,0.0027867257595062256]","[0.116151362657547,-0.15548326075077057,1.0152802467346191]","[-0.2659086287021637,0.28803136944770813,-0.5965979695320129,0.7002866864204407]","[0.25593000650405884,-0.2368544340133667,-0.18716798722743988]","[2.1282970905303955,0.9010609984397888,0.3389628231525421]","[-0.1599999964237213,-0.30000001192092896,0.7400000095367432]","[0.7070000171661377,0.7070000171661377,0.0,0.0]","[-0.0348304882645607,-0.20516426861286163,1.1221773624420166]","[0.13860248029232025,0.7127188444137573,0.6870362758636475,-0.02832481637597084]","[""right_finger2_link3"",""right_finger2_link4"",""right_finger3_link3"",""right_finger3_link4"",""right_finger4_link3"",""right_finger4_link4""]","[[0.015055172145366669,-0.2514265477657318,0.9965900182723999],[0.017289919778704643,-0.2509719133377075,0.9671782851219177],[-0.014091294258832932,-0.2555396556854248,0.9960798025131226],[-0.013244454748928547,-0.2551075220108032,0.9665951132774353],[-0.03877739608287811,-0.25204622745513916,0.9974022507667542],[-0.039181921631097794,-0.2525011897087097,0.967908501625061]]","[0.0,0.0,0.0,0.0,46.92164936586778,0.0]","[[0.0,0.0,0.0],[0.0,0.0,0.0],[0.0,0.0,0.0],[0.0,0.0,0.0],[1.3457884788513184,-6.885368347167969,-46.39419937133789],[0.0,0.0,0.0]]",0.0,"[0.0,0.0,0.0]",0.0,"[0.0,0.0,0.0]",[],[],False,False,False,False,False,[],-0.015932109547798112,0.1445775251062881,47.00694319934824,0.1464936742584195,47.00694319934824,0.0,0.0,0,0,0,True,HARD_FORCE_ABORT,True
104,attempt_0,FAILED,"[-0.0348300077021122,-0.20516537129878998,1.1221767663955688,2.9000566005706787,0.15064817667007446,-1.51577889919281,0.038904473185539246,-0.03042684867978096,-0.034185703843832016,-0.07003483921289444,0.03400954604148865,-0.05515310913324356,-0.14153485000133514,-0.14048179984092712,-0.10283168405294418,-0.24033208191394806,0.369122177362442,0.3657323122024536,0.3692860007286072,0.3598320782184601,0.35782742500305176,0.36333218216896057,0.37287166714668274,0.3710799217224121,0.3659664988517761,0.36840468645095825]","[-0.049019116908311844,-0.19217970967292786,1.1160317659378052,2.8825559616088867,0.15894357860088348,-1.5429998636245728,0.038880009204149246,-0.030385009944438934,-0.03416500985622406,-0.03003498911857605,-0.03258999437093735,-0.05515999346971512,-0.14153999090194702,-0.14048998057842255,-0.14468999207019806,-0.14710499346256256,0.36910131573677063,0.36573249101638794,0.36931121349334717,0.3636675179004669,0.3627399802207947,0.3633349537849426,0.3728812336921692,0.3710786998271942,0.3659687340259552,0.37119248509407043]","[-0.049019118701466774,-0.19217971644579906,1.1160317348816973,2.8825559180792415,0.1589435743175724,-1.5429998466092598,0.038880009204149246,-0.030385009944438934,-0.03416500985622406,-0.03003498911857605,-0.03258999437093735,-0.05515999346971512,-0.14153999090194702,-0.14048998057842255,-0.14468999207019806,-0.14710499346256256,0.36910131573677063,0.36573249101638794,0.36931121349334717,0.3636675179004669,0.3627399802207947,0.3633349537849426,0.3728812336921692,0.3710786998271942,0.3659687340259552,0.37119248509407043]","[-0.014189109206199646,0.012985661625862122,-0.006145000457763672,-0.017500638961791992,0.008295401930809021,-0.027220964431762695,-2.446398138999939e-05,4.183873534202576e-05,2.0693987607955933e-05,0.03999985009431839,-0.066599540412426,-6.884336471557617e-06,-5.140900611877441e-06,-8.180737495422363e-06,-0.041858308017253876,0.0932270884513855,-2.086162567138672e-05,1.7881393432617188e-07,2.5212764739990234e-05,0.003835439682006836,0.00491255521774292,2.771615982055664e-06,9.566545486450195e-06,-1.2218952178955078e-06,2.2351741790771484e-06,0.0027877986431121826]","[0.11615064740180969,-0.15548068284988403,1.0152931213378906]","[-0.26593950390815735,0.28800782561302185,-0.5965979695320129,0.7002845406532288]","[0.2591969966888428,-0.23449505865573883,-0.1896241009235382]","[2.147690534591675,0.8799107670783997,0.33179301023483276]","[-0.1599999964237213,-0.30000001192092896,0.7400000095367432]","[0.7070000171661377,0.7070000171661377,0.0,0.0]","[-0.03482987359166145,-0.2051653116941452,1.1221766471862793]","[0.13860264420509338,0.7127221822738647,0.68703293800354,-0.02832110784947872]","[""right_finger2_link3"",""right_finger2_link4"",""right_finger3_link3"",""right_finger3_link4"",""right_finger4_link3"",""right_finger4_link4""]","[[0.015056215226650238,-0.2514273524284363,0.9965894222259521],[0.01729116030037403,-0.2509726285934448,0.96717768907547],[-0.014090262353420258,-0.2555401921272278,0.9960789680480957],[-0.013243225403130054,-0.25510793924331665,0.9665943384170532],[-0.03877630829811096,-0.25204673409461975,0.9974012970924377],[-0.03918062523007393,-0.2525017559528351,0.9679075479507446]]","[0.0,0.0,0.0,0.0,46.9852944211365,0.0]","[[0.0,0.0,0.0],[0.0,0.0,0.0],[0.0,0.0,0.0],[0.0,0.0,0.0],[1.3506792783737183,-6.894021034240723,-46.4571418762207],[0.0,0.0,0.0]]",0.0,"[0.0,0.0,0.0]",0.0,"[0.0,0.0,0.0]",[],[],False,False,False,False,False,[],-0.01592250276380003,0.14457964255074832,47.007359863094635,0.1464984004969713,47.007359863094635,0.0,0.0,0,0,0,True,HARD_FORCE_ABORT,True
105,attempt_0,FAILED,"[-0.034829363226890564,-0.20516422390937805,1.1221768856048584,2.900052547454834,0.15063875913619995,-1.5157850980758667,0.0389038510620594,-0.030425386503338814,-0.03418511524796486,-0.07002665102481842,0.034017421305179596,-0.05515308305621147,-0.14153443276882172,-0.14048168063163757,-0.10284493863582611,-0.24031655490398407,0.36912110447883606,0.36573219299316406,0.369287371635437,0.3598361313343048,0.3578149974346161,0.36333194375038147,0.3728713393211365,0.37107977271080017,0.36596614122390747,0.36841005086898804]","[-0.049019116908311844,-0.19217970967292786,1.1160317659378052,2.8825559616088867,0.15894357860088348,-1.5429998636245728,0.038880009204149246,-0.030385009944438934,-0.03416500985622406,-0.03003498911857605,-0.03258999437093735,-0.05515999346971512,-0.14153999090194702,-0.14048998057842255,-0.14468999207019806,-0.14710499346256256,0.36910131573677063,0.36573249101638794,0.36931121349334717,0.3636675179004669,0.3627399802207947,0.3633349537849426,0.3728812336921692,0.3710786998271942,0.3659687340259552,0.37119248509407043]","[-0.049019118701466774,-0.19217971644579906,1.1160317348816973,2.8825559180792415,0.1589435743175724,-1.5429998466092598,0.038880009204149246,-0.030385009944438934,-0.03416500985622406,-0.03003498911857605,-0.03258999437093735,-0.05515999346971512,-0.14153999090194702,-0.14048998057842255,-0.14468999207019806,-0.14710499346256256,0.36910131573677063,0.36573249101638794,0.36931121349334717,0.3636675179004669,0.3627399802207947,0.3633349537849426,0.3728812336921692,0.3710786998271942,0.3659687340259552,0.37119248509407043]","[-0.01418975368142128,0.012984514236450195,-0.006145119667053223,-0.017496585845947266,0.008304819464683533,-0.027214765548706055,-2.384185791015625e-05,4.0376558899879456e-05,2.010539174079895e-05,0.03999166190624237,-0.06660741567611694,-6.910413503646851e-06,-5.558133125305176e-06,-8.299946784973145e-06,-0.04184505343437195,0.09321156144142151,-1.9788742065429688e-05,2.980232238769531e-07,2.384185791015625e-05,0.0038313865661621094,0.004924982786178589,3.0100345611572266e-06,9.894371032714844e-06,-1.0728836059570312e-06,2.592802047729492e-06,0.0027824342250823975]","[0.11615252494812012,-0.15548329055309296,1.0152753591537476]","[-0.2658986449241638,0.2880419194698334,-0.5966017842292786,0.700282871723175]","[0.25694984197616577,-0.2370137721300125,-0.19881322979927063]","[2.1118452548980713,0.8207164406776428,0.34919628500938416]","[-0.1599999964237213,-0.30000001192092896,0.7400000095367432]","[0.7070000171661377,0.7070000171661377,0.0,0.0]","[-0.03482922911643982,-0.20516416430473328,1.1221767663955688]","[0.13860087096691132,0.7127202153205872,0.6870350241661072,-0.02832636423408985]","[""right_finger2_link3"",""right_finger2_link4"",""right_finger3_link3"",""right_finger3_link4"",""right_finger4_link3"",""right_finger4_link4""]","[[0.01505573932081461,-0.2514265775680542,0.9965891242027283],[0.017290377989411354,-0.2509719431400299,0.9671773910522461],[-0.014090734533965588,-0.25553959608078003,0.9960789680480957],[-0.01324399933218956,-0.25510743260383606,0.9665942788124084],[-0.03877733647823334,-0.2520458698272705,0.9974015951156616],[-0.03918229788541794,-0.25250065326690674,0.9679078459739685]]","[0.0,0.0,0.0,0.0,46.92499765745284,0.0]","[[0.0,0.0,0.0],[0.0,0.0,0.0],[0.0,0.0,0.0],[0.0,0.0,0.0],[1.352242112159729,-6.883633613586426,-46.39765548706055],[0.0,0.0,0.0]]",0.0,"[0.0,0.0,0.0]",0.0,"[0.0,0.0,0.0]",[],[],False,False,False,False,False,[],-0.01593426745451698,0.1445775953854549,47.00694018059432,0.14649274270236248,47.00694018059432,0.0,0.0,0,0,0,True,HARD_FORCE_ABORT,True
106,attempt_0,FAILED,"[-0.03483058139681816,-0.20516473054885864,1.1221771240234375,2.900054693222046,0.15064065158367157,-1.5157867670059204,0.03890317305922508,-0.030426006764173508,-0.0341850109398365,-0.07002697885036469,0.03400060907006264,-0.055153343826532364,-0.14153455197811127,-0.14048194885253906,-0.10283519327640533,-0.24033400416374207,0.3691205680370331,0.3657316267490387,0.3692862391471863,0.35983461141586304,0.3578336536884308,0.36333200335502625,0.37287166714668274,0.37108007073402405,0.36596617102622986,0.36840125918388367]","[-0.049019116908311844,-0.19217970967292786,1.1160317659378052,2.8825559616088867,0.15894357860088348,-1.5429998636245728,0.038880009204149246,-0.030385009944438934,-0.03416500985622406,-0.03003498911857605,-0.03258999437093735,-0.05515999346971512,-0.14153999090194702,-0.14048998057842255,-0.14468999207019806,-0.14710499346256256,0.36910131573677063,0.36573249101638794,0.36931121349334717,0.3636675179004669,0.3627399802207947,0.3633349537849426,0.3728812336921692,0.3710786998271942,0.3659687340259552,0.37119248509407043]","[-0.049019118701466774,-0.19217971644579906,1.1160317348816973,2.8825559180792415,0.1589435743175724,-1.5429998466092598,0.038880009204149246,-0.030385009944438934,-0.03416500985622406,-0.03003498911857605,-0.03258999437093735,-0.05515999346971512,-0.14153999090194702,-0.14048998057842255,-0.14468999207019806,-0.14710499346256256,0.36910131573677063,0.36573249101638794,0.36931121349334717,0.3636675179004669,0.3627399802207947,0.3633349537849426,0.3728812336921692,0.3710786998271942,0.3659687340259552,0.37119248509407043]","[-0.014188535511493683,0.012985020875930786,-0.006145358085632324,-0.01749873161315918,0.008302927017211914,-0.027213096618652344,-2.316385507583618e-05,4.0996819734573364e-05,2.0001083612442017e-05,0.039991989731788635,-0.06659060716629028,-6.649643182754517e-06,-5.4389238357543945e-06,-8.031725883483887e-06,-0.041854798793792725,0.0932290107011795,-1.9252300262451172e-05,8.642673492431641e-07,2.4974346160888672e-05,0.003832906484603882,0.004906326532363892,2.950429916381836e-06,9.566545486450195e-06,-1.3709068298339844e-06,2.562999725341797e-06,0.0027912259101867676]","[0.1161523163318634,-0.15548481047153473,1.0152701139450073]","[-0.26588717103004456,0.28804832696914673,-0.5965977907180786,0.700287938117981]","[0.2568221390247345,-0.2356373518705368,-0.1870013177394867]","[2.1481027603149414,0.8905434608459473,0.3393021523952484]","[-0.1599999964237213,-0.30000001192092896,0.7400000095367432]","[0.7070000171661377,0.7070000171661377,0.0,0.0]","[-0.03483044356107712,-0.20516467094421387,1.122177004814148]","[0.1386006772518158,0.7127197980880737,0.6870356202125549,-0.028325004503130913]","[""right_finger2_link3"",""right_finger2_link4"",""right_finger3_link3"",""right_finger3_link4"",""right_finger4_link3"",""right_finger4_link4""]","[[0.015054794028401375,-0.2514267563819885,0.9965893626213074],[0.017289472743868828,-0.25097209215164185,0.9671776294708252],[-0.014091694727540016,-0.25553983449935913,0.9960792064666748],[-0.013244928792119026,-0.2551076412200928,0.9665945172309875],[-0.03877786546945572,-0.2520461678504944,0.9974017143249512],[-0.039182521402835846,-0.252500981092453,0.9679079651832581]]","[0.0,0.0,0.0,0.0,46.923476267596044,0.0]","[[0.0,0.0,0.0],[0.0,0.0,0.0],[0.0,0.0,0.0],[0.0,0.0,0.0],[1.3474591970443726,-6.8850250244140625,-46.39604949951172],[0.0,0.0,0.0]]",0.0,"[0.0,0.0,0.0]",0.0,"[0.0,0.0,0.0]",[],[],False,False,False,False,False,[],-0.01593906207208451,0.14457630543799235,47.00671171035619,0.14649039544828701,47.00671171035619,0.0,0.0,0,0,0,True,HARD_FORCE_ABORT,True
107,attempt_0,FAILED,"[-0.034830544143915176,-0.2051657736301422,1.1221764087677002,2.9000563621520996,0.1506456583738327,-1.515776515007019,0.038904473185539246,-0.030426841229200363,-0.03418570011854172,-0.07003199309110641,0.0340193472802639,-0.05515305697917938,-0.14153482019901276,-0.14048179984092712,-0.10283412039279938,-0.24032960832118988,0.3691219091415405,0.36573222279548645,0.36928558349609375,0.3598328232765198,0.35782039165496826,0.36333218216896057,0.37287142872810364,0.3710801303386688,0.3659669756889343,0.36840498447418213]","[-0.049019116908311844,-0.19217970967292786,1.1160317659378052,2.8825559616088867,0.15894357860088348,-1.5429998636245728,0.038880009204149246,-0.030385009944438934,-0.03416500985622406,-0.03003498911857605,-0.03258999437093735,-0.05515999346971512,-0.14153999090194702,-0.14048998057842255,-0.14468999207019806,-0.14710499346256256,0.36910131573677063,0.36573249101638794,0.36931121349334717,0.3636675179004669,0.3627399802207947,0.3633349537849426,0.3728812336921692,0.3710786998271942,0.3659687340259552,0.37119248509407043]","[-0.049019118701466774,-0.19217971644579906,1.1160317348816973,2.8825559180792415,0.1589435743175724,-1.5429998466092598,0.038880009204149246,-0.030385009944438934,-0.03416500985622406,-0.03003498911857605,-0.03258999437093735,-0.05515999346971512,-0.14153999090194702,-0.14048998057842255,-0.14468999207019806,-0.14710499346256256,0.36910131573677063,0.36573249101638794,0.36931121349334717,0.3636675179004669,0.3627399802207947,0.3633349537849426,0.3728812336921692,0.3710786998271942,0.3659687340259552,0.37119248509407043]","[-0.014188572764396667,0.012986063957214355,-0.0061446428298950195,-0.01750040054321289,0.008297920227050781,-0.02722334861755371,-2.446398138999939e-05,4.183128476142883e-05,2.069026231765747e-05,0.039997003972530365,-0.06660933792591095,-6.936490535736084e-06,-5.170702934265137e-06,-8.180737495422363e-06,-0.04185587167739868,0.09322461485862732,-2.059340476989746e-05,2.682209014892578e-07,2.562999725341797e-05,0.0038346946239471436,0.004919588565826416,2.771615982055664e-06,9.804964065551758e-06,-1.430511474609375e-06,1.7583370208740234e-06,0.0027875006198883057]","[0.11615012586116791,-0.1554815173149109,1.015293002128601]","[-0.265938937664032,0.2880067527294159,-0.5965990424156189,0.7002842426300049]","[0.25938963890075684,-0.23577526211738586,-0.18687330186367035]","[2.1367909908294678,0.8987948298454285,0.3247925043106079]","[-0.1599999964237213,-0.30000001192092896,0.7400000095367432]","[0.7070000171661377,0.7070000171661377,0.0,0.0]","[-0.03483041003346443,-0.20516571402549744,1.1221762895584106]","[0.13860180974006653,0.7127231955528259,0.687032163143158,-0.02832191064953804]","[""right_finger2_link3"",""right_finger2_link4"",""right_finger3_link3"",""right_finger3_link4"",""right_finger4_link3"",""right_finger4_link4""]","[[0.015055323019623756,-0.25142785906791687,0.996588945388794],[0.01729021966457367,-0.2509731352329254,0.9671772122383118],[-0.014091189950704575,-0.2555406391620636,0.9960784316062927],[-0.013244214467704296,-0.25510838627815247,0.9665938019752502],[-0.03877732530236244,-0.25204700231552124,0.9974008798599243],[-0.03918176516890526,-0.25250187516212463,0.9679071307182312]]","[0.0,0.0,0.0,0.0,46.94257833578762,0.0]","[[0.0,0.0,0.0],[0.0,0.0,0.0],[0.0,0.0,0.0],[0.0,0.0,0.0],[1.347130298614502,-6.888853073120117,-46.41481018066406],[0.0,0.0,0.0]]",0.0,"[0.0,0.0,0.0]",0.0,"[0.0,0.0,0.0]",[],[],False,False,False,False,False,[],-0.01592221704277641,0.14457885782068186,47.007194997337066,0.14649760163307934,47.007194997337066,0.0,0.0,0,0,0,True,HARD_FORCE_ABORT,True
108,attempt_0,FAILED,"[-0.0348297581076622,-0.20516473054885864,1.1221764087677002,2.900052309036255,0.15063542127609253,-1.5157831907272339,0.03890411555767059,-0.030425485223531723,-0.034185200929641724,-0.07002534717321396,0.03402268514037132,-0.055152975022792816,-0.14153453707695007,-0.14048165082931519,-0.10284630954265594,-0.24031469225883484,0.36912113428115845,0.3657324016094208,0.36928698420524597,0.35983631014823914,0.35780972242355347,0.36333200335502625,0.3728713095188141,0.37107983231544495,0.3659665882587433,0.3684101700782776]","[-0.049019116908311844,-0.19217970967292786,1.1160317659378052,2.8825559616088867,0.15894357860088348,-1.5429998636245728,0.038880009204149246,-0.030385009944438934,-0.03416500985622406,-0.03003498911857605,-0.03258999437093735,-0.05515999346971512,-0.14153999090194702,-0.14048998057842255,-0.14468999207019806,-0.14710499346256256,0.36910131573677063,0.36573249101638794,0.36931121349334717,0.3636675179004669,0.3627399802207947,0.3633349537849426,0.3728812336921692,0.3710786998271942,0.3659687340259552,0.37119248509407043]","[-0.049019118701466774,-0.19217971644579906,1.1160317348816973,2.8825559180792415,0.1589435743175724,-1.5429998466092598,0.038880009204149246,-0.030385009944438934,-0.03416500985622406,-0.03003498911857605,-0.03258999437093735,-0.05515999346971512,-0.14153999090194702,-0.14048998057842255,-0.14468999207019806,-0.14710499346256256,0.36910131573677063,0.36573249101638794,0.36931121349334717,0.3636675179004669,0.3627399802207947,0.3633349537849426,0.3728812336921692,0.3710786998271942,0.3659687340259552,0.37119248509407043]","[-0.014189358800649643,0.012985020875930786,-0.0061446428298950195,-0.017496347427368164,0.008308157324790955,-0.027216672897338867,-2.4106353521347046e-05,4.0475279092788696e-05,2.0191073417663574e-05,0.03999035805463791,-0.06661267578601837,-7.018446922302246e-06,-5.453824996948242e-06,-8.32974910736084e-06,-0.041843682527542114,0.09320969879627228,-1.9818544387817383e-05,8.940696716308594e-08,2.422928810119629e-05,0.003831207752227783,0.004930257797241211,2.950429916381836e-06,9.924173355102539e-06,-1.1324882507324219e-06,2.1457672119140625e-06,0.0027823150157928467]","[0.11615175008773804,-0.15548378229141235,1.0152777433395386]","[-0.265904039144516,0.2880357503890991,-0.5966032147407532,0.7002820372581482]","[0.25954708456993103,-0.23637272417545319,-0.19819866120815277]","[2.121971368789673,0.8087593913078308,0.33354467153549194]","[-0.1599999964237213,-0.30000001192092896,0.7400000095367432]","[0.7070000171661377,0.7070000171661377,0.0,0.0]","[-0.03482962027192116,-0.20516467094421387,1.1221762895584106]","[0.13859975337982178,0.7127212285995483,0.6870342493057251,-0.02832745388150215]","[""right_finger2_link3"",""right_finger2_link4"",""right_finger3_link3"",""right_finger3_link4"",""right_finger4_link3"",""right_finger4_link4""]","[[0.015054857358336449,-0.25142723321914673,0.9965885281562805],[0.017289405688643456,-0.25097256898880005,0.9671767950057983],[-0.014091625809669495,-0.255540132522583,0.9960784912109375],[-0.013244972564280033,-0.25510796904563904,0.9665938019752502],[-0.03877825289964676,-0.25204625725746155,0.9974011182785034],[-0.039183322340250015,-0.252500981092453,0.9679073691368103]]","[0.0,0.0,0.0,0.0,46.94177799794803,0.0]","[[0.0,0.0,0.0],[0.0,0.0,0.0],[0.0,0.0,0.0],[0.0,0.0,0.0],[1.3527132272720337,-6.886005878448486,-46.41426086425781],[0.0,0.0,0.0]]",0.0,"[0.0,0.0,0.0]",0.0,"[0.0,0.0,0.0]",[],[],False,False,False,False,False,[],-0.015932140184187427,0.14457707345054632,47.00679970449746,0.14649271584516546,47.00679970449746,0.0,0.0,0,0,0,True,HARD_FORCE_ABORT,True
109,attempt_0,FAILED,"[-0.0348309725522995,-0.205164834856987,1.1221764087677002,2.900052309036255,0.1506371945142746,-1.5157866477966309,0.03890330344438553,-0.03042561188340187,-0.03418499603867531,-0.07002455741167068,0.0340140126645565,-0.055153314024209976,-0.14153453707695007,-0.14048191905021667,-0.10283944755792618,-0.24032865464687347,0.36912038922309875,0.3657318651676178,0.36928674578666687,0.3598361313343048,0.3578217625617981,0.3633318841457367,0.3728713095188141,0.371080219745636,0.3659663498401642,0.3684050738811493]","[-0.049019116908311844,-0.19217970967292786,1.1160317659378052,2.8825559616088867,0.15894357860088348,-1.5429998636245728,0.038880009204149246,-0.030385009944438934,-0.03416500985622406,-0.03003498911857605,-0.03258999437093735,-0.05515999346971512,-0.14153999090194702,-0.14048998057842255,-0.14468999207019806,-0.14710499346256256,0.36910131573677063,0.36573249101638794,0.36931121349334717,0.3636675179004669,0.3627399802207947,0.3633349537849426,0.3728812336921692,0.3710786998271942,0.3659687340259552,0.37119248509407043]","[-0.049019118701466774,-0.19217971644579906,1.1160317348816973,2.8825559180792415,0.1589435743175724,-1.5429998466092598,0.038880009204149246,-0.030385009944438934,-0.03416500985622406,-0.03003498911857605,-0.03258999437093735,-0.05515999346971512,-0.14153999090194702,-0.14048998057842255,-0.14468999207019806,-0.14710499346256256,0.36910131573677063,0.36573249101638794,0.36931121349334717,0.3636675179004669,0.3627399802207947,0.3633349537849426,0.3728812336921692,0.3710786998271942,0.3659687340259552,0.37119248509407043]","[-0.014188144356012344,0.012985125184059143,-0.0061446428298950195,-0.017496347427368164,0.008306384086608887,-0.027213215827941895,-2.329424023628235e-05,4.06019389629364e-05,1.998618245124817e-05,0.039989568293094635,-0.06660400331020355,-6.679445505142212e-06,-5.453824996948242e-06,-8.061528205871582e-06,-0.04185054451227188,0.09322366118431091,-1.9073486328125e-05,6.258487701416016e-07,2.446770668029785e-05,0.0038313865661621094,0.004918217658996582,3.069639205932617e-06,9.924173355102539e-06,-1.519918441772461e-06,2.384185791015625e-06,0.0027874112129211426]","[0.11615152657032013,-0.15548530220985413,1.015273094177246]","[-0.2658936679363251,0.28804123401641846,-0.5965997576713562,0.7002866268157959]","[0.2635151147842407,-0.2311079502105713,-0.18968042731285095]","[2.1171035766601562,0.8800840377807617,0.29881376028060913]","[-0.1599999964237213,-0.30000001192092896,0.7400000095367432]","[0.7070000171661377,0.7070000171661377,0.0,0.0]","[-0.034830838441848755,-0.20516477525234222,1.1221762895584106]","[0.13860023021697998,0.7127198576927185,0.6870356202125549,-0.028327155858278275]","[""right_finger2_link3"",""right_finger2_link4"",""right_finger3_link3"",""right_finger3_link4"",""right_finger4_link3"",""right_finger4_link4""]","[[0.015053889714181423,-0.25142720341682434,0.9965886473655701],[0.017288457602262497,-0.25097256898880005,0.9671769142150879],[-0.014092588797211647,-0.25554022192955017,0.9960784912109375],[-0.013245930895209312,-0.2551080584526062,0.9665938019752502],[-0.03877891227602959,-0.25204646587371826,0.9974011182785034],[-0.03918377682566643,-0.2525011897087097,0.9679073691368103]]","[0.0,0.0,0.0,0.0,46.86981113721608,0.0]","[[0.0,0.0,0.0],[0.0,0.0,0.0],[0.0,0.0,0.0],[0.0,0.0,0.0],[1.3465584516525269,-6.876720428466797,-46.34303283691406],[0.0,0.0,0.0]]",0.0,"[0.0,0.0,0.0]",0.0,"[0.0,0.0,0.0]",[],[],False,False,False,False,False,[],-0.01593618230833449,0.1445757610616894,47.00656257227567,0.14649046851244923,47.00656257227567,0.0,0.0,0,0,0,True,HARD_FORCE_ABORT,True
110,attempt_0,FAILED,"[-0.03483147174119949,-0.20516501367092133,1.1221752166748047,2.9000461101531982,0.1506388783454895,-1.5157800912857056,0.03890454024076462,-0.030425773933529854,-0.03418544679880142,-0.07001977413892746,0.03406348079442978,-0.055153172463178635,-0.1415347307920456,-0.1404818892478943,-0.10284733027219772,-0.24031487107276917,0.36912184953689575,0.36573266983032227,0.3692871034145355,0.3598385155200958,0.35778069496154785,0.3633321225643158,0.37287092208862305,0.371080219745636,0.3659666180610657,0.36842235922813416]","[-0.049019116908311844,-0.19217970967292786,1.1160317659378052,2.8825559616088867,0.15894357860088348,-1.5429998636245728,0.038880009204149246,-0.030385009944438934,-0.03416500985622406,-0.03003498911857605,-0.03258999437093735,-0.05515999346971512,-0.14153999090194702,-0.14048998057842255,-0.14468999207019806,-0.14710499346256256,0.36910131573677063,0.36573249101638794,0.36931121349334717,0.3636675179004669,0.3627399802207947,0.3633349537849426,0.3728812336921692,0.3710786998271942,0.3659687340259552,0.37119248509407043]","[-0.049019118701466774,-0.19217971644579906,1.1160317348816973,2.8825559180792415,0.1589435743175724,-1.5429998466092598,0.038880009204149246,-0.030385009944438934,-0.03416500985622406,-0.03003498911857605,-0.03258999437093735,-0.05515999346971512,-0.14153999090194702,-0.14048998057842255,-0.14468999207019806,-0.14710499346256256,0.36910131573677063,0.36573249101638794,0.36931121349334717,0.3636675179004669,0.3627399802207947,0.3633349537849426,0.3728812336921692,0.3710786998271942,0.3659687340259552,0.37119248509407043]","[-0.01418764516711235,0.01298530399799347,-0.006143450736999512,-0.017490148544311523,0.008304700255393982,-0.027219772338867188,-2.4531036615371704e-05,4.0763989090919495e-05,2.043694257736206e-05,0.03998478502035141,-0.06665347516536713,-6.821006536483765e-06,-5.260109901428223e-06,-8.091330528259277e-06,-0.041842661798000336,0.0932098776102066,-2.053380012512207e-05,-1.7881393432617188e-07,2.4110078811645508e-05,0.0038290023803710938,0.004959285259246826,2.8312206268310547e-06,1.0311603546142578e-05,-1.519918441772461e-06,2.115964889526367e-06,0.0027701258659362793]","[0.11614695191383362,-0.15548087656497955,1.0153119564056396]","[-0.26597750186920166,0.2879711091518402,-0.596601128578186,0.7002824544906616]","[0.26428303122520447,-0.23097266256809235,-0.18666142225265503]","[2.0781664848327637,0.9078298807144165,0.2916654348373413]","[-0.1599999964237213,-0.30000001192092896,0.7400000095367432]","[0.7070000171661377,0.7070000171661377,0.0,0.0]","[-0.03483133390545845,-0.20516495406627655,1.1221750974655151]","[0.13860321044921875,0.7127217054367065,0.6870330572128296,-0.028328178450465202]","[""right_finger2_link3"",""right_finger2_link4"",""right_finger3_link3"",""right_finger3_link4"",""right_finger4_link3"",""right_finger4_link4""]","[[0.015053555369377136,-0.2514283359050751,0.996587872505188],[0.017288226634263992,-0.2509738504886627,0.9671761393547058],[-0.01409295853227377,-0.25554120540618896,0.9960777163505554],[-0.013246195390820503,-0.2551092207431793,0.9665930271148682],[-0.038779594004154205,-0.25204703211784363,0.9974000453948975],[-0.039184555411338806,-0.2525016963481903,0.9679062962532043]]","[0.0,0.0,0.0,0.0,46.741488532914836,0.0]","[[0.0,0.0,0.0],[0.0,0.0,0.0],[0.0,0.0,0.0],[0.0,0.0,0.0],[1.3420931100845337,-6.858792781829834,-46.216041564941406],[0.0,0.0,0.0]]",0.0,"[0.0,0.0,0.0]",0.0,"[0.0,0.0,0.0]",[],[],False,False,False,False,False,[],-0.01590748590889557,0.14457900502013687,47.00713020661174,0.1465016283347955,47.00713020661174,0.0,0.0,0,0,0,True,HARD_FORCE_ABORT,True
111,attempt_0,FAILED,"[-0.034831754863262177,-0.20516367256641388,1.122174620628357,2.900036096572876,0.15062376856803894,-1.515792965888977,0.038903698325157166,-0.030424967408180237,-0.03418493643403053,-0.07000624388456345,0.03407582268118858,-0.05515316501259804,-0.1415344923734665,-0.14048174023628235,-0.10286398231983185,-0.24029786884784698,0.369120717048645,0.36573246121406555,0.36928799748420715,0.3598436117172241,0.3577588200569153,0.36333179473876953,0.372871071100235,0.37107980251312256,0.36596575379371643,0.3684343993663788]","[-0.049019116908311844,-0.19217970967292786,1.1160317659378052,2.8825559616088867,0.15894357860088348,-1.5429998636245728,0.038880009204149246,-0.030385009944438934,-0.03416500985622406,-0.03003498911857605,-0.03258999437093735,-0.05515999346971512,-0.14153999090194702,-0.14048998057842255,-0.14468999207019806,-0.14710499346256256,0.36910131573677063,0.36573249101638794,0.36931121349334717,0.3636675179004669,0.3627399802207947,0.3633349537849426,0.3728812336921692,0.3710786998271942,0.3659687340259552,0.37119248509407043]","[-0.049019118701466774,-0.19217971644579906,1.1160317348816973,2.8825559180792415,0.1589435743175724,-1.5429998466092598,0.038880009204149246,-0.030385009944438934,-0.03416500985622406,-0.03003498911857605,-0.03258999437093735,-0.05515999346971512,-0.14153999090194702,-0.14048998057842255,-0.14468999207019806,-0.14710499346256256,0.36910131573677063,0.36573249101638794,0.36931121349334717,0.3636675179004669,0.3627399802207947,0.3633349537849426,0.3728812336921692,0.3710786998271942,0.3659687340259552,0.37119248509407043]","[-0.014187362045049667,0.012983962893486023,-0.006142854690551758,-0.017480134963989258,0.008319810032844543,-0.027206897735595703,-2.368912100791931e-05,3.995746374130249e-05,1.992657780647278e-05,0.039971254765987396,-0.06666581332683563,-6.8284571170806885e-06,-5.498528480529785e-06,-8.240342140197754e-06,-0.04182600975036621,0.09319287538528442,-1.940131187438965e-05,2.9802322387695312e-08,2.321600914001465e-05,0.003823906183242798,0.0049811601638793945,3.159046173095703e-06,1.0162591934204102e-05,-1.1026859283447266e-06,2.9802322387695312e-06,0.0027580857276916504]","[0.11614726483821869,-0.15548354387283325,1.01529860496521]","[-0.2659449577331543,0.28799548745155334,-0.596605122089386,0.7002814412117004]","[0.25752562284469604,-0.235934317111969,-0.1982436627149582]","[2.1087841987609863,0.7951035499572754,0.356113076210022]","[-0.1599999964237213,-0.30000001192092896,0.7400000095367432]","[0.7070000171661377,0.7070000171661377,0.0,0.0]","[-0.03483162075281143,-0.2051636129617691,1.1221745014190674]","[0.13860157132148743,0.712717592716217,0.6870374083518982,-0.028338007628917694]","[""right_finger2_link3"",""right_finger2_link4"",""right_finger3_link3"",""right_finger3_link4"",""right_finger4_link3"",""right_finger4_link4""]","[[0.015051456168293953,-0.2514280378818512,0.9965869188308716],[0.017285596579313278,-0.2509739100933075,0.9671751856803894],[-0.014095019549131393,-0.2555411756038666,0.996077299118042],[-0.013248780742287636,-0.2551094889640808,0.9665926098823547],[-0.038782306015491486,-0.2520465552806854,0.9973998069763184],[-0.03918818384408951,-0.252500981092453,0.9679060578346252]]","[0.0,0.0,0.0,0.0,46.81005139396972,0.0]","[[0.0,0.0,0.0],[0.0,0.0,0.0],[0.0,0.0,0.0],[0.0,0.0,0.0],[1.3533321619033813,-6.86452054977417,-46.28420639038086],[0.0,0.0,0.0]]",0.0,"[0.0,0.0,0.0]",0.0,"[0.0,0.0,0.0]",[],[],False,False,False,False,False,[],-0.01591555808152212,0.14457684776799037,47.006534706120526,0.14649676527567654,47.006534706120526,0.0,0.0,0,0,0,True,HARD_FORCE_ABORT,True
112,attempt_0,FAILED,"[-0.034832604229450226,-0.2051651030778885,1.1221747398376465,2.900040864944458,0.15062719583511353,-1.515798568725586,0.03890228644013405,-0.030427314341068268,-0.03418523818254471,-0.07000967860221863,0.03403083607554436,-0.05515335872769356,-0.14153479039669037,-0.14048220217227936,-0.10284614562988281,-0.2403278946876526,0.3691199719905853,0.3657301962375641,0.36928442120552063,0.35983771085739136,0.35780051350593567,0.36333146691322327,0.37287190556526184,0.37108030915260315,0.36596664786338806,0.36841776967048645]","[-0.049019116908311844,-0.19217970967292786,1.1160317659378052,2.8825559616088867,0.15894357860088348,-1.5429998636245728,0.038880009204149246,-0.030385009944438934,-0.03416500985622406,-0.03003498911857605,-0.03258999437093735,-0.05515999346971512,-0.14153999090194702,-0.14048998057842255,-0.14468999207019806,-0.14710499346256256,0.36910131573677063,0.36573249101638794,0.36931121349334717,0.3636675179004669,0.3627399802207947,0.3633349537849426,0.3728812336921692,0.3710786998271942,0.3659687340259552,0.37119248509407043]","[-0.049019118701466774,-0.19217971644579906,1.1160317348816973,2.8825559180792415,0.1589435743175724,-1.5429998466092598,0.038880009204149246,-0.030385009944438934,-0.03416500985622406,-0.03003498911857605,-0.03258999437093735,-0.05515999346971512,-0.14153999090194702,-0.14048998057842255,-0.14468999207019806,-0.14710499346256256,0.36910131573677063,0.36573249101638794,0.36931121349334717,0.3636675179004669,0.3627399802207947,0.3633349537849426,0.3728812336921692,0.3710786998271942,0.3659687340259552,0.37119248509407043]","[-0.014186512678861618,0.012985393404960632,-0.006142973899841309,-0.01748490333557129,0.008316382765769958,-0.027201294898986816,-2.2277235984802246e-05,4.2304396629333496e-05,2.0228326320648193e-05,0.03997468948364258,-0.0666208267211914,-6.634742021560669e-06,-5.200505256652832e-06,-7.778406143188477e-06,-0.04184384644031525,0.09322290122509003,-1.8656253814697266e-05,2.294778823852539e-06,2.6792287826538086e-05,0.0038298070430755615,0.004939466714859009,3.4868717193603516e-06,9.328126907348633e-06,-1.6093254089355469e-06,2.086162567138672e-06,0.0027747154235839844]","[0.11615079641342163,-0.15549075603485107,1.0152667760849]","[-0.26587703824043274,0.2880447804927826,-0.5966041684150696,0.7002876996994019]","[0.2647390067577362,-0.23088189959526062,-0.19232426583766937]","[2.1474809646606445,0.8373187184333801,0.30895891785621643]","[-0.1599999964237213,-0.30000001192092896,0.7400000095367432]","[0.7070000171661377,0.7070000171661377,0.0,0.0]","[-0.03483246639370918,-0.2051650434732437,1.122174620628357]","[0.1386009007692337,0.7127156853675842,0.6870394945144653,-0.028335491195321083]","[""right_finger2_link3"",""right_finger2_link4"",""right_finger3_link3"",""right_finger3_link4"",""right_finger4_link3"",""right_finger4_link4""]","[[0.0150511609390378,-0.2514287531375885,0.9965870380401611],[0.017285384237766266,-0.2509746253490448,0.967175304889679],[-0.01409531943500042,-0.25554201006889343,0.9960774183273315],[-0.013249042443931103,-0.25511032342910767,0.9665927290916443],[-0.038781847804784775,-0.25204774737358093,0.9973998069763184],[-0.03918720781803131,-0.2525024116039276,0.9679060578346252]]","[0.0,0.0,0.0,0.0,46.91779182814287,0.0]","[[0.0,0.0,0.0],[0.0,0.0,0.0],[0.0,0.0,0.0],[0.0,0.0,0.0],[1.352815866470337,-6.881504058837891,-46.39066696166992],[0.0,0.0,0.0]]",0.0,"[0.0,0.0,0.0]",0.0,"[0.0,0.0,0.0]",[],[],False,False,False,False,False,[],-0.01593913441911554,0.1445706371366782,47.00544384609317,0.14648411762028837,47.00544384609317,0.0,0.0,0,0,0,True,HARD_FORCE_ABORT,True
113,attempt_0,FAILED,"[-0.034832775592803955,-0.20516516268253326,1.1221734285354614,2.9000351428985596,0.1506326049566269,-1.5157901048660278,0.03890411555767059,-0.030426494777202606,-0.034185536205768585,-0.07000897824764252,0.03408017009496689,-0.05515318736433983,-0.14153482019901276,-0.14048196375370026,-0.10285037010908127,-0.240316703915596,0.3691219091415405,0.3657320439815521,0.36928606033325195,0.3598405718803406,0.35776400566101074,0.3633321523666382,0.37287166714668274,0.371080219745636,0.36596670746803284,0.3684338629245758]","[-0.049019116908311844,-0.19217970967292786,1.1160317659378052,2.8825559616088867,0.15894357860088348,-1.5429998636245728,0.038880009204149246,-0.030385009944438934,-0.03416500985622406,-0.03003498911857605,-0.03258999437093735,-0.05515999346971512,-0.14153999090194702,-0.14048998057842255,-0.14468999207019806,-0.14710499346256256,0.36910131573677063,0.36573249101638794,0.36931121349334717,0.3636675179004669,0.3627399802207947,0.3633349537849426,0.3728812336921692,0.3710786998271942,0.3659687340259552,0.37119248509407043]","[-0.049019118701466774,-0.19217971644579906,1.1160317348816973,2.8825559180792415,0.1589435743175724,-1.5429998466092598,0.038880009204149246,-0.030385009944438934,-0.03416500985622406,-0.03003498911857605,-0.03258999437093735,-0.05515999346971512,-0.14153999090194702,-0.14048998057842255,-0.14468999207019806,-0.14710499346256256,0.36910131573677063,0.36573249101638794,0.36931121349334717,0.3636675179004669,0.3627399802207947,0.3633349537849426,0.3728812336921692,0.3710786998271942,0.3659687340259552,0.37119248509407043]","[-0.014186341315507889,0.012985453009605408,-0.00614166259765625,-0.01747918128967285,0.008310973644256592,-0.027209758758544922,-2.4106353521347046e-05,4.1484832763671875e-05,2.0526349544525146e-05,0.03997398912906647,-0.06667016446590424,-6.806105375289917e-06,-5.170702934265137e-06,-8.016824722290039e-06,-0.04183962196111679,0.09321171045303345,-2.059340476989746e-05,4.470348358154297e-07,2.5153160095214844e-05,0.0038269460201263428,0.0049759745597839355,2.8014183044433594e-06,9.566545486450195e-06,-1.519918441772461e-06,2.0265579223632812e-06,0.002758622169494629]","[0.11614717543125153,-0.15548555552959442,1.015300989151001]","[-0.26595351099967957,0.28798437118530273,-0.5966052412986755,0.700282633304596]","[0.25803977251052856,-0.23713736236095428,-0.1829521805047989]","[2.087742567062378,0.9291844367980957,0.32245585322380066]","[-0.1599999964237213,-0.30000001192092896,0.7400000095367432]","[0.7070000171661377,0.7070000171661377,0.0,0.0]","[-0.03483263775706291,-0.2051650881767273,1.1221733093261719]","[0.1386047601699829,0.7127179503440857,0.687036395072937,-0.028334911912679672]","[""right_finger2_link3"",""right_finger2_link4"",""right_finger3_link3"",""right_finger3_link4"",""right_finger4_link3"",""right_finger4_link4""]","[[0.015051547437906265,-0.25142964720726013,0.996586263179779],[0.017285967245697975,-0.2509755790233612,0.9671745300292969],[-0.014094948768615723,-0.25554272532463074,0.9960764646530151],[-0.013248445466160774,-0.25511112809181213,0.9665917754173279],[-0.03878166154026985,-0.25204822421073914,0.9973986744880676],[-0.03918692097067833,-0.2525028884410858,0.9679049253463745]]","[0.0,0.0,0.0,0.0,46.71503984847919,0.0]","[[0.0,0.0,0.0],[0.0,0.0,0.0],[0.0,0.0,0.0],[0.0,0.0,0.0],[1.3399580717086792,-6.8552470207214355,-46.18988037109375],[0.0,0.0,0.0]]",0.0,"[0.0,0.0,0.0]",0.0,"[0.0,0.0,0.0]",[],[],False,False,False,False,False,[],-0.015913592632495366,0.14457475752780552,47.006262816279545,0.146495190675596,47.006262816279545,0.0,0.0,0,0,0,True,HARD_FORCE_ABORT,True
114,attempt_0,FAILED,"[-0.03483160212635994,-0.20516467094421387,1.1221734285354614,2.900033712387085,0.15062275528907776,-1.5157984495162964,0.03890440613031387,-0.030426887795329094,-0.03418567776679993,-0.07001008093357086,0.03404596075415611,-0.05515274778008461,-0.14153459668159485,-0.14048153162002563,-0.10285263508558273,-0.24031241238117218,0.3691219091415405,0.36573174595832825,0.36928591132164,0.35983917117118835,0.35778114199638367,0.36333197355270386,0.3728715479373932,0.3710799515247345,0.3659663796424866,0.36842799186706543]","[-0.049019116908311844,-0.19217970967292786,1.1160317659378052,2.8825559616088867,0.15894357860088348,-1.5429998636245728,0.038880009204149246,-0.030385009944438934,-0.03416500985622406,-0.03003498911857605,-0.03258999437093735,-0.05515999346971512,-0.14153999090194702,-0.14048998057842255,-0.14468999207019806,-0.14710499346256256,0.36910131573677063,0.36573249101638794,0.36931121349334717,0.3636675179004669,0.3627399802207947,0.3633349537849426,0.3728812336921692,0.3710786998271942,0.3659687340259552,0.37119248509407043]","[-0.049019118701466774,-0.19217971644579906,1.1160317348816973,2.8825559180792415,0.1589435743175724,-1.5429998466092598,0.038880009204149246,-0.030385009944438934,-0.03416500985622406,-0.03003498911857605,-0.03258999437093735,-0.05515999346971512,-0.14153999090194702,-0.14048998057842255,-0.14468999207019806,-0.14710499346256256,0.36910131573677063,0.36573249101638794,0.36931121349334717,0.3636675179004669,0.3627399802207947,0.3633349537849426,0.3728812336921692,0.3710786998271942,0.3659687340259552,0.37119248509407043]","[-0.014187514781951904,0.01298496127128601,-0.00614166259765625,-0.017477750778198242,0.008320823311805725,-0.027201414108276367,-2.4396926164627075e-05,4.187785089015961e-05,2.06679105758667e-05,0.03997509181499481,-0.06663595139980316,-7.245689630508423e-06,-5.3942203521728516e-06,-8.448958396911621e-06,-0.041837356984615326,0.09320741891860962,-2.059340476989746e-05,7.450580596923828e-07,2.530217170715332e-05,0.0038283467292785645,0.004958838224411011,2.9802322387695312e-06,9.685754776000977e-06,-1.2516975402832031e-06,2.3543834686279297e-06,0.002764493227005005]","[0.11614958941936493,-0.15548667311668396,1.015278935432434]","[-0.265906423330307,0.28802651166915894,-0.5966078639030457,0.7002809643745422]","[0.2568999230861664,-0.2361166924238205,-0.20071308314800262]","[2.1457793712615967,0.7960367202758789,0.34909242391586304]","[-0.1599999964237213,-0.30000001192092896,0.7400000095367432]","[0.7070000171661377,0.7070000171661377,0.0,0.0]","[-0.034831464290618896,-0.2051646113395691,1.1221733093261719]","[0.13860197365283966,0.7127156853675842,0.6870391368865967,-0.028339536860585213]","[""right_finger2_link3"",""right_finger2_link4"",""right_finger3_link3"",""right_finger3_link4"",""right_finger4_link3"",""right_finger4_link4""]","[[0.015051553957164288,-0.2514292597770691,0.9965857267379761],[0.01728564314544201,-0.25097525119781494,0.9671739935874939],[-0.01409489568322897,-0.25554248690605164,0.9960762858390808],[-0.013248718343675137,-0.2551109790802002,0.9665915369987488],[-0.03878173604607582,-0.25204819440841675,0.9973987936973572],[-0.039187394082546234,-0.252502977848053,0.9679050445556641]]","[0.0,0.0,0.0,0.0,47.04830587709166,0.0]","[[0.0,0.0,0.0],[0.0,0.0,0.0],[0.0,0.0,0.0],[0.0,0.0,0.0],[1.357791781425476,-6.900204658508301,-46.519744873046875],[0.0,0.0,0.0]]",0.0,"[0.0,0.0,0.0]",0.0,"[0.0,0.0,0.0]",[],[],False,False,False,False,False,[],-0.01592850265359702,0.14457431993402547,47.0060718424937,0.1464902424672968,47.0060718424937,0.0,0.0,0,0,0,True,HARD_FORCE_ABORT,True
115,attempt_0,FAILED,"[-0.03483157232403755,-0.20516492426395416,1.1221739053726196,2.90004301071167,0.15063047409057617,-1.5157965421676636,0.03890310227870941,-0.030427362769842148,-0.03418548405170441,-0.0700172409415245,0.03401591256260872,-0.05515316128730774,-0.14153452217578888,-0.140482097864151,-0.10283783078193665,-0.24033527076244354,0.36912107467651367,0.36573082208633423,0.36928489804267883,0.35983556509017944,0.35781651735305786,0.36333227157592773,0.37287214398384094,0.3710803985595703,0.3659665584564209,0.36841341853141785]","[-0.049019116908311844,-0.19217970967292786,1.1160317659378052,2.8825559616088867,0.15894357860088348,-1.5429998636245728,0.038880009204149246,-0.030385009944438934,-0.03416500985622406,-0.03003498911857605,-0.03258999437093735,-0.05515999346971512,-0.14153999090194702,-0.14048998057842255,-0.14468999207019806,-0.14710499346256256,0.36910131573677063,0.36573249101638794,0.36931121349334717,0.3636675179004669,0.3627399802207947,0.3633349537849426,0.3728812336921692,0.3710786998271942,0.3659687340259552,0.37119248509407043]","[-0.049019118701466774,-0.19217971644579906,1.1160317348816973,2.8825559180792415,0.1589435743175724,-1.5429998466092598,0.038880009204149246,-0.030385009944438934,-0.03416500985622406,-0.03003498911857605,-0.03258999437093735,-0.05515999346971512,-0.14153999090194702,-0.14048998057842255,-0.14468999207019806,-0.14710499346256256,0.36910131573677063,0.36573249101638794,0.36931121349334717,0.3636675179004669,0.3627399802207947,0.3633349537849426,0.3728812336921692,0.3710786998271942,0.3659687340259552,0.37119248509407043]","[-0.014187544584274292,0.012985214591026306,-0.006142139434814453,-0.017487049102783203,0.008313104510307312,-0.02720332145690918,-2.3093074560165405e-05,4.23528254032135e-05,2.047419548034668e-05,0.039982251822948456,-0.06660591065883636,-6.83218240737915e-06,-5.46872615814209e-06,-7.88271427154541e-06,-0.041852161288261414,0.09323027729988098,-1.9758939743041992e-05,1.6689300537109375e-06,2.631545066833496e-05,0.0038319528102874756,0.004923462867736816,2.682209014892578e-06,9.08970832824707e-06,-1.6987323760986328e-06,2.175569534301758e-06,0.002779066562652588]","[0.11615188419818878,-0.1554894596338272,1.0152645111083984]","[-0.26587575674057007,0.28804951906204224,-0.5966044068336487,0.7002862691879272]","[0.2583189606666565,-0.23751169443130493,-0.18789054453372955]","[2.1422221660614014,0.879508912563324,0.3277495801448822]","[-0.1599999964237213,-0.30000001192092896,0.7400000095367432]","[0.7070000171661377,0.7070000171661377,0.0,0.0]","[-0.03483143448829651,-0.2051648497581482,1.12217378616333]","[0.138601154088974,0.7127164006233215,0.6870388388633728,-0.028333481401205063]","[""right_finger2_link3"",""right_finger2_link4"",""right_finger3_link3"",""right_finger3_link4"",""right_finger4_link3"",""right_finger4_link4""]","[[0.015052545815706253,-0.2514283061027527,0.9965862035751343],[0.017286866903305054,-0.25097405910491943,0.9671744704246521],[-0.014093928039073944,-0.25554150342941284,0.9960764050483704],[-0.013247547671198845,-0.2551097571849823,0.9665917158126831],[-0.03878014534711838,-0.2520475685596466,0.9973990321159363],[-0.03918520733714104,-0.25250244140625,0.9679052829742432]]","[0.0,0.0,0.0,0.0,46.92173608041419,0.0]","[[0.0,0.0,0.0],[0.0,0.0,0.0],[0.0,0.0,0.0],[0.0,0.0,0.0],[1.3485697507858276,-6.883692741394043,-46.39445495605469],[0.0,0.0,0.0]]",0.0,"[0.0,0.0,0.0]",0.0,"[0.0,0.0,0.0]",[],[],False,False,False,False,False,[],-0.01593995559140715,0.1445719309526051,47.00572945556152,0.14648493067091964,47.00572945556152,0.0,0.0,0,0,0,True,HARD_FORCE_ABORT,True
116,attempt_0,FAILED,"[-0.03483051434159279,-0.20516575872898102,1.1221733093261719,2.9000465869903564,0.15063804388046265,-1.515785813331604,0.03890474885702133,-0.030427107587456703,-0.034185826778411865,-0.07002619653940201,0.03402687609195709,-0.05515296384692192,-0.1415347009897232,-0.1404818445444107,-0.10283518582582474,-0.2403305619955063,0.36912259459495544,0.36573225259780884,0.3692859411239624,0.359834760427475,0.3578106164932251,0.3633323907852173,0.3728718161582947,0.3710802495479584,0.36596664786338806,0.36841458082199097]","[-0.049019116908311844,-0.19217970967292786,1.1160317659378052,2.8825559616088867,0.15894357860088348,-1.5429998636245728,0.038880009204149246,-0.030385009944438934,-0.03416500985622406,-0.03003498911857605,-0.03258999437093735,-0.05515999346971512,-0.14153999090194702,-0.14048998057842255,-0.14468999207019806,-0.14710499346256256,0.36910131573677063,0.36573249101638794,0.36931121349334717,0.3636675179004669,0.3627399802207947,0.3633349537849426,0.3728812336921692,0.3710786998271942,0.3659687340259552,0.37119248509407043]","[-0.049019118701466774,-0.19217971644579906,1.1160317348816973,2.8825559180792415,0.1589435743175724,-1.5429998466092598,0.038880009204149246,-0.030385009944438934,-0.03416500985622406,-0.03003498911857605,-0.03258999437093735,-0.05515999346971512,-0.14153999090194702,-0.14048998057842255,-0.14468999207019806,-0.14710499346256256,0.36910131573677063,0.36573249101638794,0.36931121349334717,0.3636675179004669,0.3627399802207947,0.3633349537849426,0.3728812336921692,0.3710786998271942,0.3659687340259552,0.37119248509407043]","[-0.014188602566719055,0.012986049056053162,-0.006141543388366699,-0.017490625381469727,0.008305534720420837,-0.02721405029296875,-2.473965287208557e-05,4.209764301776886e-05,2.0816922187805176e-05,0.03999120742082596,-0.06661687046289444,-7.029622793197632e-06,-5.289912223815918e-06,-8.13603401184082e-06,-0.04185480624437332,0.09322556853294373,-2.1278858184814453e-05,2.384185791015625e-07,2.5272369384765625e-05,0.0038327574729919434,0.00492936372756958,2.562999725341797e-06,9.417533874511719e-06,-1.5497207641601562e-06,2.086162567138672e-06,0.0027779042720794678]","[0.11615012586116791,-0.15548378229141235,1.0152884721755981]","[-0.2659324109554291,0.28800979256629944,-0.5966041088104248,0.7002812623977661]","[0.26410168409347534,-0.23018121719360352,-0.18915070593357086]","[2.1225745677948,0.9054898023605347,0.3071798086166382]","[-0.1599999964237213,-0.30000001192092896,0.7400000095367432]","[0.7070000171661377,0.7070000171661377,0.0,0.0]","[-0.034830376505851746,-0.20516569912433624,1.1221731901168823]","[0.13860274851322174,0.712719738483429,0.6870352029800415,-0.028328735381364822]","[""right_finger2_link3"",""right_finger2_link4"",""right_finger3_link3"",""right_finger3_link4"",""right_finger4_link3"",""right_finger4_link4""]","[[0.015054488554596901,-0.25142890214920044,0.9965859651565552],[0.01728910394012928,-0.25097450613975525,0.967174232006073],[-0.014092006720602512,-0.25554192066192627,0.9960758090019226],[-0.013245312497019768,-0.2551099956035614,0.9665911197662354],[-0.038778163492679596,-0.25204819440841675,0.997398316860199],[-0.039182886481285095,-0.2525031864643097,0.9679045677185059]]","[0.0,0.0,0.0,0.0,46.9563570059192,0.0]","[[0.0,0.0,0.0],[0.0,0.0,0.0],[0.0,0.0,0.0],[0.0,0.0,0.0],[1.3464860916137695,-6.890702724456787,-46.428489685058594],[0.0,0.0,0.0]]",0.0,"[0.0,0.0,0.0]",0.0,"[0.0,0.0,0.0]",[],[],False,False,False,False,False,[],-0.01592235843806955,0.1445767802688935,47.00679100968533,0.14649462362575366,47.00679100968533,0.0,0.0,0,0,0,True,HARD_FORCE_ABORT,True
117,attempt_0,FAILED,"[-0.03482990711927414,-0.2051636278629303,1.1221731901168823,2.9000372886657715,0.15062624216079712,-1.5157926082611084,0.03890429809689522,-0.030424799770116806,-0.0341850183904171,-0.0700124129652977,0.03406472131609917,-0.05515298992395401,-0.14153435826301575,-0.14048174023628235,-0.10285709798336029,-0.24030254781246185,0.36912134289741516,0.3657328188419342,0.3692883551120758,0.35984256863594055,0.35777100920677185,0.3633321523666382,0.3728716969490051,0.37107980251312256,0.36596599221229553,0.36843279004096985]","[-0.049019116908311844,-0.19217970967292786,1.1160317659378052,2.8825559616088867,0.15894357860088348,-1.5429998636245728,0.038880009204149246,-0.030385009944438934,-0.03416500985622406,-0.03003498911857605,-0.03258999437093735,-0.05515999346971512,-0.14153999090194702,-0.14048998057842255,-0.14468999207019806,-0.14710499346256256,0.36910131573677063,0.36573249101638794,0.36931121349334717,0.3636675179004669,0.3627399802207947,0.3633349537849426,0.3728812336921692,0.3710786998271942,0.3659687340259552,0.37119248509407043]","[-0.049019118701466774,-0.19217971644579906,1.1160317348816973,2.8825559180792415,0.1589435743175724,-1.5429998466092598,0.038880009204149246,-0.030385009944438934,-0.03416500985622406,-0.03003498911857605,-0.03258999437093735,-0.05515999346971512,-0.14153999090194702,-0.14048998057842255,-0.14468999207019806,-0.14710499346256256,0.36910131573677063,0.36573249101638794,0.36931121349334717,0.3636675179004669,0.3627399802207947,0.3633349537849426,0.3728812336921692,0.3710786998271942,0.3659687340259552,0.37119248509407043]","[-0.014189209789037704,0.012983918190002441,-0.0061414241790771484,-0.017481327056884766,0.008317336440086365,-0.027207255363464355,-2.428889274597168e-05,3.9789825677871704e-05,2.000853419303894e-05,0.03997742384672165,-0.06665471196174622,-7.0035457611083984e-06,-5.632638931274414e-06,-8.240342140197754e-06,-0.04183289408683777,0.09319755434989929,-2.002716064453125e-05,-3.2782554626464844e-07,2.2858381271362305e-05,0.003824949264526367,0.004968971014022827,2.8014183044433594e-06,9.5367431640625e-06,-1.1026859283447266e-06,2.7418136596679688e-06,0.002759695053100586]","[0.11614890396595001,-0.15548273921012878,1.0152955055236816]","[-0.2659440338611603,0.28800076246261597,-0.596606969833374,0.7002780437469482]","[0.26361533999443054,-0.22862866520881653,-0.19598610699176788]","[2.091165781021118,0.8329721093177795,0.3313297927379608]","[-0.1599999964237213,-0.30000001192092896,0.7400000095367432]","[0.7070000171661377,0.7070000171661377,0.0,0.0]","[-0.034829769283533096,-0.20516356825828552,1.1221730709075928]","[0.13860180974006653,0.7127176523208618,0.6870372891426086,-0.02833663858473301]","[""right_finger2_link3"",""right_finger2_link4"",""right_finger3_link3"",""right_finger3_link4"",""right_finger4_link3"",""right_finger4_link4""]","[[0.01505361869931221,-0.2514277696609497,0.996585488319397],[0.017287833616137505,-0.25097358226776123,0.9671737551689148],[-0.014092877507209778,-0.2555409371852875,0.9960758686065674],[-0.013246568851172924,-0.2551092505455017,0.9665911793708801],[-0.03877990320324898,-0.2520465850830078,0.997398316860199],[-0.0391855426132679,-0.2525011897087097,0.9679045677185059]]","[0.0,0.0,0.0,0.0,46.774833847615895,0.0]","[[0.0,0.0,0.0],[0.0,0.0,0.0],[0.0,0.0,0.0],[0.0,0.0,0.0],[1.3470945358276367,-6.861273765563965,-46.24925231933594],[0.0,0.0,0.0]]",0.0,"[0.0,0.0,0.0]",0.0,"[0.0,0.0,0.0]",[],[],False,False,False,False,False,[],-0.01591634076996562,0.1445776400114125,47.00684870633726,0.14649691242645999,47.00684870633726,0.0,0.0,0,0,0,True,HARD_FORCE_ABORT,True
118,attempt_0,FAILED,"[-0.034830935299396515,-0.2051636129617691,1.1221730709075928,2.9000306129455566,0.1506250947713852,-1.515798568725586,0.03890281915664673,-0.030426044017076492,-0.03418503329157829,-0.07000228762626648,0.03407496213912964,-0.055153414607048035,-0.14153453707695007,-0.14048224687576294,-0.10285761207342148,-0.24030892550945282,0.36912035942077637,0.36573150753974915,0.36928632855415344,0.35984301567077637,0.3577633798122406,0.3633318841457367,0.3728719651699066,0.37108027935028076,0.365966260433197,0.368437796831131]","[-0.049019116908311844,-0.19217970967292786,1.1160317659378052,2.8825559616088867,0.15894357860088348,-1.5429998636245728,0.038880009204149246,-0.030385009944438934,-0.03416500985622406,-0.03003498911857605,-0.03258999437093735,-0.05515999346971512,-0.14153999090194702,-0.14048998057842255,-0.14468999207019806,-0.14710499346256256,0.36910131573677063,0.36573249101638794,0.36931121349334717,0.3636675179004669,0.3627399802207947,0.3633349537849426,0.3728812336921692,0.3710786998271942,0.3659687340259552,0.37119248509407043]","[-0.049019118701466774,-0.19217971644579906,1.1160317348816973,2.8825559180792415,0.1589435743175724,-1.5429998466092598,0.038880009204149246,-0.030385009944438934,-0.03416500985622406,-0.03003498911857605,-0.03258999437093735,-0.05515999346971512,-0.14153999090194702,-0.14048998057842255,-0.14468999207019806,-0.14710499346256256,0.36910131573677063,0.36573249101638794,0.36931121349334717,0.3636675179004669,0.3627399802207947,0.3633349537849426,0.3728812336921692,0.3710786998271942,0.3659687340259552,0.37119248509407043]","[-0.014188181608915329,0.012983903288841248,-0.006141304969787598,-0.017474651336669922,0.008318483829498291,-0.027201294898986816,-2.28099524974823e-05,4.1034072637557983e-05,2.0023435354232788e-05,0.03996729850769043,-0.06666495651006699,-6.57886266708374e-06,-5.453824996948242e-06,-7.733702659606934e-06,-0.04183237999677658,0.09320393204689026,-1.9043684005737305e-05,9.834766387939453e-07,2.4884939193725586e-05,0.0038245022296905518,0.004976600408554077,3.069639205932617e-06,9.268522262573242e-06,-1.5795230865478516e-06,2.473592758178711e-06,0.002754688262939453]","[0.11614827811717987,-0.15548434853553772,1.0152970552444458]","[-0.2659449577331543,0.2879948616027832,-0.5966033339500427,0.7002833485603333]","[0.2578444182872772,-0.2371443212032318,-0.18709073960781097]","[2.1139678955078125,0.8665085434913635,0.33679696917533875]","[-0.1599999964237213,-0.30000001192092896,0.7400000095367432]","[0.7070000171661377,0.7070000171661377,0.0,0.0]","[-0.03483080118894577,-0.20516355335712433,1.1221729516983032]","[0.13860373198986053,0.7127151489257812,0.6870392560958862,-0.028339780867099762]","[""right_finger2_link3"",""right_finger2_link4"",""right_finger3_link3"",""right_finger3_link4"",""right_finger4_link3"",""right_finger4_link4""]","[[0.01505251508206129,-0.2514285147190094,0.9965856671333313],[0.01728665828704834,-0.2509745657444,0.9671739339828491],[-0.014093958772718906,-0.25554177165031433,0.9960760474205017],[-0.013247743248939514,-0.25511035323143005,0.9665912985801697],[-0.03878095746040344,-0.2520470917224884,0.9973985552787781],[-0.03918666020035744,-0.25250160694122314,0.967904806137085]]","[0.0,0.0,0.0,0.0,46.73164544915346,0.0]","[[0.0,0.0,0.0],[0.0,0.0,0.0],[0.0,0.0,0.0],[0.0,0.0,0.0],[1.3469583988189697,-6.854043006896973,-46.20664978027344],[0.0,0.0,0.0]]",0.0,"[0.0,0.0,0.0]",0.0,"[0.0,0.0,0.0]",[],[],False,False,False,False,False,[],-0.01591587618044743,0.1445760261928661,47.00653383924287,0.14649563710971894,47.00653383924287,0.0,0.0,0,0,0,True,HARD_FORCE_ABORT,True
119,attempt_0,FAILED,"[-0.03483087942004204,-0.2051640748977661,1.1221736669540405,2.9000279903411865,0.15061533451080322,-1.5158090591430664,0.03890323266386986,-0.030427010729908943,-0.03418539837002754,-0.07000367343425751,0.034041788429021835,-0.055153027176856995,-0.1415342539548874,-0.14048194885253906,-0.10285617411136627,-0.24031226336956024,0.36912068724632263,0.3657310903072357,0.36928558349609375,0.3598407804965973,0.3577812612056732,0.3633316457271576,0.37287232279777527,0.371080219745636,0.36596623063087463,0.3684310019016266]","[-0.049019116908311844,-0.19217970967292786,1.1160317659378052,2.8825559616088867,0.15894357860088348,-1.5429998636245728,0.038880009204149246,-0.030385009944438934,-0.03416500985622406,-0.03003498911857605,-0.03258999437093735,-0.05515999346971512,-0.14153999090194702,-0.14048998057842255,-0.14468999207019806,-0.14710499346256256,0.36910131573677063,0.36573249101638794,0.36931121349334717,0.3636675179004669,0.3627399802207947,0.3633349537849426,0.3728812336921692,0.3710786998271942,0.3659687340259552,0.37119248509407043]","[-0.049019118701466774,-0.19217971644579906,1.1160317348816973,2.8825559180792415,0.1589435743175724,-1.5429998466092598,0.038880009204149246,-0.030385009944438934,-0.03416500985622406,-0.03003498911857605,-0.03258999437093735,-0.05515999346971512,-0.14153999090194702,-0.14048998057842255,-0.14468999207019806,-0.14710499346256256,0.36910131573677063,0.36573249101638794,0.36931121349334717,0.3636675179004669,0.3627399802207947,0.3633349537849426,0.3728812336921692,0.3710786998271942,0.3659687340259552,0.37119248509407043]","[-0.014188237488269806,0.012984365224838257,-0.0061419010162353516,-0.017472028732299805,0.008328244090080261,-0.027190804481506348,-2.3223459720611572e-05,4.200078547000885e-05,2.0388513803482056e-05,0.03996868431568146,-0.06663177907466888,-6.966292858123779e-06,-5.736947059631348e-06,-8.031725883483887e-06,-0.04183381795883179,0.09320726990699768,-1.9371509552001953e-05,1.4007091522216797e-06,2.562999725341797e-05,0.003826737403869629,0.00495871901512146,3.3080577850341797e-06,8.910894393920898e-06,-1.519918441772461e-06,2.5033950805664062e-06,0.0027614831924438477]","[0.11615213751792908,-0.1554909199476242,1.0152589082717896]","[-0.2658606171607971,0.2880612313747406,-0.5966075658798218,0.7002844214439392]","[0.2574601471424103,-0.2368755340576172,-0.20097510516643524]","[2.1372203826904297,0.7980555891990662,0.3506343364715576]","[-0.1599999964237213,-0.30000001192092896,0.7400000095367432]","[0.7070000171661377,0.7070000171661377,0.0,0.0]","[-0.03483074530959129,-0.20516401529312134,1.122173547744751]","[0.13860125839710236,0.7127121090888977,0.6870428323745728,-0.02834494039416313]","[""right_finger2_link3"",""right_finger2_link4"",""right_finger3_link3"",""right_finger3_link4"",""right_finger4_link3"",""right_finger4_link4""]","[[0.015051444992423058,-0.25142914056777954,0.9965860247612],[0.01728525385260582,-0.2509753704071045,0.9671741724014282],[-0.014094994403421879,-0.2555426359176636,0.996076762676239],[-0.013249121606349945,-0.25511133670806885,0.966592013835907],[-0.03878196328878403,-0.25204819440841675,0.9973994493484497],[-0.03918798640370369,-0.2525029480457306,0.9679057002067566]]","[0.0,0.0,0.0,0.0,47.03069665783387,0.0]","[[0.0,0.0,0.0],[0.0,0.0,0.0],[0.0,0.0,0.0],[0.0,0.0,0.0],[1.3562023639678955,-6.898264408111572,-46.50226974487305],[0.0,0.0,0.0]]",0.0,"[0.0,0.0,0.0]",0.0,"[0.0,0.0,0.0]",[],[],False,False,False,False,False,[],-0.0159429176600826,0.14457067799561332,47.005447056784135,0.14648254660611992,47.005447056784135,0.0,0.0,0,0,0,True,HARD_FORCE_ABORT,True
120,attempt_0,FAILED,"[-0.03483222797513008,-0.2051643431186676,1.1221742630004883,2.9000325202941895,0.15062223374843597,-1.5158069133758545,0.038903750479221344,-0.03042697161436081,-0.03418548405170441,-0.07001325488090515,0.034026097506284714,-0.05515314266085625,-0.14153438806533813,-0.1404818594455719,-0.10283903032541275,-0.24033476412296295,0.3691213130950928,0.36573174595832825,0.369285523891449,0.35983797907829285,0.35780537128448486,0.3633321523666382,0.3728722929954529,0.3710807263851166,0.3659663498401642,0.3684205114841461]","[-0.049019116908311844,-0.19217970967292786,1.1160317659378052,2.8825559616088867,0.15894357860088348,-1.5429998636245728,0.038880009204149246,-0.030385009944438934,-0.03416500985622406,-0.03003498911857605,-0.03258999437093735,-0.05515999346971512,-0.14153999090194702,-0.14048998057842255,-0.14468999207019806,-0.14710499346256256,0.36910131573677063,0.36573249101638794,0.36931121349334717,0.3636675179004669,0.3627399802207947,0.3633349537849426,0.3728812336921692,0.3710786998271942,0.3659687340259552,0.37119248509407043]","[-0.049019118701466774,-0.19217971644579906,1.1160317348816973,2.8825559180792415,0.1589435743175724,-1.5429998466092598,0.038880009204149246,-0.030385009944438934,-0.03416500985622406,-0.03003498911857605,-0.03258999437093735,-0.05515999346971512,-0.14153999090194702,-0.14048998057842255,-0.14468999207019806,-0.14710499346256256,0.36910131573677063,0.36573249101638794,0.36931121349334717,0.3636675179004669,0.3627399802207947,0.3633349537849426,0.3728812336921692,0.3710786998271942,0.3659687340259552,0.37119248509407043]","[-0.014186888933181763,0.012984633445739746,-0.0061424970626831055,-0.017476558685302734,0.00832134485244751,-0.02719295024871826,-2.374127507209778e-05,4.1961669921875e-05,2.047419548034668e-05,0.0399782657623291,-0.06661608815193176,-6.85080885887146e-06,-5.602836608886719e-06,-8.121132850646973e-06,-0.04185096174478531,0.09322977066040039,-1.9997358322143555e-05,7.450580596923828e-07,2.568960189819336e-05,0.0038295388221740723,0.0049346089363098145,2.8014183044433594e-06,8.940696716308594e-06,-2.0265579223632812e-06,2.384185791015625e-06,0.0027719736099243164]","[0.11615103483200073,-0.15549121797084808,1.0152631998062134]","[-0.2658693194389343,0.2880512475967407,-0.5966048240661621,0.7002875208854675]","[0.25672647356987,-0.2348140925168991,-0.19077973067760468]","[2.0828731060028076,0.9328984618186951,0.3214024007320404]","[-0.1599999964237213,-0.30000001192092896,0.7400000095367432]","[0.7070000171661377,0.7070000171661377,0.0,0.0]","[-0.03483209386467934,-0.20516428351402283,1.1221741437911987]","[0.13860194385051727,0.7127127051353455,0.6870421171188354,-0.028340792283415794]","[""right_finger2_link3"",""right_finger2_link4"",""right_finger3_link3"",""right_finger3_link4"",""right_finger4_link3"",""right_finger4_link4""]","[[0.015050959773361683,-0.25142884254455566,0.9965867400169373],[0.017284974455833435,-0.2509748935699463,0.9671749472618103],[-0.014095488004386425,-0.2555422782897949,0.9960772395133972],[-0.013249405659735203,-0.25511085987091064,0.9665924906730652],[-0.038781773298978806,-0.2520483732223511,0.9973998665809631],[-0.039187151938676834,-0.2525033950805664,0.9679062366485596]]","[0.0,0.0,0.0,0.0,46.94060399752183,0.0]","[[0.0,0.0,0.0],[0.0,0.0,0.0],[0.0,0.0,0.0],[0.0,0.0,0.0],[1.3442507982254028,-6.888787269592285,-46.412906646728516],[0.0,0.0,0.0]]",0.0,"[0.0,0.0,0.0]",0.0,"[0.0,0.0,0.0]",[],[],False,False,False,False,False,[],-0.015941090448917672,0.1445702994607513,47.005367133632554,0.14648305192867714,47.005367133632554,0.0,0.0,0,0,0,True,HARD_FORCE_ABORT,True
121,attempt_0,FAILED,"[-0.034831851720809937,-0.2051650583744049,1.12217378616333,2.9000332355499268,0.1506274938583374,-1.5157967805862427,0.03890543431043625,-0.030427269637584686,-0.034186042845249176,-0.07002012431621552,0.03404183313250542,-0.05515281856060028,-0.14153467118740082,-0.14048172533512115,-0.10283616185188293,-0.2403308004140854,0.3691231608390808,0.3657331168651581,0.3692857027053833,0.3598364591598511,0.35779502987861633,0.3633326292037964,0.37287184596061707,0.3710806667804718,0.36596688628196716,0.36842381954193115]","[-0.049019116908311844,-0.19217970967292786,1.1160317659378052,2.8825559616088867,0.15894357860088348,-1.5429998636245728,0.038880009204149246,-0.030385009944438934,-0.03416500985622406,-0.03003498911857605,-0.03258999437093735,-0.05515999346971512,-0.14153999090194702,-0.14048998057842255,-0.14468999207019806,-0.14710499346256256,0.36910131573677063,0.36573249101638794,0.36931121349334717,0.3636675179004669,0.3627399802207947,0.3633349537849426,0.3728812336921692,0.3710786998271942,0.3659687340259552,0.37119248509407043]","[-0.049019118701466774,-0.19217971644579906,1.1160317348816973,2.8825559180792415,0.1589435743175724,-1.5429998466092598,0.038880009204149246,-0.030385009944438934,-0.03416500985622406,-0.03003498911857605,-0.03258999437093735,-0.05515999346971512,-0.14153999090194702,-0.14048998057842255,-0.14468999207019806,-0.14710499346256256,0.36910131573677063,0.36573249101638794,0.36931121349334717,0.3636675179004669,0.3627399802207947,0.3633349537849426,0.3728812336921692,0.3710786998271942,0.3659687340259552,0.37119248509407043]","[-0.014187265187501907,0.01298534870147705,-0.006142020225524902,-0.01747727394104004,0.008316084742546082,-0.027203083038330078,-2.5425106287002563e-05,4.225969314575195e-05,2.1032989025115967e-05,0.039985135197639465,-0.06663182377815247,-7.1749091148376465e-06,-5.319714546203613e-06,-8.255243301391602e-06,-0.041853830218315125,0.09322580695152283,-2.1845102310180664e-05,-6.258487701416016e-07,2.5510787963867188e-05,0.0038310587406158447,0.004944950342178345,2.3245811462402344e-06,9.387731552124023e-06,-1.9669532775878906e-06,1.8477439880371094e-06,0.0027686655521392822]","[0.11614707112312317,-0.15548457205295563,1.0153037309646606]","[-0.26595863699913025,0.28798118233680725,-0.59660404920578,0.7002831101417542]","[0.2630477845668793,-0.23193909227848053,-0.18823635578155518]","[2.0989949703216553,0.9111374020576477,0.2960794270038605]","[-0.1599999964237213,-0.30000001192092896,0.7400000095367432]","[0.7070000171661377,0.7070000171661377,0.0,0.0]","[-0.03483171388506889,-0.20516499876976013,1.1221736669540405]","[0.13860374689102173,0.7127158045768738,0.6870386004447937,-0.028337791562080383]","[""right_finger2_link3"",""right_finger2_link4"",""right_finger3_link3"",""right_finger3_link4"",""right_finger4_link3"",""right_finger4_link4""]","[[0.015051927417516708,-0.2514296770095825,0.9965865015983582],[0.017286160960793495,-0.25097566843032837,0.967174768447876],[-0.014094550162553787,-0.25554293394088745,0.996076762676239],[-0.013248233124613762,-0.255111426115036,0.966592013835907],[-0.03878071904182434,-0.25204911828041077,0.9973994493484497],[-0.03918581083416939,-0.2525043487548828,0.9679058194160461]]","[0.0,0.0,0.0,0.0,46.93541032654914,0.0]","[[0.0,0.0,0.0],[0.0,0.0,0.0],[0.0,0.0,0.0],[0.0,0.0,0.0],[1.3453871011734009,-6.887897968292236,-46.407752990722656],[0.0,0.0,0.0]]",0.0,"[0.0,0.0,0.0]",0.0,"[0.0,0.0,0.0]",[],[],False,False,False,False,False,[],-0.015911954268230888,0.14457563767253256,47.00642597373462,0.14649662075998363,47.00642597373462,0.0,0.0,0,0,0,True,HARD_FORCE_ABORT,True
