physics_frame_id,attempt,state,actual_joint26,applied_target26,next_target26,joint_error26,frame_position,frame_quat_wxyz,frame_linear_velocity,frame_angular_velocity,fixed_position,fixed_quat_wxyz,palm_position,palm_quat_wxyz,support_link_names,support_link_positions,support_force_n,support_force_xyz,frame_fixed_force_n,frame_fixed_force_xyz,frame_table_force_n,frame_table_force_xyz,support_fingers,support_links,hand_frame_contact,frame_fixed_contact,frame_table_contact,frame_ground_contact,illegal_contact,illegal_pairs,signed_gap_m,preinsert_position_error_m,preinsert_rotation_error_deg,goal_position_error_m,goal_rotation_error_deg,relative_position_drift_m,relative_rotation_drift_deg,post_reset_object_root_writes,post_reset_wrist_state_writes,post_reset_fixed_asset_root_writes,terminal,failure,diagnostic_post_terminal
0,correction_1,SETTLE_ON_FORK,"[-0.04901609569787979,-0.19212748110294342,1.1110173463821411,2.882622480392456,0.1589478850364685,-1.5430222749710083,0.038909319788217545,-0.030341854318976402,-0.034157924354076385,-0.030039992183446884,-0.03262977674603462,-0.05516104772686958,-0.1415363848209381,-0.14048579335212708,-0.14468224346637726,-0.14708684384822845,0.3691231906414032,0.3657786250114441,0.36937591433525085,0.36373385787010193,0.3627980947494507,0.3633357286453247,0.37287554144859314,0.37106573581695557,0.36595454812049866,0.37118104100227356]","[-0.049019116908311844,-0.19217970967292786,1.1110317707061768,2.8825559616088867,0.15894357860088348,-1.5429998636245728,0.038880009204149246,-0.030385009944438934,-0.03416500985622406,-0.03003498911857605,-0.03258999437093735,-0.05515999346971512,-0.14153999090194702,-0.14048998057842255,-0.14468999207019806,-0.14710499346256256,0.36910131573677063,0.36573249101638794,0.36931121349334717,0.3636675179004669,0.3627399802207947,0.3633349537849426,0.3728812336921692,0.3710786998271942,0.3659687340259552,0.37119248509407043]","[-0.049019118701466774,-0.19217971644579906,1.1110317348816974,2.8825559180792415,0.1589435743175724,-1.5429998466092598,0.038880009204149246,-0.030385009944438934,-0.03416500985622406,-0.03003498911857605,-0.03258999437093735,-0.05515999346971512,-0.14153999090194702,-0.14048998057842255,-0.14468999207019806,-0.14710499346256256,0.36910131573677063,0.36573249101638794,0.36931121349334717,0.3636675179004669,0.3627399802207947,0.3633349537849426,0.3728812336921692,0.3710786998271942,0.3659687340259552,0.37119248509407043]","[-3.0212104320526123e-06,-5.2228569984436035e-05,1.4424324035644531e-05,-6.651878356933594e-05,-4.306435585021973e-06,2.2411346435546875e-05,-2.931058406829834e-05,-4.3155625462532043e-05,-7.0855021476745605e-06,5.003064870834351e-06,3.978237509727478e-05,1.0542571544647217e-06,-3.606081008911133e-06,-4.187226295471191e-06,-7.748603820800781e-06,-1.8149614334106445e-05,-2.187490463256836e-05,-4.6133995056152344e-05,-6.470084190368652e-05,-6.633996963500977e-05,-5.811452865600586e-05,-7.748603820800781e-07,5.692243576049805e-06,1.2964010238647461e-05,1.4185905456542969e-05,1.1444091796875e-05]","[0.12049289792776108,-0.30720821022987366,1.022255778312683]","[0.0012910539517179132,0.004364223685115576,-0.7022382616996765,0.7119274735450745]","[-0.0028220820240676403,-0.006504847668111324,-0.04850299656391144]","[-0.30563318729400635,0.15050742030143738,-0.0070177773013710976]","[-0.1599999964237213,-0.30000001192092896,0.7400000095367432]","[0.7070000171661377,0.7070000171661377,0.0,0.0]","[-0.04901596158742905,-0.19212742149829865,1.1110172271728516]","[0.14716024696826935,0.7014656662940979,0.6965488791465759,-0.0333082415163517]","[""right_finger2_link3"",""right_finger2_link4"",""right_finger3_link3"",""right_finger3_link4"",""right_finger4_link3"",""right_finger4_link4""]","[[0.0023611101787537336,-0.2396666556596756,0.9865126609802246],[0.0046307859010994434,-0.23978115618228912,0.9571002721786499],[-0.026656758040189743,-0.24461060762405396,0.9860612154006958],[-0.025772733613848686,-0.24478848278522491,0.9565750360488892],[-0.05307165905833244,-0.23987986147403717,0.9865399599075317],[-0.054474394768476486,-0.23957547545433044,0.9570749402046204]]","[0.0,0.0,0.0,0.0,0.0,0.0]","[[0.0,0.0,0.0],[0.0,0.0,0.0],[0.0,0.0,0.0],[0.0,0.0,0.0],[0.0,0.0,0.0],[0.0,0.0,0.0]]",0.0,"[0.0,0.0,0.0]",0.0,"[0.0,0.0,0.0]",[],[],False,False,False,False,False,[],0.007519073915556063,0.010650676781491697,0.9425474863531539,0.03301067467441712,0.9425474863531539,0.0,0.0,0,0,0,False,,False
1,correction_1,SETTLE_ON_FORK,"[-0.049020517617464066,-0.19212794303894043,1.1110106706619263,2.8826239109039307,0.1589406281709671,-1.543025016784668,0.03891335055232048,-0.03034769371151924,-0.03413642942905426,-0.0300359595566988,-0.032579824328422546,-0.05515999346971512,-0.14153704047203064,-0.14048895239830017,-0.14468565583229065,-0.14709173142910004,0.3691280782222748,0.36578184366226196,0.36935973167419434,0.3637234568595886,0.3627682626247406,0.363336443901062,0.37287408113479614,0.3710680603981018,0.36595600843429565,0.37118780612945557]","[-0.049019116908311844,-0.19217970967292786,1.1110317707061768,2.8825559616088867,0.15894357860088348,-1.5429998636245728,0.038880009204149246,-0.030385009944438934,-0.03416500985622406,-0.03003498911857605,-0.03258999437093735,-0.05515999346971512,-0.14153999090194702,-0.14048998057842255,-0.14468999207019806,-0.14710499346256256,0.36910131573677063,0.36573249101638794,0.36931121349334717,0.3636675179004669,0.3627399802207947,0.3633349537849426,0.3728812336921692,0.3710786998271942,0.3659687340259552,0.37119248509407043]","[-0.049019118701466774,-0.19217971644579906,1.1110317348816974,2.8825559180792415,0.1589435743175724,-1.5429998466092598,0.038880009204149246,-0.030385009944438934,-0.03416500985622406,-0.03003498911857605,-0.03258999437093735,-0.05515999346971512,-0.14153999090194702,-0.14048998057842255,-0.14468999207019806,-0.14710499346256256,0.36910131573677063,0.36573249101638794,0.36931121349334717,0.3636675179004669,0.3627399802207947,0.3633349537849426,0.3728812336921692,0.3710786998271942,0.3659687340259552,0.37119248509407043]","[1.4007091522216797e-06,-5.176663398742676e-05,2.110004425048828e-05,-6.794929504394531e-05,2.950429916381836e-06,2.5153160095214844e-05,-3.334134817123413e-05,-3.731623291969299e-05,-2.8580427169799805e-05,9.704381227493286e-07,-1.0170042514801025e-05,0.0,-2.950429916381836e-06,-1.0281801223754883e-06,-4.336237907409668e-06,-1.3262033462524414e-05,-2.676248550415039e-05,-4.935264587402344e-05,-4.851818084716797e-05,-5.59389591217041e-05,-2.828240394592285e-05,-1.4901161193847656e-06,7.152557373046875e-06,1.0639429092407227e-05,1.2725591659545898e-05,4.678964614868164e-06]","[0.12039299309253693,-0.3137386441230774,1.0257196426391602]","[0.0020598722621798515,0.0036652463022619486,-0.697109580039978,0.7169522047042847]","[-0.007699094247072935,-0.010411536321043968,-0.09099937975406647]","[-0.5528919696807861,0.0001375202991766855,0.003453163430094719]","[-0.1599999964237213,-0.30000001192092896,0.7400000095367432]","[0.7070000171661377,0.7070000171661377,0.0,0.0]","[-0.04902038350701332,-0.19212786853313446,1.1110105514526367]","[0.14715726673603058,0.7014653086662292,0.696549654006958,-0.03331046551465988]","[""right_finger2_link3"",""right_finger2_link4"",""right_finger3_link3"",""right_finger3_link4"",""right_finger4_link3"",""right_finger4_link4""]","[[0.0023558037355542183,-0.23966717720031738,0.9865056276321411],[0.004625266417860985,-0.2397817075252533,0.9570932388305664],[-0.02666216716170311,-0.2446099817752838,0.986054003238678],[-0.02577848546206951,-0.24478766322135925,0.9565677642822266],[-0.053077105432748795,-0.2398800104856491,0.9865332245826721],[-0.05448018014431,-0.23957577347755432,0.9570682048797607]]","[0.0,0.0,0.0,0.0,0.0,0.0]","[[0.0,0.0,0.0],[0.0,0.0,0.0],[0.0,0.0,0.0],[0.0,0.0,0.0],[0.0,0.0,0.0],[0.0,0.0,0.0]]",0.0,"[0.0,0.0,0.0]",0.0,"[0.0,0.0,0.0]",[],[],False,False,False,False,False,[],0.009972402929432023,0.01670981460943002,1.6785115021265793,0.03825333306297037,1.6785115021265793,0.0,0.0,0,0,0,False,,False
2,correction_1,FAILED,"[-0.04902088642120361,-0.19215035438537598,1.111006259918213,2.882599353790283,0.15893766283988953,-1.5430177450180054,0.03890300169587135,-0.030361616984009743,-0.03415432944893837,-0.03001169115304947,-0.03256068378686905,-0.055159348994493484,-0.14153717458248138,-0.14048947393894196,-0.14469143748283386,-0.14709842205047607,0.36912021040916443,0.3657655119895935,0.369340717792511,0.3636838495731354,0.3627396821975708,0.36333680152893066,0.372875839471817,0.37107163667678833,0.36596331000328064,0.37119409441947937]","[-0.049019116908311844,-0.19217970967292786,1.1110317707061768,2.8825559616088867,0.15894357860088348,-1.5429998636245728,0.038880009204149246,-0.030385009944438934,-0.03416500985622406,-0.03003498911857605,-0.03258999437093735,-0.05515999346971512,-0.14153999090194702,-0.14048998057842255,-0.14468999207019806,-0.14710499346256256,0.36910131573677063,0.36573249101638794,0.36931121349334717,0.3636675179004669,0.3627399802207947,0.3633349537849426,0.3728812336921692,0.3710786998271942,0.3659687340259552,0.37119248509407043]","[-0.049019118701466774,-0.19217971644579906,1.1110317348816974,2.8825559180792415,0.1589435743175724,-1.5429998466092598,0.038880009204149246,-0.030385009944438934,-0.03416500985622406,-0.03003498911857605,-0.03258999437093735,-0.05515999346971512,-0.14153999090194702,-0.14048998057842255,-0.14468999207019806,-0.14710499346256256,0.36910131573677063,0.36573249101638794,0.36931121349334717,0.3636675179004669,0.3627399802207947,0.3633349537849426,0.3728812336921692,0.3710786998271942,0.3659687340259552,0.37119248509407043]","[1.7695128917694092e-06,-2.9355287551879883e-05,2.5510787963867188e-05,-4.3392181396484375e-05,5.9157609939575195e-06,1.7881393432617188e-05,-2.2992491722106934e-05,-2.339296042919159e-05,-1.0680407285690308e-05,-2.329796552658081e-05,-2.931058406829834e-05,-6.444752216339111e-07,-2.816319465637207e-06,-5.066394805908203e-07,1.4454126358032227e-06,-6.571412086486816e-06,-1.8894672393798828e-05,-3.3020973205566406e-05,-2.950429916381836e-05,-1.633167266845703e-05,2.980232238769531e-07,-1.8477439880371094e-06,5.3942203521728516e-06,7.063150405883789e-06,5.424022674560547e-06,-1.6093254089355469e-06]","[0.12030935287475586,-0.31748834252357483,1.0278621912002563]","[0.003266759915277362,0.0036919922567903996,-0.6922837495803833,0.7216085195541382]","[-0.0039810421876609325,-0.00553021440282464,-0.13107526302337646]","[-0.8929504752159119,0.04671180993318558,0.02535797655582428]","[-0.1599999964237213,-0.30000001192092896,0.7400000095367432]","[0.7070000171661377,0.7070000171661377,0.0,0.0]","[-0.04902074858546257,-0.1921502947807312,1.1110061407089233]","[0.14716500043869019,0.7014663219451904,0.6965466737747192,-0.03331960365176201]","[""right_finger2_link3"",""right_finger2_link4"",""right_finger3_link3"",""right_finger3_link4"",""right_finger4_link3"",""right_finger4_link4""]","[[0.0023550179321318865,-0.2396935373544693,0.9865025281906128],[0.004624644760042429,-0.23980963230133057,0.9570901989936829],[-0.026663154363632202,-0.24463632702827454,0.986051082611084],[-0.02577952854335308,-0.24481579661369324,0.9565649032592773],[-0.05307811498641968,-0.2399042546749115,0.986529529094696],[-0.05448146164417267,-0.23960113525390625,0.9570644497871399]]","[0.0,0.0,0.0,0.0,0.0,0.0]","[[0.0,0.0,0.0],[0.0,0.0,0.0],[0.0,0.0,0.0],[0.0,0.0,0.0],[0.0,0.0,0.0],[0.0,0.0,0.0]]",0.0,"[0.0,0.0,0.0]",0.0,"[0.0,0.0,0.0]",[],[],False,False,False,False,False,[],0.01122009199785634,0.0206467218188443,2.442554556357772,0.041700594979874495,2.442554556357772,0.0,0.0,0,0,0,True,FRAME_JUMP,False
3,correction_1,FAILED,"[-0.04901939257979393,-0.1921815723180771,1.111006259918213,2.8825554847717285,0.1589374542236328,-1.5430173873901367,0.038885023444890976,-0.030384831130504608,-0.03415753319859505,-0.03002164699137211,-0.03256996348500252,-0.055159326642751694,-0.14153814315795898,-0.1404908150434494,-0.14469419419765472,-0.14710552990436554,0.36910584568977356,0.3657386004924774,0.36930760741233826,0.3636583983898163,0.36272093653678894,0.3633367717266083,0.3728792667388916,0.3710785210132599,0.3659682273864746,0.3711971342563629]","[-0.049019116908311844,-0.19217970967292786,1.1110317707061768,2.8825559616088867,0.15894357860088348,-1.5429998636245728,0.038880009204149246,-0.030385009944438934,-0.03416500985622406,-0.03003498911857605,-0.03258999437093735,-0.05515999346971512,-0.14153999090194702,-0.14048998057842255,-0.14468999207019806,-0.14710499346256256,0.36910131573677063,0.36573249101638794,0.36931121349334717,0.3636675179004669,0.3627399802207947,0.3633349537849426,0.3728812336921692,0.3710786998271942,0.3659687340259552,0.37119248509407043]","[-0.049019118701466774,-0.19217971644579906,1.1110317348816974,2.8825559180792415,0.1589435743175724,-1.5429998466092598,0.038880009204149246,-0.030385009944438934,-0.03416500985622406,-0.03003498911857605,-0.03258999437093735,-0.05515999346971512,-0.14153999090194702,-0.14048998057842255,-0.14468999207019806,-0.14710499346256256,0.36910131573677063,0.36573249101638794,0.36931121349334717,0.3636675179004669,0.3627399802207947,0.3633349537849426,0.3728812336921692,0.3710786998271942,0.3659687340259552,0.37119248509407043]","[2.7567148208618164e-07,1.862645149230957e-06,2.5510787963867188e-05,4.76837158203125e-07,6.124377250671387e-06,1.7523765563964844e-05,-5.014240741729736e-06,-1.7881393432617188e-07,-7.4766576290130615e-06,-1.3342127203941345e-05,-2.0030885934829712e-05,-6.668269634246826e-07,-1.8477439880371094e-06,8.344650268554688e-07,4.202127456665039e-06,5.364418029785156e-07,-4.5299530029296875e-06,-6.109476089477539e-06,3.606081008911133e-06,9.119510650634766e-06,1.9043684005737305e-05,-1.817941665649414e-06,1.9669532775878906e-06,1.7881393432617188e-07,5.066394805908203e-07,-4.649162292480469e-06]","[0.12033094465732574,-0.31738924980163574,1.0281226634979248]","[0.0034847937058657408,0.003992210142314434,-0.6889874339103699,0.7247538566589355]","[-0.0033753649331629276,-0.01504095084965229,-0.1904880851507187]","[-1.0780029296875,0.08433132618665695,0.017990490421652794]","[-0.1599999964237213,-0.30000001192092896,0.7400000095367432]","[0.7070000171661377,0.7070000171661377,0.0,0.0]","[-0.04901925474405289,-0.1921815127134323,1.1110061407089233]","[0.14718037843704224,0.7014631628990173,0.6965458393096924,-0.033334843814373016]","[""right_finger2_link3"",""right_finger2_link4"",""right_finger3_link3"",""right_finger3_link4"",""right_finger4_link3"",""right_finger4_link4""]","[[0.0023566442541778088,-0.23973117768764496,0.9865051507949829],[0.0046265930868685246,-0.2398499995470047,0.9570928812026978],[-0.026661721989512444,-0.24467313289642334,0.9860535264015198],[-0.02577817253768444,-0.24485495686531067,0.9565673470497131],[-0.05307680368423462,-0.23994134366512299,0.9865319132804871],[-0.05448033660650253,-0.23964054882526398,0.9570668935775757]]","[0.0,0.0,0.0,0.0,0.0,0.0]","[[0.0,0.0,0.0],[0.0,0.0,0.0],[0.0,0.0,0.0],[0.0,0.0,0.0],[0.0,0.0,0.0],[0.0,0.0,0.0]]",0.0,"[0.0,0.0,0.0]",0.0,"[0.0,0.0,0.0]",[],[],False,False,False,False,False,[],0.010860443256921148,0.020641224933898885,2.9613632619285064,0.041884854117481524,2.9613632619285064,0.0,0.0,0,0,0,True,FRAME_JUMP,True
4,correction_1,FAILED,"[-0.049019020050764084,-0.19219118356704712,1.111006259918213,2.8825578689575195,0.1589372605085373,-1.5430172681808472,0.03887929394841194,-0.030391253530979156,-0.034157801419496536,-0.030030962079763412,-0.03257906436920166,-0.05515942722558975,-0.141538605093956,-0.14049185812473297,-0.14469419419765472,-0.14710652828216553,0.36910176277160645,0.3657299280166626,0.3692988455295563,0.36365601420402527,0.3627212345600128,0.3633367717266083,0.3728797435760498,0.3710795044898987,0.36596688628196716,0.3711957335472107]","[-0.049019116908311844,-0.19217970967292786,1.1110317707061768,2.8825559616088867,0.15894357860088348,-1.5429998636245728,0.038880009204149246,-0.030385009944438934,-0.03416500985622406,-0.03003498911857605,-0.03258999437093735,-0.05515999346971512,-0.14153999090194702,-0.14048998057842255,-0.14468999207019806,-0.14710499346256256,0.36910131573677063,0.36573249101638794,0.36931121349334717,0.3636675179004669,0.3627399802207947,0.3633349537849426,0.3728812336921692,0.3710786998271942,0.3659687340259552,0.37119248509407043]","[-0.049019118701466774,-0.19217971644579906,1.1110317348816974,2.8825559180792415,0.1589435743175724,-1.5429998466092598,0.038880009204149246,-0.030385009944438934,-0.03416500985622406,-0.03003498911857605,-0.03258999437093735,-0.05515999346971512,-0.14153999090194702,-0.14048998057842255,-0.14468999207019806,-0.14710499346256256,0.36910131573677063,0.36573249101638794,0.36931121349334717,0.3636675179004669,0.3627399802207947,0.3633349537849426,0.3728812336921692,0.3710786998271942,0.3659687340259552,0.37119248509407043]","[-9.685754776000977e-08,1.1473894119262695e-05,2.5510787963867188e-05,-1.9073486328125e-06,6.318092346191406e-06,1.7404556274414062e-05,7.152557373046875e-07,6.243586540222168e-06,-7.208436727523804e-06,-4.027038812637329e-06,-1.0930001735687256e-05,-5.662441253662109e-07,-1.385807991027832e-06,1.8775463104248047e-06,4.202127456665039e-06,1.5348196029663086e-06,-4.470348358154297e-07,2.562999725341797e-06,1.2367963790893555e-05,1.150369644165039e-05,1.874566078186035e-05,-1.817941665649414e-06,1.4901161193847656e-06,-8.046627044677734e-07,1.8477439880371094e-06,-3.248453140258789e-06]","[0.12034957110881805,-0.31732630729675293,1.0281814336776733]","[0.0038457680493593216,0.004380480851978064,-0.6850929260253906,0.7284323573112488]","[-0.0027734534814953804,-0.025564325973391533,-0.24751409888267517]","[-1.2820777893066406,0.12572138011455536,0.008486699312925339]","[-0.1599999964237213,-0.30000001192092896,0.7400000095367432]","[0.7070000171661377,0.7070000171661377,0.0,0.0]","[-0.04901888594031334,-0.19219112396240234,1.1110061407089233]","[0.14717935025691986,0.701463520526886,0.6965457797050476,-0.03333402797579765]","[""right_finger2_link3"",""right_finger2_link4"",""right_finger3_link3"",""right_finger3_link4"",""right_finger4_link3"",""right_finger4_link4""]","[[0.00235698651522398,-0.2397407591342926,0.9865049719810486],[0.004627013113349676,-0.23985996842384338,0.9570927023887634],[-0.02666146494448185,-0.2446824312210083,0.9860532879829407],[-0.025777962058782578,-0.24486443400382996,0.956567108631134],[-0.053076524287462234,-0.2399509847164154,0.9865318536758423],[-0.054480087012052536,-0.2396504431962967,0.9570668339729309]]","[0.0,0.0,0.0,0.0,0.0,0.0]","[[0.0,0.0,0.0],[0.0,0.0,0.0],[0.0,0.0,0.0],[0.0,0.0,0.0],[0.0,0.0,0.0],[0.0,0.0,0.0]]",0.0,"[0.0,0.0,0.0]",0.0,"[0.0,0.0,0.0]",[],[],False,False,False,False,False,[],0.01019848510846677,0.0206004346914514,3.5752704642507642,0.041906860511526825,3.5752704642507642,0.0,0.0,0,0,0,True,FRAME_JUMP,True
5,correction_1,FAILED,"[-0.049018993973731995,-0.19219271838665009,1.111006259918213,2.882560968399048,0.1589370220899582,-1.5430171489715576,0.03887789323925972,-0.030391845852136612,-0.03415713459253311,-0.030038947239518166,-0.032587118446826935,-0.055159520357847214,-0.14153902232646942,-0.14049258828163147,-0.14469365775585175,-0.14710599184036255,0.36910009384155273,0.3657276928424835,0.3692969083786011,0.36366167664527893,0.36272549629211426,0.3633367717266083,0.37288010120391846,0.37108033895492554,0.36596453189849854,0.3711940050125122]","[-0.049019116908311844,-0.19217970967292786,1.1110317707061768,2.8825559616088867,0.15894357860088348,-1.5429998636245728,0.038880009204149246,-0.030385009944438934,-0.03416500985622406,-0.03003498911857605,-0.03258999437093735,-0.05515999346971512,-0.14153999090194702,-0.14048998057842255,-0.14468999207019806,-0.14710499346256256,0.36910131573677063,0.36573249101638794,0.36931121349334717,0.3636675179004669,0.3627399802207947,0.3633349537849426,0.3728812336921692,0.3710786998271942,0.3659687340259552,0.37119248509407043]","[-0.049019118701466774,-0.19217971644579906,1.1110317348816974,2.8825559180792415,0.1589435743175724,-1.5429998466092598,0.038880009204149246,-0.030385009944438934,-0.03416500985622406,-0.03003498911857605,-0.03258999437093735,-0.05515999346971512,-0.14153999090194702,-0.14048998057842255,-0.14468999207019806,-0.14710499346256256,0.36910131573677063,0.36573249101638794,0.36931121349334717,0.3636675179004669,0.3627399802207947,0.3633349537849426,0.3728812336921692,0.3710786998271942,0.3659687340259552,0.37119248509407043]","[-1.2293457984924316e-07,1.3008713722229004e-05,2.5510787963867188e-05,-5.0067901611328125e-06,6.556510925292969e-06,1.728534698486328e-05,2.115964889526367e-06,6.835907697677612e-06,-7.875263690948486e-06,3.958120942115784e-06,-2.8759241104125977e-06,-4.731118679046631e-07,-9.685754776000977e-07,2.60770320892334e-06,3.6656856536865234e-06,9.98377799987793e-07,1.2218952178955078e-06,4.798173904418945e-06,1.430511474609375e-05,5.841255187988281e-06,1.4483928680419922e-05,-1.817941665649414e-06,1.1324882507324219e-06,-1.6391277313232422e-06,4.202127456665039e-06,-1.519918441772461e-06]","[0.12036575376987457,-0.31729912757873535,1.0280894041061401]","[0.004367284011095762,0.004863420967012644,-0.6805296540260315,0.7326913475990295]","[-0.002101972233504057,-0.03677068278193474,-0.30293411016464233]","[-1.498420238494873,0.1693977415561676,-0.0028570014983415604]","[-0.1599999964237213,-0.30000001192092896,0.7400000095367432]","[0.7070000171661377,0.7070000171661377,0.0,0.0]","[-0.04901885986328125,-0.1921926587820053,1.1110061407089233]","[0.14717820286750793,0.7014638185501099,0.6965458393096924,-0.03333311900496483]","[""right_finger2_link3"",""right_finger2_link4"",""right_finger3_link3"",""right_finger3_link4"",""right_finger4_link3"",""right_finger4_link4""]","[[0.002356950892135501,-0.2397419661283493,0.9865049719810486],[0.004626973066478968,-0.2398611605167389,0.9570927023887634],[-0.026661505922675133,-0.24468354880809784,0.9860531687736511],[-0.025778036564588547,-0.2448655068874359,0.9565669894218445],[-0.05307655408978462,-0.23995253443717957,0.9865318536758423],[-0.05448010191321373,-0.23965197801589966,0.9570668339729309]]","[0.0,0.0,0.0,0.0,0.0,0.0]","[[0.0,0.0,0.0],[0.0,0.0,0.0],[0.0,0.0,0.0],[0.0,0.0,0.0],[0.0,0.0,0.0],[0.0,0.0,0.0]]",0.0,"[0.0,0.0,0.0]",0.0,"[0.0,0.0,0.0]",[],[],False,False,False,False,False,[],0.009275864313328497,0.020539096323536517,4.293444641816662,0.041810761197941984,4.293444641816662,0.0,0.0,0,0,0,True,FRAME_JUMP,True
6,correction_1,FAILED,"[-0.049021948128938675,-0.1921844482421875,1.1109939813613892,2.8825933933258057,0.15892942249774933,-1.5430183410644531,0.03887667879462242,-0.030390219762921333,-0.034139484167099,-0.030086377635598183,-0.03262600675225258,-0.055160243064165115,-0.1415398269891739,-0.14049682021141052,-0.14468681812286377,-0.14709646999835968,0.3690985143184662,0.3657272458076477,0.36929914355278015,0.36370226740837097,0.3627551794052124,0.3633362948894501,0.3728814423084259,0.37108179926872253,0.3659469783306122,0.3711828589439392]","[-0.049019116908311844,-0.19217970967292786,1.1110317707061768,2.8825559616088867,0.15894357860088348,-1.5429998636245728,0.038880009204149246,-0.030385009944438934,-0.03416500985622406,-0.03003498911857605,-0.03258999437093735,-0.05515999346971512,-0.14153999090194702,-0.14048998057842255,-0.14468999207019806,-0.14710499346256256,0.36910131573677063,0.36573249101638794,0.36931121349334717,0.3636675179004669,0.3627399802207947,0.3633349537849426,0.3728812336921692,0.3710786998271942,0.3659687340259552,0.37119248509407043]","[-0.049019118701466774,-0.19217971644579906,1.1110317348816974,2.8825559180792415,0.1589435743175724,-1.5429998466092598,0.038880009204149246,-0.030385009944438934,-0.03416500985622406,-0.03003498911857605,-0.03258999437093735,-0.05515999346971512,-0.14153999090194702,-0.14048998057842255,-0.14468999207019806,-0.14710499346256256,0.36910131573677063,0.36573249101638794,0.36931121349334717,0.3636675179004669,0.3627399802207947,0.3633349537849426,0.3728812336921692,0.3710786998271942,0.3659687340259552,0.37119248509407043]","[2.8312206268310547e-06,4.738569259643555e-06,3.7789344787597656e-05,-3.743171691894531e-05,1.4156103134155273e-05,1.8477439880371094e-05,3.330409526824951e-06,5.209818482398987e-06,-2.5525689125061035e-05,5.1388517022132874e-05,3.601238131523132e-05,2.4959444999694824e-07,-1.6391277313232422e-07,6.839632987976074e-06,-3.1739473342895508e-06,-8.52346420288086e-06,2.8014183044433594e-06,5.245208740234375e-06,1.2069940567016602e-05,-3.4749507904052734e-05,-1.519918441772461e-05,-1.341104507446289e-06,-2.086162567138672e-07,-3.0994415283203125e-06,2.1755695343017578e-05,9.626150131225586e-06]","[0.12042690813541412,-0.31736087799072266,1.0273019075393677]","[0.006549576297402382,0.006759018171578646,-0.6798560619354248,0.7332850694656372]","[0.003551966045051813,-0.0004112259193789214,-0.016535619273781776]","[-0.19262780249118805,0.7034100294113159,-0.07209153473377228]","[-0.1599999964237213,-0.30000001192092896,0.7400000095367432]","[0.7070000171661377,0.7070000171661377,0.0,0.0]","[-0.04902181029319763,-0.19218438863754272,1.1109938621520996]","[0.14716431498527527,0.7014663815498352,0.6965465545654297,-0.03332467004656792]","[""right_finger2_link3"",""right_finger2_link4"",""right_finger3_link3"",""right_finger3_link4"",""right_finger4_link3"",""right_finger4_link4""]","[[0.0023529683239758015,-0.23972968757152557,0.9864907264709473],[0.004622740671038628,-0.23984789848327637,0.9570783972740173],[-0.026665592566132545,-0.24467052519321442,0.9860386252403259],[-0.02578246220946312,-0.24485096335411072,0.9565523862838745],[-0.05308039113879204,-0.23994231224060059,0.9865190386772156],[-0.05448392778635025,-0.23964102566242218,0.9570540189743042]]","[0.0,0.0,0.0,0.0,0.0,0.0]","[[0.0,0.0,0.0],[0.0,0.0,0.0],[0.0,0.0,0.0],[0.0,0.0,0.0],[0.0,0.0,0.0],[0.0,0.0,0.0]]",0.0,"[0.0,0.0,0.0]",0.0,"[0.0,0.0,0.0]",[],[],False,False,False,False,False,[],0.008538740186481597,0.02031239525148859,4.462716086932338,0.04112941624932414,4.462716086932338,0.0,0.0,0,0,0,True,FRAME_JUMP,True
7,correction_1,FAILED,"[-0.0490228533744812,-0.19218075275421143,1.1109915971755981,2.882601022720337,0.15892726182937622,-1.5430182218551636,0.03887935355305672,-0.03038855269551277,-0.034139834344387054,-0.03008951246738434,-0.032629624009132385,-0.055159423500299454,-0.14154018461704254,-0.1404961347579956,-0.14468488097190857,-0.1470944881439209,0.3691008687019348,0.365729957818985,0.3693031668663025,0.36370861530303955,0.3627587854862213,0.3633362948894501,0.37288209795951843,0.3710821270942688,0.36594220995903015,0.3711796700954437]","[-0.049019116908311844,-0.19217970967292786,1.1110317707061768,2.8825559616088867,0.15894357860088348,-1.5429998636245728,0.038880009204149246,-0.030385009944438934,-0.03416500985622406,-0.03003498911857605,-0.03258999437093735,-0.05515999346971512,-0.14153999090194702,-0.14048998057842255,-0.14468999207019806,-0.14710499346256256,0.36910131573677063,0.36573249101638794,0.36931121349334717,0.3636675179004669,0.3627399802207947,0.3633349537849426,0.3728812336921692,0.3710786998271942,0.3659687340259552,0.37119248509407043]","[-0.049019118701466774,-0.19217971644579906,1.1110317348816974,2.8825559180792415,0.1589435743175724,-1.5429998466092598,0.038880009204149246,-0.030385009944438934,-0.03416500985622406,-0.03003498911857605,-0.03258999437093735,-0.05515999346971512,-0.14153999090194702,-0.14048998057842255,-0.14468999207019806,-0.14710499346256256,0.36910131573677063,0.36573249101638794,0.36931121349334717,0.3636675179004669,0.3627399802207947,0.3633349537849426,0.3728812336921692,0.3710786998271942,0.3659687340259552,0.37119248509407043]","[3.7364661693573e-06,1.043081283569336e-06,4.017353057861328e-05,-4.506111145019531e-05,1.6316771507263184e-05,1.8358230590820312e-05,6.556510925292969e-07,3.5427510738372803e-06,-2.5175511837005615e-05,5.4523348808288574e-05,3.962963819503784e-05,-5.699694156646729e-07,1.9371509552001953e-07,6.154179573059082e-06,-5.111098289489746e-06,-1.0505318641662598e-05,4.470348358154297e-07,2.5331974029541016e-06,8.046627044677734e-06,-4.1097402572631836e-05,-1.8805265426635742e-05,-1.341104507446289e-06,-8.642673492431641e-07,-3.427267074584961e-06,2.6524066925048828e-05,1.2814998626708984e-05]","[0.12050079554319382,-0.3174400329589844,1.0263525247573853]","[0.009141179732978344,0.009016581811010838,-0.6791484355926514,0.7338885068893433]","[0.004561787471175194,-0.000748047954402864,-0.018973050639033318]","[-0.22870315611362457,0.825615644454956,-0.08562950789928436]","[-0.1599999964237213,-0.30000001192092896,0.7400000095367432]","[0.7070000171661377,0.7070000171661377,0.0,0.0]","[-0.04902271926403046,-0.19218069314956665,1.1109914779663086]","[0.14716073870658875,0.7014670968055725,0.6965466737747192,-0.03332272917032242]","[""right_finger2_link3"",""right_finger2_link4"",""right_finger3_link3"",""right_finger3_link4"",""right_finger4_link3"",""right_finger4_link4""]","[[0.0023517203517258167,-0.23972494900226593,0.9864879250526428],[0.004621385131031275,-0.23984281718730927,0.9570755958557129],[-0.026666773483157158,-0.24466587603092194,0.986035943031311],[-0.025783684104681015,-0.24484595656394958,0.9565497636795044],[-0.05308154225349426,-0.23993779718875885,0.9865163564682007],[-0.054485075175762177,-0.23963618278503418,0.9570512771606445]]","[0.0,0.0,0.0,0.0,0.0,0.0]","[[0.0,0.0,0.0],[0.0,0.0,0.0],[0.0,0.0,0.0],[0.0,0.0,0.0],[0.0,0.0,0.0],[0.0,0.0,0.0]]",0.0,"[0.0,0.0,0.0]",0.0,"[0.0,0.0,0.0]",[],[],False,False,False,False,False,[],0.00765725092545233,0.020081443403940313,4.674465890809237,0.040315467037158145,4.674465890809237,0.0,0.0,0,0,0,True,FRAME_JUMP,True
8,correction_1,FAILED,"[-0.04902361333370209,-0.19217723608016968,1.1109915971755981,2.882608413696289,0.15892590582370758,-1.543018102645874,0.038880445063114166,-0.03038722276687622,-0.03413986787199974,-0.030091729015111923,-0.0326322540640831,-0.05515926703810692,-0.14154058694839478,-0.1404956728219986,-0.144683837890625,-0.14709290862083435,0.3691023290157318,0.36573198437690735,0.3693060874938965,0.363711953163147,0.3627620041370392,0.3633362948894501,0.37288281321525574,0.37108251452445984,0.3659408390522003,0.3711766004562378]","[-0.049019116908311844,-0.19217970967292786,1.1110317707061768,2.8825559616088867,0.15894357860088348,-1.5429998636245728,0.038880009204149246,-0.030385009944438934,-0.03416500985622406,-0.03003498911857605,-0.03258999437093735,-0.05515999346971512,-0.14153999090194702,-0.14048998057842255,-0.14468999207019806,-0.14710499346256256,0.36910131573677063,0.36573249101638794,0.36931121349334717,0.3636675179004669,0.3627399802207947,0.3633349537849426,0.3728812336921692,0.3710786998271942,0.3659687340259552,0.37119248509407043]","[-0.049019118701466774,-0.19217971644579906,1.1110317348816974,2.8825559180792415,0.1589435743175724,-1.5429998466092598,0.038880009204149246,-0.030385009944438934,-0.03416500985622406,-0.03003498911857605,-0.03258999437093735,-0.05515999346971512,-0.14153999090194702,-0.14048998057842255,-0.14468999207019806,-0.14710499346256256,0.36910131573677063,0.36573249101638794,0.36931121349334717,0.3636675179004669,0.3627399802207947,0.3633349537849426,0.3728812336921692,0.3710786998271942,0.3659687340259552,0.37119248509407043]","[4.49642539024353e-06,-2.473592758178711e-06,4.017353057861328e-05,-5.245208740234375e-05,1.767277717590332e-05,1.823902130126953e-05,-4.3585896492004395e-07,2.212822437286377e-06,-2.5141984224319458e-05,5.673989653587341e-05,4.225969314575195e-05,-7.264316082000732e-07,5.960464477539062e-07,5.692243576049805e-06,-6.154179573059082e-06,-1.208484172821045e-05,-1.0132789611816406e-06,5.066394805908203e-07,5.125999450683594e-06,-4.443526268005371e-05,-2.2023916244506836e-05,-1.341104507446289e-06,-1.5795230865478516e-06,-3.814697265625e-06,2.7894973754882812e-05,1.58846378326416e-05]","[0.12057960033416748,-0.31753072142601013,1.025270938873291]","[0.012120542116463184,0.011617675423622131,-0.6783161759376526,0.7345782518386841]","[0.005160052794963121,-0.0008590747602283955,-0.021349482238292694]","[-0.2633187472820282,0.9474319219589233,-0.09761855006217957]","[-0.1599999964237213,-0.30000001192092896,0.7400000095367432]","[0.7070000171661377,0.7070000171661377,0.0,0.0]","[-0.049023475497961044,-0.1921771764755249,1.1109914779663086]","[0.14715787768363953,0.7014676928520203,0.6965467929840088,-0.03332066535949707]","[""right_finger2_link3"",""right_finger2_link4"",""right_finger3_link3"",""right_finger3_link4"",""right_finger4_link3"",""right_finger4_link4""]","[[0.0023507976438850164,-0.23972052335739136,0.9864874482154846],[0.00462039839476347,-0.23983807861804962,0.9570751786231995],[-0.02666766569018364,-0.24466148018836975,0.9860354065895081],[-0.02578459493815899,-0.24484127759933472,0.9565491676330566],[-0.0530824139714241,-0.23993350565433502,0.9865160584449768],[-0.05448594316840172,-0.23963166773319244,0.9570509791374207]]","[0.0,0.0,0.0,0.0,0.0,0.0]","[[0.0,0.0,0.0],[0.0,0.0,0.0],[0.0,0.0,0.0],[0.0,0.0,0.0],[0.0,0.0,0.0],[0.0,0.0,0.0]]",0.0,"[0.0,0.0,0.0]",0.0,"[0.0,0.0,0.0]",[],[],False,False,False,False,False,[],0.006650989415901476,0.01987351441065114,4.949703719763465,0.039397131053202736,4.949703719763465,0.0,0.0,0,0,0,True,FRAME_JUMP,True
9,correction_1,FAILED,"[-0.04902420938014984,-0.19217388331890106,1.1109915971755981,2.882615327835083,0.15892483294010162,-1.5430179834365845,0.03888094797730446,-0.03038620948791504,-0.03413988649845123,-0.030093379318714142,-0.03263423219323158,-0.055159322917461395,-0.1415410041809082,-0.1404954046010971,-0.14468303322792053,-0.14709225296974182,0.36910295486450195,0.36573320627212524,0.36930832266807556,0.36371368169784546,0.36276504397392273,0.3633362948894501,0.37288355827331543,0.3710828721523285,0.3659404218196869,0.3711734712123871]","[-0.049019116908311844,-0.19217970967292786,1.1110317707061768,2.8825559616088867,0.15894357860088348,-1.5429998636245728,0.038880009204149246,-0.030385009944438934,-0.03416500985622406,-0.03003498911857605,-0.03258999437093735,-0.05515999346971512,-0.14153999090194702,-0.14048998057842255,-0.14468999207019806,-0.14710499346256256,0.36910131573677063,0.36573249101638794,0.36931121349334717,0.3636675179004669,0.3627399802207947,0.3633349537849426,0.3728812336921692,0.3710786998271942,0.3659687340259552,0.37119248509407043]","[-0.049019118701466774,-0.19217971644579906,1.1110317348816974,2.8825559180792415,0.1589435743175724,-1.5429998466092598,0.038880009204149246,-0.030385009944438934,-0.03416500985622406,-0.03003498911857605,-0.03258999437093735,-0.05515999346971512,-0.14153999090194702,-0.14048998057842255,-0.14468999207019806,-0.14710499346256256,0.36910131573677063,0.36573249101638794,0.36931121349334717,0.3636675179004669,0.3627399802207947,0.3633349537849426,0.3728812336921692,0.3710786998271942,0.3659687340259552,0.37119248509407043]","[5.0924718379974365e-06,-5.826354026794434e-06,4.017353057861328e-05,-5.936622619628906e-05,1.874566078186035e-05,1.811981201171875e-05,-9.387731552124023e-07,1.1995434761047363e-06,-2.512335777282715e-05,5.839020013809204e-05,4.423782229423523e-05,-6.705522537231445e-07,1.0132789611816406e-06,5.424022674560547e-06,-6.9588422775268555e-06,-1.2740492820739746e-05,-1.6391277313232422e-06,-7.152557373046875e-07,2.8908252716064453e-06,-4.616379737854004e-05,-2.5063753128051758e-05,-1.341104507446289e-06,-2.3245811462402344e-06,-4.172325134277344e-06,2.8312206268310547e-05,1.901388168334961e-05]","[0.120659738779068,-0.3176336884498596,1.024059772491455]","[0.01547353994101286,0.014545933343470097,-0.6773525476455688,0.7353518605232239]","[0.005715744569897652,-0.0009546291548758745,-0.02372010052204132]","[-0.296828955411911,1.0683035850524902,-0.10991522669792175]","[-0.1599999964237213,-0.30000001192092896,0.7400000095367432]","[0.7070000171661377,0.7070000171661377,0.0,0.0]","[-0.0490240715444088,-0.1921738237142563,1.1109914779663086]","[0.1471550017595291,0.7014684081077576,0.6965467929840088,-0.03331855311989784]","[""right_finger2_link3"",""right_finger2_link4"",""right_finger3_link3"",""right_finger3_link4"",""right_finger4_link3"",""right_finger4_link4""]","[[0.0023500334937125444,-0.2397162765264511,0.9864869713783264],[0.00461958022788167,-0.23983356356620789,0.9570746421813965],[-0.02666839025914669,-0.2446572333574295,0.986035168170929],[-0.025785336270928383,-0.2448367476463318,0.9565489292144775],[-0.053083114326000214,-0.23992930352687836,0.9865156412124634],[-0.05448664724826813,-0.23962724208831787,0.957050621509552]]","[0.0,0.0,0.0,0.0,0.0,0.0]","[[0.0,0.0,0.0],[0.0,0.0,0.0],[0.0,0.0,0.0],[0.0,0.0,0.0],[0.0,0.0,0.0],[0.0,0.0,0.0]]",0.0,"[0.0,0.0,0.0]",0.0,"[0.0,0.0,0.0]",[],[],False,False,False,False,False,[],0.0055238039685490126,0.019713707904507792,5.294196181320219,0.0383814754357746,5.294196181320219,0.0,0.0,0,0,0,True,FRAME_JUMP,True
10,correction_1,FAILED,"[-0.04902470111846924,-0.19217082858085632,1.1109915971755981,2.882622718811035,0.15892378985881805,-1.543017864227295,0.03888125717639923,-0.030385486781597137,-0.03413984179496765,-0.030094662681221962,-0.03263574838638306,-0.05515936762094498,-0.14154143631458282,-0.140495166182518,-0.14468228816986084,-0.14709210395812988,0.36910325288772583,0.36573395133018494,0.3693104386329651,0.36371561884880066,0.3627678453922272,0.3633362948894501,0.37288421392440796,0.37108343839645386,0.36593928933143616,0.3711710572242737]","[-0.049019116908311844,-0.19217970967292786,1.1110317707061768,2.8825559616088867,0.15894357860088348,-1.5429998636245728,0.038880009204149246,-0.030385009944438934,-0.03416500985622406,-0.03003498911857605,-0.03258999437093735,-0.05515999346971512,-0.14153999090194702,-0.14048998057842255,-0.14468999207019806,-0.14710499346256256,0.36910131573677063,0.36573249101638794,0.36931121349334717,0.3636675179004669,0.3627399802207947,0.3633349537849426,0.3728812336921692,0.3710786998271942,0.3659687340259552,0.37119248509407043]","[-0.049019118701466774,-0.19217971644579906,1.1110317348816974,2.8825559180792415,0.1589435743175724,-1.5429998466092598,0.038880009204149246,-0.030385009944438934,-0.03416500985622406,-0.03003498911857605,-0.03258999437093735,-0.05515999346971512,-0.14153999090194702,-0.14048998057842255,-0.14468999207019806,-0.14710499346256256,0.36910131573677063,0.36573249101638794,0.36931121349334717,0.3636675179004669,0.3627399802207947,0.3633349537849426,0.3728812336921692,0.3710786998271942,0.3659687340259552,0.37119248509407043]","[5.584210157394409e-06,-8.881092071533203e-06,4.017353057861328e-05,-6.67572021484375e-05,1.9788742065429688e-05,1.800060272216797e-05,-1.2479722499847412e-06,4.76837158203125e-07,-2.516806125640869e-05,5.967356264591217e-05,4.575401544570923e-05,-6.258487701416016e-07,1.4454126358032227e-06,5.185604095458984e-06,-7.703900337219238e-06,-1.2889504432678223e-05,-1.9371509552001953e-06,-1.4603137969970703e-06,7.748603820800781e-07,-4.8100948333740234e-05,-2.7865171432495117e-05,-1.341104507446289e-06,-2.9802322387695312e-06,-4.738569259643555e-06,2.944469451904297e-05,2.142786979675293e-05]","[0.12073784321546555,-0.3177519738674164,1.0227092504501343]","[0.019207123667001724,0.01780875213444233,-0.6762722730636597,0.7361858487129211]","[0.006208520382642746,-0.001123124035075307,-0.02637995034456253]","[-0.33151906728744507,1.1891456842422485,-0.12202978879213333]","[-0.1599999964237213,-0.30000001192092896,0.7400000095367432]","[0.7070000171661377,0.7070000171661377,0.0,0.0]","[-0.049024567008018494,-0.19217076897621155,1.1109914779663086]","[0.14715203642845154,0.7014690637588501,0.6965467929840088,-0.03331634774804115]","[""right_finger2_link3"",""right_finger2_link4"",""right_finger3_link3"",""right_finger3_link4"",""right_finger4_link3"",""right_finger4_link4""]","[[0.002349365968257189,-0.23971226811408997,0.986486554145813],[0.004618862643837929,-0.23982930183410645,0.9570741653442383],[-0.02666901983320713,-0.24465325474739075,0.9860345721244812],[-0.025785980746150017,-0.24483248591423035,0.9565483331680298],[-0.05308373272418976,-0.23992539942264557,0.9865154027938843],[-0.05448726937174797,-0.23962312936782837,0.9570503830909729]]","[0.0,0.0,0.0,0.0,0.0,0.0]","[[0.0,0.0,0.0],[0.0,0.0,0.0],[0.0,0.0,0.0],[0.0,0.0,0.0],[0.0,0.0,0.0],[0.0,0.0,0.0]]",0.0,"[0.0,0.0,0.0]",0.0,"[0.0,0.0,0.0]",[],[],False,False,False,False,False,[],0.004270816338324268,0.01963057805228924,5.709993091291238,0.03726708533639957,5.709993091291238,0.0,0.0,0,0,0,True,FRAME_JUMP,True
11,correction_1,FAILED,"[-0.04902512580156326,-0.19216789305210114,1.1109915971755981,2.882629871368408,0.15892274677753448,-1.5430177450180054,0.03888142853975296,-0.030384931713342667,-0.03413978964090347,-0.030095690861344337,-0.032636940479278564,-0.055159445852041245,-0.14154185354709625,-0.14049504697322845,-0.14468157291412354,-0.14709173142910004,0.36910349130630493,0.3657342791557312,0.36931222677230835,0.363717257976532,0.36277058720588684,0.3633362948894501,0.3728848695755005,0.37108391523361206,0.36593884229660034,0.3711697459220886]","[-0.049019116908311844,-0.19217970967292786,1.1110317707061768,2.8825559616088867,0.15894357860088348,-1.5429998636245728,0.038880009204149246,-0.030385009944438934,-0.03416500985622406,-0.03003498911857605,-0.03258999437093735,-0.05515999346971512,-0.14153999090194702,-0.14048998057842255,-0.14468999207019806,-0.14710499346256256,0.36910131573677063,0.36573249101638794,0.36931121349334717,0.3636675179004669,0.3627399802207947,0.3633349537849426,0.3728812336921692,0.3710786998271942,0.3659687340259552,0.37119248509407043]","[-0.049019118701466774,-0.19217971644579906,1.1110317348816974,2.8825559180792415,0.1589435743175724,-1.5429998466092598,0.038880009204149246,-0.030385009944438934,-0.03416500985622406,-0.03003498911857605,-0.03258999437093735,-0.05515999346971512,-0.14153999090194702,-0.14048998057842255,-0.14468999207019806,-0.14710499346256256,0.36910131573677063,0.36573249101638794,0.36931121349334717,0.3636675179004669,0.3627399802207947,0.3633349537849426,0.3728812336921692,0.3710786998271942,0.3659687340259552,0.37119248509407043]","[6.008893251419067e-06,-1.1816620826721191e-05,4.017353057861328e-05,-7.390975952148438e-05,2.0831823348999023e-05,1.7881393432617188e-05,-1.4193356037139893e-06,-7.82310962677002e-08,-2.5220215320587158e-05,6.070174276828766e-05,4.694610834121704e-05,-5.476176738739014e-07,1.862645149230957e-06,5.066394805908203e-06,-8.419156074523926e-06,-1.3262033462524414e-05,-2.175569534301758e-06,-1.7881393432617188e-06,-1.0132789611816406e-06,-4.9740076065063477e-05,-3.0606985092163086e-05,-1.341104507446289e-06,-3.635883331298828e-06,-5.21540641784668e-06,2.98917293548584e-05,2.2739171981811523e-05]","[0.12081004679203033,-0.31788522005081177,1.0212236642837524]","[0.023328114300966263,0.021411947906017303,-0.675055205821991,0.7370873689651489]","[0.0066510639153420925,-0.0012169608380645514,-0.028793815523386]","[-0.3658384680747986,1.31020188331604,-0.1340780407190323]","[-0.1599999964237213,-0.30000001192092896,0.7400000095367432]","[0.7070000171661377,0.7070000171661377,0.0,0.0]","[-0.04902498796582222,-0.19216783344745636,1.1109914779663086]","[0.14714910089969635,0.7014696598052979,0.6965469121932983,-0.03331426531076431]","[""right_finger2_link3"",""right_finger2_link4"",""right_finger3_link3"",""right_finger3_link4"",""right_finger4_link3"",""right_finger4_link4""]","[[0.0023487715516239405,-0.23970846831798553,0.9864861369132996],[0.004618220962584019,-0.2398252636194229,0.9570738077163696],[-0.026669589802622795,-0.24464945495128632,0.9860341548919678],[-0.02578658238053322,-0.24482841789722443,0.9565479159355164],[-0.05308428406715393,-0.23992161452770233,0.9865149855613708],[-0.05448782816529274,-0.23961907625198364,0.9570499658584595]]","[0.0,0.0,0.0,0.0,0.0,0.0]","[[0.0,0.0,0.0],[0.0,0.0,0.0],[0.0,0.0,0.0],[0.0,0.0,0.0],[0.0,0.0,0.0],[0.0,0.0,0.0]]",0.0,"[0.0,0.0,0.0]",0.0,"[0.0,0.0,0.0]",[],[],False,False,False,False,False,[],0.002894782416216879,0.019655175374758627,6.202279829355724,0.036064758474625556,6.202279829355724,0.0,0.0,0,0,0,True,FRAME_JUMP,True
12,correction_1,FAILED,"[-0.04902306944131851,-0.19216389954090118,1.1109915971755981,2.882638692855835,0.1589258313179016,-1.5430184602737427,0.03888203203678131,-0.03038567677140236,-0.034136585891246796,-0.030106453225016594,-0.03264671191573143,-0.05515871196985245,-0.14154213666915894,-0.14048925042152405,-0.14468476176261902,-0.14709344506263733,0.3691057860851288,0.3657339811325073,0.3693107068538666,0.3637247681617737,0.36277636885643005,0.3633362948894501,0.37288567423820496,0.37108364701271057,0.3659341037273407,0.3711661398410797]","[-0.049019116908311844,-0.19217970967292786,1.1110317707061768,2.8825559616088867,0.15894357860088348,-1.5429998636245728,0.038880009204149246,-0.030385009944438934,-0.03416500985622406,-0.03003498911857605,-0.03258999437093735,-0.05515999346971512,-0.14153999090194702,-0.14048998057842255,-0.14468999207019806,-0.14710499346256256,0.36910131573677063,0.36573249101638794,0.36931121349334717,0.3636675179004669,0.3627399802207947,0.3633349537849426,0.3728812336921692,0.3710786998271942,0.3659687340259552,0.37119248509407043]","[-0.049019118701466774,-0.19217971644579906,1.1110317348816974,2.8825559180792415,0.1589435743175724,-1.5429998466092598,0.038880009204149246,-0.030385009944438934,-0.03416500985622406,-0.03003498911857605,-0.03258999437093735,-0.05515999346971512,-0.14153999090194702,-0.14048998057842255,-0.14468999207019806,-0.14710499346256256,0.36910131573677063,0.36573249101638794,0.36931121349334717,0.3636675179004669,0.3627399802207947,0.3633349537849426,0.3728812336921692,0.3710786998271942,0.3659687340259552,0.37119248509407043]","[3.952533006668091e-06,-1.5810132026672363e-05,4.017353057861328e-05,-8.273124694824219e-05,1.774728298187256e-05,1.8596649169921875e-05,-2.0228326320648193e-06,6.668269634246826e-07,-2.8423964977264404e-05,7.146410644054413e-05,5.671754479408264e-05,-1.2814998626708984e-06,2.1457672119140625e-06,-7.301568984985352e-07,-5.230307579040527e-06,-1.1548399925231934e-05,-4.470348358154297e-06,-1.4901161193847656e-06,5.066394805908203e-07,-5.7250261306762695e-05,-3.6388635635375977e-05,-1.341104507446289e-06,-4.4405460357666016e-06,-4.947185516357422e-06,3.463029861450195e-05,2.6345252990722656e-05]","[0.12093149125576019,-0.3179270625114441,1.0202641487121582]","[0.026175832375884056,0.023974817246198654,-0.6741214990615845,0.7377671003341675]","[-1.6286609024973586e-05,0.003056523622944951,0.0029497852083295584]","[-0.020138049498200417,0.012195256538689137,-0.017624475061893463]","[-0.1599999964237213,-0.30000001192092896,0.7400000095367432]","[0.7070000171661377,0.7070000171661377,0.0,0.0]","[-0.04902293160557747,-0.1921638399362564,1.1109914779663086]","[0.14714723825454712,0.7014697790145874,0.6965473890304565,-0.03331013023853302]","[""right_finger2_link3"",""right_finger2_link4"",""right_finger3_link3"",""right_finger3_link4"",""right_finger4_link3"",""right_finger4_link4""]","[[0.002351275645196438,-0.23970337212085724,0.9864859580993652],[0.004620812367647886,-0.2398199588060379,0.9570736289024353],[-0.026666827499866486,-0.24464422464370728,0.9860338568687439],[-0.02578357793390751,-0.2448229193687439,0.9565476775169373],[-0.0530819445848465,-0.23991702497005463,0.9865147471427917],[-0.05448548123240471,-0.239614337682724,0.9570497274398804]]","[0.0,0.0,0.0,0.0,0.0,0.0]","[[0.0,0.0,0.0],[0.0,0.0,0.0],[0.0,0.0,0.0],[0.0,0.0,0.0],[0.0,0.0,0.0],[0.0,0.0,0.0]]",0.0,"[0.0,0.0,0.0]",0.0,"[0.0,0.0,0.0]",[],[],False,False,False,False,False,[],0.002001233725377638,0.01966384974792986,6.571754789405676,0.035262401186448786,6.571754789405676,0.0,0.0,0,0,0,True,FRAME_JUMP,True
13,correction_1,FAILED,"[-0.04902051016688347,-0.1921597123146057,1.1109915971755981,2.8826446533203125,0.15892817080020905,-1.5430183410644531,0.03888178616762161,-0.030384240671992302,-0.034137919545173645,-0.03010251373052597,-0.03264453262090683,-0.05515943467617035,-0.14154139161109924,-0.14049132168293,-0.1446838229894638,-0.14709427952766418,0.3691037595272064,0.3657348155975342,0.3693138659000397,0.3637249171733856,0.3627791106700897,0.3633362948894501,0.37288618087768555,0.37108346819877625,0.3659340739250183,0.3711642324924469]","[-0.049019116908311844,-0.19217970967292786,1.1110317707061768,2.8825559616088867,0.15894357860088348,-1.5429998636245728,0.038880009204149246,-0.030385009944438934,-0.03416500985622406,-0.03003498911857605,-0.03258999437093735,-0.05515999346971512,-0.14153999090194702,-0.14048998057842255,-0.14468999207019806,-0.14710499346256256,0.36910131573677063,0.36573249101638794,0.36931121349334717,0.3636675179004669,0.3627399802207947,0.3633349537849426,0.3728812336921692,0.3710786998271942,0.3659687340259552,0.37119248509407043]","[-0.049019118701466774,-0.19217971644579906,1.1110317348816974,2.8825559180792415,0.1589435743175724,-1.5429998466092598,0.038880009204149246,-0.030385009944438934,-0.03416500985622406,-0.03003498911857605,-0.03258999437093735,-0.05515999346971512,-0.14153999090194702,-0.14048998057842255,-0.14468999207019806,-0.14710499346256256,0.36910131573677063,0.36573249101638794,0.36931121349334717,0.3636675179004669,0.3627399802207947,0.3633349537849426,0.3728812336921692,0.3710786998271942,0.3659687340259552,0.37119248509407043]","[1.3932585716247559e-06,-1.9997358322143555e-05,4.017353057861328e-05,-8.869171142578125e-05,1.5407800674438477e-05,1.8477439880371094e-05,-1.776963472366333e-06,-7.692724466323853e-07,-2.709031105041504e-05,6.752461194992065e-05,5.453824996948242e-05,-5.587935447692871e-07,1.4007091522216797e-06,1.341104507446289e-06,-6.16908073425293e-06,-1.0713934898376465e-05,-2.4437904357910156e-06,-2.3245811462402344e-06,-2.652406692504883e-06,-5.739927291870117e-05,-3.9130449295043945e-05,-1.341104507446289e-06,-4.947185516357422e-06,-4.76837158203125e-06,3.466010093688965e-05,2.8252601623535156e-05]","[0.120931476354599,-0.31792736053466797,1.0202556848526]","[0.02618028037250042,0.02397930435836315,-0.6741148233413696,0.7377728223800659]","[-5.7328281400259584e-05,1.9164042896591127e-05,-0.00014523451682180166]","[0.0007731314981356263,-0.0006311595789156854,-0.00013453273277264088]","[-0.1599999964237213,-0.30000001192092896,0.7400000095367432]","[0.7070000171661377,0.7070000171661377,0.0,0.0]","[-0.049020372331142426,-0.19215965270996094,1.1109914779663086]","[0.14714592695236206,0.7014701962471008,0.6965473294258118,-0.033307190984487534]","[""right_finger2_link3"",""right_finger2_link4"",""right_finger3_link3"",""right_finger3_link4"",""right_finger4_link3"",""right_finger4_link4""]","[[0.0023541548289358616,-0.23969833552837372,0.9864856600761414],[0.00462376419454813,-0.23981468379497528,0.9570733308792114],[-0.02666405774652958,-0.2446393519639969,0.9860336184501648],[-0.02578078955411911,-0.2448177933692932,0.9565473794937134],[-0.053079038858413696,-0.23991192877292633,0.9865145087242126],[-0.05448247864842415,-0.23960895836353302,0.9570494890213013]]","[0.0,0.0,0.0,0.0,0.0,0.0]","[[0.0,0.0,0.0],[0.0,0.0,0.0],[0.0,0.0,0.0],[0.0,0.0,0.0],[0.0,0.0,0.0],[0.0,0.0,0.0]]",0.0,"[0.0,0.0,0.0]",0.0,"[0.0,0.0,0.0]",[],[],False,False,False,False,False,[],0.0019919297125645663,0.01966444633873873,6.572993786189327,0.035255532456063575,6.572993786189327,0.0,0.0,0,0,0,True,FRAME_JUMP,True
14,correction_1,FAILED,"[-0.049020327627658844,-0.1921578049659729,1.1109915971755981,2.88265061378479,0.15892775356769562,-1.5430183410644531,0.038881611078977585,-0.030383741483092308,-0.03413870185613632,-0.030100533738732338,-0.03264310956001282,-0.055159639567136765,-0.1415414959192276,-0.14049191772937775,-0.14468340575695038,-0.14709392189979553,0.36910274624824524,0.3657348155975342,0.369314581155777,0.3637250065803528,0.3627806007862091,0.3633362948894501,0.37288668751716614,0.3710837960243225,0.3659340441226959,0.3711656332015991]","[-0.049019116908311844,-0.19217970967292786,1.1110317707061768,2.8825559616088867,0.15894357860088348,-1.5429998636245728,0.038880009204149246,-0.030385009944438934,-0.03416500985622406,-0.03003498911857605,-0.03258999437093735,-0.05515999346971512,-0.14153999090194702,-0.14048998057842255,-0.14468999207019806,-0.14710499346256256,0.36910131573677063,0.36573249101638794,0.36931121349334717,0.3636675179004669,0.3627399802207947,0.3633349537849426,0.3728812336921692,0.3710786998271942,0.3659687340259552,0.37119248509407043]","[-0.049019118701466774,-0.19217971644579906,1.1110317348816974,2.8825559180792415,0.1589435743175724,-1.5429998466092598,0.038880009204149246,-0.030385009944438934,-0.03416500985622406,-0.03003498911857605,-0.03258999437093735,-0.05515999346971512,-0.14153999090194702,-0.14048998057842255,-0.14468999207019806,-0.14710499346256256,0.36910131573677063,0.36573249101638794,0.36931121349334717,0.3636675179004669,0.3627399802207947,0.3633349537849426,0.3728812336921692,0.3710786998271942,0.3659687340259552,0.37119248509407043]","[1.210719347000122e-06,-2.1904706954956055e-05,4.017353057861328e-05,-9.465217590332031e-05,1.582503318786621e-05,1.8477439880371094e-05,-1.601874828338623e-06,-1.2684613466262817e-06,-2.6308000087738037e-05,6.554462015628815e-05,5.311518907546997e-05,-3.5390257835388184e-07,1.5050172805786133e-06,1.9371509552001953e-06,-6.586313247680664e-06,-1.1071562767028809e-05,-1.430511474609375e-06,-2.3245811462402344e-06,-3.3676624298095703e-06,-5.748867988586426e-05,-4.062056541442871e-05,-1.341104507446289e-06,-5.453824996948242e-06,-5.0961971282958984e-06,3.4689903259277344e-05,2.6851892471313477e-05]","[0.1209302619099617,-0.31792929768562317,1.020246148109436]","[0.026167143136262894,0.023968135938048363,-0.6741300821304321,0.7377596497535706]","[-3.176780592184514e-05,3.186640969943255e-05,7.446701056323946e-05]","[-0.0004688162007369101,0.00034195597982034087,-0.00017005731933750212]","[-0.1599999964237213,-0.30000001192092896,0.7400000095367432]","[0.7070000171661377,0.7070000171661377,0.0,0.0]","[-0.0490201897919178,-0.19215774536132812,1.1109914779663086]","[0.14714372158050537,0.7014705538749695,0.6965475082397461,-0.033305250108242035]","[""right_finger2_link3"",""right_finger2_link4"",""right_finger3_link3"",""right_finger3_link4"",""right_finger4_link3"",""right_finger4_link4""]","[[0.002354289637878537,-0.23969565331935883,0.986485481262207],[0.004623883403837681,-0.23981179296970367,0.9570731520652771],[-0.02666393853724003,-0.24463669955730438,0.9860333204269409],[-0.025780702009797096,-0.24481497704982758,0.9565470814704895],[-0.05307888612151146,-0.23990918695926666,0.9865143299102783],[-0.05448232218623161,-0.23960596323013306,0.9570493102073669]]","[0.0,0.0,0.0,0.0,0.0,0.0]","[[0.0,0.0,0.0],[0.0,0.0,0.0],[0.0,0.0,0.0],[0.0,0.0,0.0],[0.0,0.0,0.0],[0.0,0.0,0.0]]",0.0,"[0.0,0.0,0.0]",0.0,"[0.0,0.0,0.0]",[],[],False,False,False,False,False,[],0.0019841706173180373,0.019667037918878354,6.569957444821229,0.03524886232013981,6.569957444821229,0.0,0.0,0,0,0,True,FRAME_JUMP,True
15,correction_1,FAILED,"[-0.049020711332559586,-0.1921566128730774,1.1109915971755981,2.882657289505005,0.15892712771892548,-1.5430183410644531,0.03888161852955818,-0.030383596196770668,-0.03413933888077736,-0.03009897843003273,-0.03264183923602104,-0.055159684270620346,-0.14154182374477386,-0.14049170911312103,-0.14468306303024292,-0.14709384739398956,0.3691028952598572,0.3657349944114685,0.3693142235279083,0.36372488737106323,0.3627781867980957,0.3633362948894501,0.37288719415664673,0.37108442187309265,0.36593419313430786,0.3711670935153961]","[-0.049019116908311844,-0.19217970967292786,1.1110317707061768,2.8825559616088867,0.15894357860088348,-1.5429998636245728,0.038880009204149246,-0.030385009944438934,-0.03416500985622406,-0.03003498911857605,-0.03258999437093735,-0.05515999346971512,-0.14153999090194702,-0.14048998057842255,-0.14468999207019806,-0.14710499346256256,0.36910131573677063,0.36573249101638794,0.36931121349334717,0.3636675179004669,0.3627399802207947,0.3633349537849426,0.3728812336921692,0.3710786998271942,0.3659687340259552,0.37119248509407043]","[-0.049019118701466774,-0.19217971644579906,1.1110317348816974,2.8825559180792415,0.1589435743175724,-1.5429998466092598,0.038880009204149246,-0.030385009944438934,-0.03416500985622406,-0.03003498911857605,-0.03258999437093735,-0.05515999346971512,-0.14153999090194702,-0.14048998057842255,-0.14468999207019806,-0.14710499346256256,0.36910131573677063,0.36573249101638794,0.36931121349334717,0.3636675179004669,0.3627399802207947,0.3633349537849426,0.3728812336921692,0.3710786998271942,0.3659687340259552,0.37119248509407043]","[1.5944242477416992e-06,-2.3096799850463867e-05,4.017353057861328e-05,-0.00010132789611816406,1.6450881958007812e-05,1.8477439880371094e-05,-1.6093254089355469e-06,-1.4137476682662964e-06,-2.567097544670105e-05,6.39893114566803e-05,5.184486508369446e-05,-3.0919909477233887e-07,1.8328428268432617e-06,1.7285346984863281e-06,-6.92903995513916e-06,-1.1146068572998047e-05,-1.5795230865478516e-06,-2.5033950805664062e-06,-3.0100345611572266e-06,-5.7369470596313477e-05,-3.820657730102539e-05,-1.341104507446289e-06,-5.9604644775390625e-06,-5.7220458984375e-06,3.454089164733887e-05,2.5391578674316406e-05]","[0.12092911452054977,-0.3179306983947754,1.020240306854248]","[0.026158075779676437,0.023959456011652946,-0.6741411089897156,0.7377502918243408]","[5.151994992047548e-05,4.774343324243091e-05,0.00018081942107528448]","[-0.0010629307944327593,0.0008624707697890699,9.387804311700165e-05]","[-0.1599999964237213,-0.30000001192092896,0.7400000095367432]","[0.7070000171661377,0.7070000171661377,0.0,0.0]","[-0.04902057722210884,-0.19215655326843262,1.1109914779663086]","[0.14714103937149048,0.701471209526062,0.6965475678443909,-0.03330317884683609]","[""right_finger2_link3"",""right_finger2_link4"",""right_finger3_link3"",""right_finger3_link4"",""right_finger4_link3"",""right_finger4_link4""]","[[0.0023537667002528906,-0.23969364166259766,0.9864851236343384],[0.004623324144631624,-0.2398095726966858,0.9570727944374084],[-0.02666443958878517,-0.2446347028017044,0.9860329627990723],[-0.025781214237213135,-0.24481280148029327,0.9565467238426208],[-0.053079359233379364,-0.23990708589553833,0.9865137934684753],[-0.054482802748680115,-0.23960363864898682,0.9570487141609192]]","[0.0,0.0,0.0,0.0,0.0,0.0]","[[0.0,0.0,0.0],[0.0,0.0,0.0],[0.0,0.0,0.0],[0.0,0.0,0.0],[0.0,0.0,0.0],[0.0,0.0,0.0]]",0.0,"[0.0,0.0,0.0]",0.0,"[0.0,0.0,0.0]",[],[],False,False,False,False,False,[],0.0019795855412612084,0.019668967627780715,6.567765847134363,0.03524496739384191,6.567765847134363,0.0,0.0,0,0,0,True,FRAME_JUMP,True
16,correction_1,FAILED,"[-0.049021076411008835,-0.19215568900108337,1.1109915971755981,2.8826637268066406,0.158926323056221,-1.5430183410644531,0.038881659507751465,-0.030383547767996788,-0.034139905124902725,-0.030097829177975655,-0.03264086693525314,-0.05515970289707184,-0.14154207706451416,-0.14049175381660461,-0.14468266069889069,-0.14709381759166718,0.36910295486450195,0.36573436856269836,0.3693137764930725,0.3637244403362274,0.36277756094932556,0.3633362948894501,0.3728874921798706,0.37108495831489563,0.365934282541275,0.3711683750152588]","[-0.049019116908311844,-0.19217970967292786,1.1110317707061768,2.8825559616088867,0.15894357860088348,-1.5429998636245728,0.038880009204149246,-0.030385009944438934,-0.03416500985622406,-0.03003498911857605,-0.03258999437093735,-0.05515999346971512,-0.14153999090194702,-0.14048998057842255,-0.14468999207019806,-0.14710499346256256,0.36910131573677063,0.36573249101638794,0.36931121349334717,0.3636675179004669,0.3627399802207947,0.3633349537849426,0.3728812336921692,0.3710786998271942,0.3659687340259552,0.37119248509407043]","[-0.049019118701466774,-0.19217971644579906,1.1110317348816974,2.8825559180792415,0.1589435743175724,-1.5429998466092598,0.038880009204149246,-0.030385009944438934,-0.03416500985622406,-0.03003498911857605,-0.03258999437093735,-0.05515999346971512,-0.14153999090194702,-0.14048998057842255,-0.14468999207019806,-0.14710499346256256,0.36910131573677063,0.36573249101638794,0.36931121349334717,0.3636675179004669,0.3627399802207947,0.3633349537849426,0.3728812336921692,0.3710786998271942,0.3659687340259552,0.37119248509407043]","[1.959502696990967e-06,-2.4020671844482422e-05,4.017353057861328e-05,-0.00010776519775390625,1.7255544662475586e-05,1.8477439880371094e-05,-1.650303602218628e-06,-1.4621764421463013e-06,-2.510473132133484e-05,6.28400593996048e-05,5.08725643157959e-05,-2.905726432800293e-07,2.086162567138672e-06,1.773238182067871e-06,-7.331371307373047e-06,-1.1175870895385742e-05,-1.6391277313232422e-06,-1.8775463104248047e-06,-2.562999725341797e-06,-5.692243576049805e-05,-3.758072853088379e-05,-1.341104507446289e-06,-6.258487701416016e-06,-6.258487701416016e-06,3.445148468017578e-05,2.4110078811645508e-05]","[0.12092798948287964,-0.3179320693016052,1.0202351808547974]","[0.026149213314056396,0.0239507295191288,-0.6741518378257751,0.7377411127090454]","[2.609230978123378e-05,6.256821507122368e-05,0.00023625107132829726]","[-0.0013824161142110825,0.0010725492611527443,-4.733307650894858e-05]","[-0.1599999964237213,-0.30000001192092896,0.7400000095367432]","[0.7070000171661377,0.7070000171661377,0.0,0.0]","[-0.04902093857526779,-0.1921556293964386,1.1109914779663086]","[0.1471385806798935,0.7014716863632202,0.6965476870536804,-0.0333012230694294]","[""right_finger2_link3"",""right_finger2_link4"",""right_finger3_link3"",""right_finger3_link4"",""right_finger4_link3"",""right_finger4_link4""]","[[0.0023532926570624113,-0.23969194293022156,0.9864848256111145],[0.004622821696102619,-0.23980771005153656,0.9570724964141846],[-0.026664895936846733,-0.2446330189704895,0.9860325455665588],[-0.02578168921172619,-0.24481095373630524,0.9565463066101074],[-0.053079791367053986,-0.23990534245967865,0.9865134954452515],[-0.05448324978351593,-0.23960168659687042,0.9570484161376953]]","[0.0,0.0,0.0,0.0,0.0,0.0]","[[0.0,0.0,0.0],[0.0,0.0,0.0],[0.0,0.0,0.0],[0.0,0.0,0.0],[0.0,0.0,0.0],[0.0,0.0,0.0]]",0.0,"[0.0,0.0,0.0]",0.0,"[0.0,0.0,0.0]",[],[],False,False,False,False,False,[],0.0019756740863127176,0.019670836122558294,6.565613568917906,0.03524164685203853,6.565613568917906,0.0,0.0,0,0,0,True,FRAME_JUMP,True
17,correction_1,FAILED,"[-0.04902113601565361,-0.19215485453605652,1.1109915971755981,2.882669687271118,0.15892569720745087,-1.5430183410644531,0.03888162225484848,-0.030383553355932236,-0.034140296280384064,-0.03009709343314171,-0.03264028578996658,-0.05515967682003975,-0.1415417343378067,-0.1404917985200882,-0.14468252658843994,-0.14709371328353882,0.36910271644592285,0.365734338760376,0.3693135976791382,0.36372432112693787,0.36277803778648376,0.3633362948894501,0.3728879988193512,0.37108564376831055,0.3659344017505646,0.3711696267127991]","[-0.049019116908311844,-0.19217970967292786,1.1110317707061768,2.8825559616088867,0.15894357860088348,-1.5429998636245728,0.038880009204149246,-0.030385009944438934,-0.03416500985622406,-0.03003498911857605,-0.03258999437093735,-0.05515999346971512,-0.14153999090194702,-0.14048998057842255,-0.14468999207019806,-0.14710499346256256,0.36910131573677063,0.36573249101638794,0.36931121349334717,0.3636675179004669,0.3627399802207947,0.3633349537849426,0.3728812336921692,0.3710786998271942,0.3659687340259552,0.37119248509407043]","[-0.049019118701466774,-0.19217971644579906,1.1110317348816974,2.8825559180792415,0.1589435743175724,-1.5429998466092598,0.038880009204149246,-0.030385009944438934,-0.03416500985622406,-0.03003498911857605,-0.03258999437093735,-0.05515999346971512,-0.14153999090194702,-0.14048998057842255,-0.14468999207019806,-0.14710499346256256,0.36910131573677063,0.36573249101638794,0.36931121349334717,0.3636675179004669,0.3627399802207947,0.3633349537849426,0.3728812336921692,0.3710786998271942,0.3659687340259552,0.37119248509407043]","[2.0191073417663574e-06,-2.485513687133789e-05,4.017353057861328e-05,-0.00011372566223144531,1.7881393432617188e-05,1.8477439880371094e-05,-1.6130506992340088e-06,-1.4565885066986084e-06,-2.4713575839996338e-05,6.210431456565857e-05,5.029141902923584e-05,-3.166496753692627e-07,1.7434358596801758e-06,1.817941665649414e-06,-7.465481758117676e-06,-1.1280179023742676e-05,-1.4007091522216797e-06,-1.8477439880371094e-06,-2.384185791015625e-06,-5.6803226470947266e-05,-3.8057565689086914e-05,-1.341104507446289e-06,-6.765127182006836e-06,-6.943941116333008e-06,3.4332275390625e-05,2.2858381271362305e-05]","[0.12092813104391098,-0.3179333508014679,1.0202234983444214]","[0.026164403185248375,0.023964224383234978,-0.6741530299186707,0.7377390265464783]","[2.497982313798275e-05,4.5278091420186684e-05,0.0002643754705786705]","[-0.0015206967946141958,0.0012222320074215531,-6.861439032945782e-05]","[-0.1599999964237213,-0.30000001192092896,0.7400000095367432]","[0.7070000171661377,0.7070000171661377,0.0,0.0]","[-0.04902099817991257,-0.19215479493141174,1.1109915971755981]","[0.14713625609874725,0.7014722228050232,0.6965477466583252,-0.03329939767718315]","[""right_finger2_link3"",""right_finger2_link4"",""right_finger3_link3"",""right_finger3_link4"",""right_finger4_link3"",""right_finger4_link4""]","[[0.002353149699047208,-0.239690363407135,0.9864844083786011],[0.004622669890522957,-0.23980595171451569,0.9570720791816711],[-0.02666504494845867,-0.24463146924972534,0.9860323667526245],[-0.025781860575079918,-0.24480924010276794,0.9565461277961731],[-0.05307992547750473,-0.23990373313426971,0.9865133166313171],[-0.05448338761925697,-0.23959986865520477,0.9570482969284058]]","[0.0,0.0,0.0,0.0,0.0,0.0]","[[0.0,0.0,0.0],[0.0,0.0,0.0],[0.0,0.0,0.0],[0.0,0.0,0.0],[0.0,0.0,0.0],[0.0,0.0,0.0]]",0.0,"[0.0,0.0,0.0]",0.0,"[0.0,0.0,0.0]",[],[],False,False,False,False,False,[],0.0019655017833798416,0.01967243763146473,6.566849038580189,0.03523259472171421,6.566849038580189,0.0,0.0,0,0,0,True,FRAME_JUMP,True
18,correction_1,FAILED,"[-0.04902151972055435,-0.1921541541814804,1.1109915971755981,2.882676124572754,0.1589251011610031,-1.5430183410644531,0.038881566375494,-0.030383581295609474,-0.034140653908252716,-0.030096372589468956,-0.032639626413583755,-0.05515966936945915,-0.141541987657547,-0.1404915302991867,-0.1446821689605713,-0.14709357917308807,0.36910274624824524,0.36573418974876404,0.36931362748146057,0.3637241721153259,0.3627764582633972,0.3633362948894501,0.372888445854187,0.3710862398147583,0.3659345209598541,0.37117093801498413]","[-0.049019116908311844,-0.19217970967292786,1.1110317707061768,2.8825559616088867,0.15894357860088348,-1.5429998636245728,0.038880009204149246,-0.030385009944438934,-0.03416500985622406,-0.03003498911857605,-0.03258999437093735,-0.05515999346971512,-0.14153999090194702,-0.14048998057842255,-0.14468999207019806,-0.14710499346256256,0.36910131573677063,0.36573249101638794,0.36931121349334717,0.3636675179004669,0.3627399802207947,0.3633349537849426,0.3728812336921692,0.3710786998271942,0.3659687340259552,0.37119248509407043]","[-0.049019118701466774,-0.19217971644579906,1.1110317348816974,2.8825559180792415,0.1589435743175724,-1.5429998466092598,0.038880009204149246,-0.030385009944438934,-0.03416500985622406,-0.03003498911857605,-0.03258999437093735,-0.05515999346971512,-0.14153999090194702,-0.14048998057842255,-0.14468999207019806,-0.14710499346256256,0.36910131573677063,0.36573249101638794,0.36931121349334717,0.3636675179004669,0.3627399802207947,0.3633349537849426,0.3728812336921692,0.3710786998271942,0.3659687340259552,0.37119248509407043]","[2.4028122425079346e-06,-2.555549144744873e-05,4.017353057861328e-05,-0.0001201629638671875,1.8477439880371094e-05,1.8477439880371094e-05,-1.55717134475708e-06,-1.428648829460144e-06,-2.4355947971343994e-05,6.138347089290619e-05,4.963204264640808e-05,-3.241002559661865e-07,1.996755599975586e-06,1.5497207641601562e-06,-7.82310962677002e-06,-1.1414289474487305e-05,-1.430511474609375e-06,-1.6987323760986328e-06,-2.4139881134033203e-06,-5.665421485900879e-05,-3.647804260253906e-05,-1.341104507446289e-06,-7.212162017822266e-06,-7.539987564086914e-06,3.421306610107422e-05,2.154707908630371e-05]","[0.12092727422714233,-0.3179342746734619,1.020220160484314]","[0.026157373562455177,0.023957258090376854,-0.674161434173584,0.7377317547798157]","[6.078536171116866e-05,5.691000842489302e-05,0.00029648072086274624]","[-0.0017074111383408308,0.0013263990404084325,3.966989243053831e-05]","[-0.1599999964237213,-0.30000001192092896,0.7400000095367432]","[0.7070000171661377,0.7070000171661377,0.0,0.0]","[-0.04902138188481331,-0.19215409457683563,1.1109914779663086]","[0.14713385701179504,0.7014727592468262,0.69654780626297,-0.03329731523990631]","[""right_finger2_link3"",""right_finger2_link4"",""right_finger3_link3"",""right_finger3_link4"",""right_finger4_link3"",""right_finger4_link4""]","[[0.0023526987060904503,-0.23968887329101562,0.9864839911460876],[0.004622199106961489,-0.23980428278446198,0.9570716023445129],[-0.02666548825800419,-0.24462997913360596,0.9860319495201111],[-0.02578231506049633,-0.24480758607387543,0.9565457105636597],[-0.053080350160598755,-0.23990218341350555,0.9865128993988037],[-0.054483812302351,-0.2395981103181839,0.9570478796958923]]","[0.0,0.0,0.0,0.0,0.0,0.0]","[[0.0,0.0,0.0],[0.0,0.0,0.0],[0.0,0.0,0.0],[0.0,0.0,0.0],[0.0,0.0,0.0],[0.0,0.0,0.0]]",0.0,"[0.0,0.0,0.0]",0.0,"[0.0,0.0,0.0]",[],[],False,False,False,False,False,[],0.001963113695973795,0.01967372908415057,6.565147452053305,0.0352304736404551,6.565147452053305,0.0,0.0,0,0,0,True,FRAME_JUMP,True
19,correction_1,FAILED,"[-0.04902191832661629,-0.19215358793735504,1.1109915971755981,2.8826823234558105,0.15892449021339417,-1.5430183410644531,0.03888155147433281,-0.03038359247148037,-0.034140877425670624,-0.03009582869708538,-0.03263913094997406,-0.055159639567136765,-0.14154218137264252,-0.14049132168293,-0.14468181133270264,-0.14709356427192688,0.3691030740737915,0.36573439836502075,0.3693135678768158,0.36372408270835876,0.36277705430984497,0.3633362948894501,0.3728889226913452,0.3710866868495941,0.3659346401691437,0.37116938829421997]","[-0.049019116908311844,-0.19217970967292786,1.1110317707061768,2.8825559616088867,0.15894357860088348,-1.5429998636245728,0.038880009204149246,-0.030385009944438934,-0.03416500985622406,-0.03003498911857605,-0.03258999437093735,-0.05515999346971512,-0.14153999090194702,-0.14048998057842255,-0.14468999207019806,-0.14710499346256256,0.36910131573677063,0.36573249101638794,0.36931121349334717,0.3636675179004669,0.3627399802207947,0.3633349537849426,0.3728812336921692,0.3710786998271942,0.3659687340259552,0.37119248509407043]","[-0.049019118701466774,-0.19217971644579906,1.1110317348816974,2.8825559180792415,0.1589435743175724,-1.5429998466092598,0.038880009204149246,-0.030385009944438934,-0.03416500985622406,-0.03003498911857605,-0.03258999437093735,-0.05515999346971512,-0.14153999090194702,-0.14048998057842255,-0.14468999207019806,-0.14710499346256256,0.36910131573677063,0.36573249101638794,0.36931121349334717,0.3636675179004669,0.3627399802207947,0.3633349537849426,0.3728812336921692,0.3710786998271942,0.3659687340259552,0.37119248509407043]","[2.8014183044433594e-06,-2.612173557281494e-05,4.017353057861328e-05,-0.00012636184692382812,1.9088387489318848e-05,1.8477439880371094e-05,-1.5422701835632324e-06,-1.4174729585647583e-06,-2.413243055343628e-05,6.083957850933075e-05,4.9136579036712646e-05,-3.5390257835388184e-07,2.1904706954956055e-06,1.341104507446289e-06,-8.180737495422363e-06,-1.1429190635681152e-05,-1.7583370208740234e-06,-1.9073486328125e-06,-2.3543834686279297e-06,-5.65648078918457e-05,-3.707408905029297e-05,-1.341104507446289e-06,-7.68899917602539e-06,-7.987022399902344e-06,3.409385681152344e-05,2.3096799850463867e-05]","[0.12092643976211548,-0.3179352879524231,1.020216464996338]","[0.02615000307559967,0.023950085043907166,-0.6741703748703003,0.7377240657806396]","[6.90013257553801e-05,9.506954665994272e-05,0.0003436118131503463]","[-0.002036043908447027,0.0015159354079514742,-1.1589630958042108e-05]","[-0.1599999964237213,-0.30000001192092896,0.7400000095367432]","[0.7070000171661377,0.7070000171661377,0.0,0.0]","[-0.049021780490875244,-0.19215351343154907,1.1109914779663086]","[0.14713138341903687,0.7014731764793396,0.6965479850769043,-0.033295366913080215]","[""right_finger2_link3"",""right_finger2_link4"",""right_finger3_link3"",""right_finger3_link4"",""right_finger4_link3"",""right_finger4_link4""]","[[0.0023522155825048685,-0.23968753218650818,0.9864837527275085],[0.00462169386446476,-0.23980273306369781,0.9570714235305786],[-0.026665974408388138,-0.24462862312793732,0.9860314130783081],[-0.025782812386751175,-0.24480605125427246,0.9565451741218567],[-0.05308084562420845,-0.23990079760551453,0.9865124821662903],[-0.054484330117702484,-0.23959654569625854,0.9570474624633789]]","[0.0,0.0,0.0,0.0,0.0,0.0]","[[0.0,0.0,0.0],[0.0,0.0,0.0],[0.0,0.0,0.0],[0.0,0.0,0.0],[0.0,0.0,0.0],[0.0,0.0,0.0]]",0.0,"[0.0,0.0,0.0]",0.0,"[0.0,0.0,0.0]",[],[],False,False,False,False,False,[],0.001960439358061672,0.019675111188978703,6.563357040338227,0.03522809855604415,6.563357040338227,0.0,0.0,0,0,0,True,FRAME_JUMP,True
20,correction_1,FAILED,"[-0.04902226850390434,-0.192153200507164,1.1109915971755981,2.8826887607574463,0.15892387926578522,-1.5430183410644531,0.038881510496139526,-0.030383596196770668,-0.03414108231663704,-0.0300954207777977,-0.03263869509100914,-0.05515960976481438,-0.14154215157032013,-0.14049112796783447,-0.1446816474199295,-0.14709359407424927,0.3691031038761139,0.3657342195510864,0.36931365728378296,0.3637239933013916,0.3627772629261017,0.3633362948894501,0.3728892207145691,0.3710869252681732,0.3659346401691437,0.37117061018943787]","[-0.049019116908311844,-0.19217970967292786,1.1110317707061768,2.8825559616088867,0.15894357860088348,-1.5429998636245728,0.038880009204149246,-0.030385009944438934,-0.03416500985622406,-0.03003498911857605,-0.03258999437093735,-0.05515999346971512,-0.14153999090194702,-0.14048998057842255,-0.14468999207019806,-0.14710499346256256,0.36910131573677063,0.36573249101638794,0.36931121349334717,0.3636675179004669,0.3627399802207947,0.3633349537849426,0.3728812336921692,0.3710786998271942,0.3659687340259552,0.37119248509407043]","[-0.049019118701466774,-0.19217971644579906,1.1110317348816974,2.8825559180792415,0.1589435743175724,-1.5429998466092598,0.038880009204149246,-0.030385009944438934,-0.03416500985622406,-0.03003498911857605,-0.03258999437093735,-0.05515999346971512,-0.14153999090194702,-0.14048998057842255,-0.14468999207019806,-0.14710499346256256,0.36910131573677063,0.36573249101638794,0.36931121349334717,0.3636675179004669,0.3627399802207947,0.3633349537849426,0.3728812336921692,0.3710786998271942,0.3659687340259552,0.37119248509407043]","[3.1515955924987793e-06,-2.650916576385498e-05,4.017353057861328e-05,-0.0001327991485595703,1.96993350982666e-05,1.8477439880371094e-05,-1.5012919902801514e-06,-1.4137476682662964e-06,-2.3927539587020874e-05,6.043165922164917e-05,4.87007200717926e-05,-3.8370490074157715e-07,2.16066837310791e-06,1.1473894119262695e-06,-8.344650268554688e-06,-1.1399388313293457e-05,-1.7881393432617188e-06,-1.7285346984863281e-06,-2.4437904357910156e-06,-5.647540092468262e-05,-3.7282705307006836e-05,-1.341104507446289e-06,-7.987022399902344e-06,-8.225440979003906e-06,3.409385681152344e-05,2.187490463256836e-05]","[0.12092562019824982,-0.31793636083602905,1.0202128887176514]","[0.026142621412873268,0.023942839354276657,-0.6741796135902405,0.7377161383628845]","[6.750595639459789e-05,9.026467887451872e-05,0.0003555587900336832]","[-0.002089838730171323,0.001538086449727416,-1.0882446076720953e-05]","[-0.1599999964237213,-0.30000001192092896,0.7400000095367432]","[0.7070000171661377,0.7070000171661377,0.0,0.0]","[-0.0490221343934536,-0.19215314090251923,1.1109914779663086]","[0.1471288800239563,0.7014737725257874,0.6965479850769043,-0.033293407410383224]","[""right_finger2_link3"",""right_finger2_link4"",""right_finger3_link3"",""right_finger3_link4"",""right_finger4_link3"",""right_finger4_link4""]","[[0.0023517520166933537,-0.23968636989593506,0.9864833354949951],[0.004621210042387247,-0.23980140686035156,0.9570710062980652],[-0.02666642516851425,-0.2446274608373642,0.9860311150550842],[-0.02578328177332878,-0.24480469524860382,0.9565448760986328],[-0.05308126285672188,-0.23989960551261902,0.9865122437477112],[-0.05448475852608681,-0.23959514498710632,0.9570472836494446]]","[0.0,0.0,0.0,0.0,0.0,0.0]","[[0.0,0.0,0.0],[0.0,0.0,0.0],[0.0,0.0,0.0],[0.0,0.0,0.0],[0.0,0.0,0.0],[0.0,0.0,0.0]]",0.0,"[0.0,0.0,0.0]",0.0,"[0.0,0.0,0.0]",[],[],False,False,False,False,False,[],0.001957933029480663,0.01967654005467435,6.561528225013015,0.035225851009985515,6.561528225013015,0.0,0.0,0,0,0,True,FRAME_JUMP,True
21,correction_1,FAILED,"[-0.04902259632945061,-0.19215284287929535,1.1109915971755981,2.882695198059082,0.15892328321933746,-1.5430183410644531,0.03888148441910744,-0.030383625999093056,-0.034141190350055695,-0.030095111578702927,-0.03263845667243004,-0.05515958368778229,-0.14154213666915894,-0.14049114286899567,-0.14468151330947876,-0.14709359407424927,0.3691031038761139,0.3657341003417969,0.36931365728378296,0.3637239933013916,0.3627771735191345,0.3633362948894501,0.3728894889354706,0.37108707427978516,0.36593469977378845,0.3711690306663513]","[-0.049019116908311844,-0.19217970967292786,1.1110317707061768,2.8825559616088867,0.15894357860088348,-1.5429998636245728,0.038880009204149246,-0.030385009944438934,-0.03416500985622406,-0.03003498911857605,-0.03258999437093735,-0.05515999346971512,-0.14153999090194702,-0.14048998057842255,-0.14468999207019806,-0.14710499346256256,0.36910131573677063,0.36573249101638794,0.36931121349334717,0.3636675179004669,0.3627399802207947,0.3633349537849426,0.3728812336921692,0.3710786998271942,0.3659687340259552,0.37119248509407043]","[-0.049019118701466774,-0.19217971644579906,1.1110317348816974,2.8825559180792415,0.1589435743175724,-1.5429998466092598,0.038880009204149246,-0.030385009944438934,-0.03416500985622406,-0.03003498911857605,-0.03258999437093735,-0.05515999346971512,-0.14153999090194702,-0.14048998057842255,-0.14468999207019806,-0.14710499346256256,0.36910131573677063,0.36573249101638794,0.36931121349334717,0.3636675179004669,0.3627399802207947,0.3633349537849426,0.3728812336921692,0.3710786998271942,0.3659687340259552,0.37119248509407043]","[3.4794211387634277e-06,-2.6866793632507324e-05,4.017353057861328e-05,-0.0001392364501953125,2.0295381546020508e-05,1.8477439880371094e-05,-1.475214958190918e-06,-1.383945345878601e-06,-2.381950616836548e-05,6.012246012687683e-05,4.846230149269104e-05,-4.0978193283081055e-07,2.1457672119140625e-06,1.1622905731201172e-06,-8.478760719299316e-06,-1.1399388313293457e-05,-1.7881393432617188e-06,-1.6093254089355469e-06,-2.4437904357910156e-06,-5.647540092468262e-05,-3.719329833984375e-05,-1.341104507446289e-06,-8.255243301391602e-06,-8.374452590942383e-06,3.403425216674805e-05,2.345442771911621e-05]","[0.12092488259077072,-0.3179372549057007,1.0202099084854126]","[0.026135604828596115,0.023935992270708084,-0.6741880774497986,0.7377088069915771]","[6.894376565469429e-05,9.092850814340636e-05,0.0003935638815164566]","[-0.002279053209349513,0.0017533336067572236,9.755049177329056e-06]","[-0.1599999964237213,-0.30000001192092896,0.7400000095367432]","[0.7070000171661377,0.7070000171661377,0.0,0.0]","[-0.049022458493709564,-0.19215278327465057,1.1109914779663086]","[0.14712655544281006,0.7014743089675903,0.6965481638908386,-0.03329134359955788]","[""right_finger2_link3"",""right_finger2_link4"",""right_finger3_link3"",""right_finger3_link4"",""right_finger4_link3"",""right_finger4_link4""]","[[0.002351372502744198,-0.23968523740768433,0.9864832162857056],[0.004620820749551058,-0.2398000955581665,0.9570708274841309],[-0.026666810736060143,-0.24462632834911346,0.9860309362411499],[-0.025783680379390717,-0.24480339884757996,0.9565446972846985],[-0.053081635385751724,-0.2398984432220459,0.9865119457244873],[-0.05448513850569725,-0.23959380388259888,0.9570469856262207]]","[0.0,0.0,0.0,0.0,0.0,0.0]","[[0.0,0.0,0.0],[0.0,0.0,0.0],[0.0,0.0,0.0],[0.0,0.0,0.0],[0.0,0.0,0.0],[0.0,0.0,0.0]]",0.0,"[0.0,0.0,0.0]",0.0,"[0.0,0.0,0.0]",[],[],False,False,False,False,False,[],0.0019559204052256307,0.019677750119202746,6.55982545934793,0.03522398879561982,6.55982545934793,0.0,0.0,0,0,0,True,FRAME_JUMP,True
22,correction_1,FAILED,"[-0.04902257025241852,-0.19215239584445953,1.1109915971755981,2.8827013969421387,0.15892282128334045,-1.5430182218551636,0.03888148069381714,-0.030383676290512085,-0.03414124995470047,-0.030095040798187256,-0.03263842687010765,-0.055159587413072586,-0.14154186844825745,-0.1404918134212494,-0.14468145370483398,-0.14709337055683136,0.3691028952598572,0.3657338619232178,0.36931368708610535,0.3637239634990692,0.36277779936790466,0.3633362948894501,0.37288999557495117,0.3710870146751404,0.3659350574016571,0.37116989493370056]","[-0.049019116908311844,-0.19217970967292786,1.1110317707061768,2.8825559616088867,0.15894357860088348,-1.5429998636245728,0.038880009204149246,-0.030385009944438934,-0.03416500985622406,-0.03003498911857605,-0.03258999437093735,-0.05515999346971512,-0.14153999090194702,-0.14048998057842255,-0.14468999207019806,-0.14710499346256256,0.36910131573677063,0.36573249101638794,0.36931121349334717,0.3636675179004669,0.3627399802207947,0.3633349537849426,0.3728812336921692,0.3710786998271942,0.3659687340259552,0.37119248509407043]","[-0.049019118701466774,-0.19217971644579906,1.1110317348816974,2.8825559180792415,0.1589435743175724,-1.5429998466092598,0.038880009204149246,-0.030385009944438934,-0.03416500985622406,-0.03003498911857605,-0.03258999437093735,-0.05515999346971512,-0.14153999090194702,-0.14048998057842255,-0.14468999207019806,-0.14710499346256256,0.36910131573677063,0.36573249101638794,0.36931121349334717,0.3636675179004669,0.3627399802207947,0.3633349537849426,0.3728812336921692,0.3710786998271942,0.3659687340259552,0.37119248509407043]","[3.4533441066741943e-06,-2.7313828468322754e-05,4.017353057861328e-05,-0.00014543533325195312,2.0757317543029785e-05,1.8358230590820312e-05,-1.471489667892456e-06,-1.3336539268493652e-06,-2.3759901523590088e-05,6.0051679611206055e-05,4.8432499170303345e-05,-4.0605664253234863e-07,1.8775463104248047e-06,1.8328428268432617e-06,-8.538365364074707e-06,-1.1622905731201172e-05,-1.5795230865478516e-06,-1.3709068298339844e-06,-2.473592758178711e-06,-5.644559860229492e-05,-3.781914710998535e-05,-1.341104507446289e-06,-8.761882781982422e-06,-8.314847946166992e-06,3.36766242980957e-05,2.2590160369873047e-05]","[0.12092514336109161,-0.3179369270801544,1.0202058553695679]","[0.026141751557588577,0.023942284286022186,-0.6741791367530823,0.737716555595398]","[3.879302676068619e-05,8.05139570729807e-05,0.0003902855096384883]","[-0.002262710826471448,0.0017927578883245587,-8.597370469942689e-05]","[-0.1599999964237213,-0.30000001192092896,0.7400000095367432]","[0.7070000171661377,0.7070000171661377,0.0,0.0]","[-0.04902243614196777,-0.19215233623981476,1.1109914779663086]","[0.14712415635585785,0.7014747262001038,0.6965482234954834,-0.03328924626111984]","[""right_finger2_link3"",""right_finger2_link4"",""right_finger3_link3"",""right_finger3_link4"",""right_finger4_link3"",""right_finger4_link4""]","[[0.002351367147639394,-0.23968397080898285,0.9864827990531921],[0.004620814695954323,-0.2397986352443695,0.9570704102516174],[-0.026666846126317978,-0.24462509155273438,0.986030638217926],[-0.025783738121390343,-0.24480196833610535,0.9565443992614746],[-0.05308167263865471,-0.2398972064256668,0.9865115880966187],[-0.05448519065976143,-0.23959235846996307,0.9570465683937073]]","[0.0,0.0,0.0,0.0,0.0,0.0]","[[0.0,0.0,0.0],[0.0,0.0,0.0],[0.0,0.0,0.0],[0.0,0.0,0.0],[0.0,0.0,0.0],[0.0,0.0,0.0]]",0.0,"[0.0,0.0,0.0]",0.0,"[0.0,0.0,0.0]",[],[],False,False,False,False,False,[],0.0019507541129993866,0.019677512710346786,6.561513255709009,0.03522040397887768,6.561513255709009,0.0,0.0,0,0,0,True,FRAME_JUMP,True
23,correction_1,FAILED,"[-0.04902290180325508,-0.19215206801891327,1.1109915971755981,2.8827075958251953,0.15892218053340912,-1.5430182218551636,0.03888145461678505,-0.030383722856640816,-0.03414133936166763,-0.0300948154181242,-0.03263818845152855,-0.055159565061330795,-0.1415422111749649,-0.1404915153980255,-0.14468121528625488,-0.14709345996379852,0.36910295486450195,0.3657339811325073,0.36931362748146057,0.36372387409210205,0.36277657747268677,0.3633362948894501,0.37289029359817505,0.3710871636867523,0.3659351170063019,0.37117040157318115]","[-0.049019116908311844,-0.19217970967292786,1.1110317707061768,2.8825559616088867,0.15894357860088348,-1.5429998636245728,0.038880009204149246,-0.030385009944438934,-0.03416500985622406,-0.03003498911857605,-0.03258999437093735,-0.05515999346971512,-0.14153999090194702,-0.14048998057842255,-0.14468999207019806,-0.14710499346256256,0.36910131573677063,0.36573249101638794,0.36931121349334717,0.3636675179004669,0.3627399802207947,0.3633349537849426,0.3728812336921692,0.3710786998271942,0.3659687340259552,0.37119248509407043]","[-0.049019118701466774,-0.19217971644579906,1.1110317348816974,2.8825559180792415,0.1589435743175724,-1.5429998466092598,0.038880009204149246,-0.030385009944438934,-0.03416500985622406,-0.03003498911857605,-0.03258999437093735,-0.05515999346971512,-0.14153999090194702,-0.14048998057842255,-0.14468999207019806,-0.14710499346256256,0.36910131573677063,0.36573249101638794,0.36931121349334717,0.3636675179004669,0.3627399802207947,0.3633349537849426,0.3728812336921692,0.3710786998271942,0.3659687340259552,0.37119248509407043]","[3.7848949432373047e-06,-2.7641654014587402e-05,4.017353057861328e-05,-0.00015163421630859375,2.1398067474365234e-05,1.8358230590820312e-05,-1.4454126358032227e-06,-1.2870877981185913e-06,-2.3670494556427002e-05,5.982629954814911e-05,4.819408059120178e-05,-4.284083843231201e-07,2.2202730178833008e-06,1.5348196029663086e-06,-8.77678394317627e-06,-1.1533498764038086e-05,-1.6391277313232422e-06,-1.4901161193847656e-06,-2.4139881134033203e-06,-5.6356191635131836e-05,-3.6597251892089844e-05,-1.341104507446289e-06,-9.059906005859375e-06,-8.463859558105469e-06,3.361701965332031e-05,2.2083520889282227e-05]","[0.12092442810535431,-0.3179377615451813,1.0202032327651978]","[0.026135314255952835,0.023935850709676743,-0.6741872429847717,0.737709641456604]","[7.194207137217745e-05,7.415192521875724e-05,0.00043080150499008596]","[-0.0024450821802020073,0.0019744134042412043,3.908122380380519e-05]","[-0.1599999964237213,-0.30000001192092896,0.7400000095367432]","[0.7070000171661377,0.7070000171661377,0.0,0.0]","[-0.04902276396751404,-0.1921520084142685,1.1109914779663086]","[0.14712178707122803,0.7014752626419067,0.696548342704773,-0.03328743204474449]","[""right_finger2_link3"",""right_finger2_link4"",""right_finger3_link3"",""right_finger3_link4"",""right_finger4_link3"",""right_finger4_link4""]","[[0.0023509212769567966,-0.23968292772769928,0.9864823818206787],[0.00462033785879612,-0.2397974282503128,0.9570700526237488],[-0.026667283847928047,-0.24462400376796722,0.9860302209854126],[-0.025784198194742203,-0.24480070173740387,0.9565439820289612],[-0.05308208614587784,-0.23989610373973846,0.9865112900733948],[-0.054485611617565155,-0.2395910620689392,0.9570462107658386]]","[0.0,0.0,0.0,0.0,0.0,0.0]","[[0.0,0.0,0.0],[0.0,0.0,0.0],[0.0,0.0,0.0],[0.0,0.0,0.0],[0.0,0.0,0.0],[0.0,0.0,0.0]]",0.0,"[0.0,0.0,0.0]",0.0,"[0.0,0.0,0.0]",[],[],False,False,False,False,False,[],0.0019490642387031132,0.01967864601324403,6.559909488817586,0.035218803253685975,6.559909488817586,0.0,0.0,0,0,0,True,FRAME_JUMP,True
24,correction_1,FAILED,"[-0.04902324452996254,-0.1921517699956894,1.1109915971755981,2.882713794708252,0.15892156958580017,-1.5430182218551636,0.03888143226504326,-0.030383726581931114,-0.034141410142183304,-0.030094610527157784,-0.032638005912303925,-0.05515958368778229,-0.14154230058193207,-0.14049141108989716,-0.14468105137348175,-0.1470935344696045,0.3691030740737915,0.3657342195510864,0.369313508272171,0.3637236952781677,0.36277708411216736,0.3633362948894501,0.372890442609787,0.3710872530937195,0.36593514680862427,0.37117090821266174]","[-0.049019116908311844,-0.19217970967292786,1.1110317707061768,2.8825559616088867,0.15894357860088348,-1.5429998636245728,0.038880009204149246,-0.030385009944438934,-0.03416500985622406,-0.03003498911857605,-0.03258999437093735,-0.05515999346971512,-0.14153999090194702,-0.14048998057842255,-0.14468999207019806,-0.14710499346256256,0.36910131573677063,0.36573249101638794,0.36931121349334717,0.3636675179004669,0.3627399802207947,0.3633349537849426,0.3728812336921692,0.3710786998271942,0.3659687340259552,0.37119248509407043]","[-0.049019118701466774,-0.19217971644579906,1.1110317348816974,2.8825559180792415,0.1589435743175724,-1.5429998466092598,0.038880009204149246,-0.030385009944438934,-0.03416500985622406,-0.03003498911857605,-0.03258999437093735,-0.05515999346971512,-0.14153999090194702,-0.14048998057842255,-0.14468999207019806,-0.14710499346256256,0.36910131573677063,0.36573249101638794,0.36931121349334717,0.3636675179004669,0.3627399802207947,0.3633349537849426,0.3728812336921692,0.3710786998271942,0.3659687340259552,0.37119248509407043]","[4.127621650695801e-06,-2.7939677238464355e-05,4.017353057861328e-05,-0.00015783309936523438,2.2009015083312988e-05,1.8358230590820312e-05,-1.4230608940124512e-06,-1.2833625078201294e-06,-2.3599714040756226e-05,5.9621408581733704e-05,4.801154136657715e-05,-4.0978193283081055e-07,2.3096799850463867e-06,1.430511474609375e-06,-8.940696716308594e-06,-1.1458992958068848e-05,-1.7583370208740234e-06,-1.7285346984863281e-06,-2.294778823852539e-06,-5.6177377700805664e-05,-3.7103891372680664e-05,-1.341104507446289e-06,-9.208917617797852e-06,-8.553266525268555e-06,3.358721733093262e-05,2.1576881408691406e-05]","[0.12092360854148865,-0.3179387152194977,1.020200490951538]","[0.0261284951120615,0.023928960785269737,-0.6741959452629089,0.7377021908760071]","[7.433104474330321e-05,9.542168118059635e-05,0.0004669757909141481]","[-0.002682820660993457,0.002146672923117876,2.623605541884899e-05]","[-0.1599999964237213,-0.30000001192092896,0.7400000095367432]","[0.7070000171661377,0.7070000171661377,0.0,0.0]","[-0.0490231066942215,-0.19215171039104462,1.1109914779663086]","[0.14711935818195343,0.7014757990837097,0.6965484023094177,-0.0332854725420475]","[""right_finger2_link3"",""right_finger2_link4"",""right_finger3_link3"",""right_finger3_link4"",""right_finger4_link3"",""right_finger4_link4""]","[[0.002350491937249899,-0.23968182504177094,0.9864822030067444],[0.004619885236024857,-0.23979611694812775,0.9570698738098145],[-0.026667701080441475,-0.24462291598320007,0.9860298037528992],[-0.025784622877836227,-0.2447994202375412,0.9565435647964478],[-0.05308249965310097,-0.23989500105381012,0.9865109920501709],[-0.05448603630065918,-0.23958979547023773,0.9570459723472595]]","[0.0,0.0,0.0,0.0,0.0,0.0]","[[0.0,0.0,0.0],[0.0,0.0,0.0],[0.0,0.0,0.0],[0.0,0.0,0.0],[0.0,0.0,0.0],[0.0,0.0,0.0]]",0.0,"[0.0,0.0,0.0]",0.0,"[0.0,0.0,0.0]",[],[],False,False,False,False,False,[],0.0019473305540659291,0.019679932194273886,6.558191728511353,0.03521718637340175,6.558191728511353,0.0,0.0,0,0,0,True,FRAME_JUMP,True
25,correction_1,FAILED,"[-0.0490235798060894,-0.19215147197246552,1.1109915971755981,2.8827199935913086,0.15892097353935242,-1.5430182218551636,0.038881413638591766,-0.03038373589515686,-0.03414143994450569,-0.030094483867287636,-0.03263791278004646,-0.05515957623720169,-0.14154218137264252,-0.1404915153980255,-0.1446809470653534,-0.14709356427192688,0.36910316348075867,0.3657341003417969,0.36931344866752625,0.36372360587120056,0.36277690529823303,0.3633362948894501,0.3728905916213989,0.37108728289604187,0.3659351170063019,0.37116917967796326]","[-0.049019116908311844,-0.19217970967292786,1.1110317707061768,2.8825559616088867,0.15894357860088348,-1.5429998636245728,0.038880009204149246,-0.030385009944438934,-0.03416500985622406,-0.03003498911857605,-0.03258999437093735,-0.05515999346971512,-0.14153999090194702,-0.14048998057842255,-0.14468999207019806,-0.14710499346256256,0.36910131573677063,0.36573249101638794,0.36931121349334717,0.3636675179004669,0.3627399802207947,0.3633349537849426,0.3728812336921692,0.3710786998271942,0.3659687340259552,0.37119248509407043]","[-0.049019118701466774,-0.19217971644579906,1.1110317348816974,2.8825559180792415,0.1589435743175724,-1.5429998466092598,0.038880009204149246,-0.030385009944438934,-0.03416500985622406,-0.03003498911857605,-0.03258999437093735,-0.05515999346971512,-0.14153999090194702,-0.14048998057842255,-0.14468999207019806,-0.14710499346256256,0.36910131573677063,0.36573249101638794,0.36931121349334717,0.3636675179004669,0.3627399802207947,0.3633349537849426,0.3728812336921692,0.3710786998271942,0.3659687340259552,0.37119248509407043]","[4.462897777557373e-06,-2.823770046234131e-05,4.017353057861328e-05,-0.000164031982421875,2.2605061531066895e-05,1.8358230590820312e-05,-1.4044344425201416e-06,-1.2740492820739746e-06,-2.356991171836853e-05,5.9494748711586e-05,4.79184091091156e-05,-4.172325134277344e-07,2.1904706954956055e-06,1.5348196029663086e-06,-9.045004844665527e-06,-1.1429190635681152e-05,-1.8477439880371094e-06,-1.6093254089355469e-06,-2.2351741790771484e-06,-5.608797073364258e-05,-3.692507743835449e-05,-1.341104507446289e-06,-9.357929229736328e-06,-8.58306884765625e-06,3.361701965332031e-05,2.3305416107177734e-05]","[0.12092286348342896,-0.3179395794868469,1.0201977491378784]","[0.026121674105525017,0.02392221987247467,-0.6742045283317566,0.7376946806907654]","[7.230478513520211e-05,0.00010099797509610653,0.00049190828576684]","[-0.0027920992579311132,0.0022328817285597324,1.9870178221026435e-05]","[-0.1599999964237213,-0.30000001192092896,0.7400000095367432]","[0.7070000171661377,0.7070000171661377,0.0,0.0]","[-0.04902344197034836,-0.19215141236782074,1.1109914779663086]","[0.14711710810661316,0.7014762759208679,0.6965485215187073,-0.033283531665802]","[""right_finger2_link3"",""right_finger2_link4"",""right_finger3_link3"",""right_finger3_link4"",""right_finger4_link3"",""right_finger4_link4""]","[[0.0023500979878008366,-0.23968081176280975,0.986481785774231],[0.004619482904672623,-0.23979493975639343,0.957069456577301],[-0.026668110862374306,-0.2446218878030777,0.9860295057296753],[-0.025785056874155998,-0.2447982132434845,0.9565432667732239],[-0.0530829019844532,-0.23989398777484894,0.9865107536315918],[-0.05448644608259201,-0.23958858847618103,0.9570457339286804]]","[0.0,0.0,0.0,0.0,0.0,0.0]","[[0.0,0.0,0.0],[0.0,0.0,0.0],[0.0,0.0,0.0],[0.0,0.0,0.0],[0.0,0.0,0.0],[0.0,0.0,0.0]]",0.0,"[0.0,0.0,0.0]",0.0,"[0.0,0.0,0.0]",[],[],False,False,False,False,False,[],0.001945597514600994,0.019681109201779533,6.556485617455109,0.03521550845125606,6.556485617455109,0.0,0.0,0,0,0,True,FRAME_JUMP,True
26,correction_1,FAILED,"[-0.04902404546737671,-0.19215118885040283,1.1109915971755981,2.8827261924743652,0.15892036259174347,-1.5430182218551636,0.03888138756155968,-0.030383750796318054,-0.03414149209856987,-0.030094299465417862,-0.032637692987918854,-0.055159568786621094,-0.14154215157032013,-0.14049163460731506,-0.14468072354793549,-0.14709340035915375,0.36910325288772583,0.3657340407371521,0.369313508272171,0.3637235164642334,0.3627760112285614,0.3633362948894501,0.37289080023765564,0.37108728289604187,0.36593520641326904,0.3711705803871155]","[-0.049019116908311844,-0.19217970967292786,1.1110317707061768,2.8825559616088867,0.15894357860088348,-1.5429998636245728,0.038880009204149246,-0.030385009944438934,-0.03416500985622406,-0.03003498911857605,-0.03258999437093735,-0.05515999346971512,-0.14153999090194702,-0.14048998057842255,-0.14468999207019806,-0.14710499346256256,0.36910131573677063,0.36573249101638794,0.36931121349334717,0.3636675179004669,0.3627399802207947,0.3633349537849426,0.3728812336921692,0.3710786998271942,0.3659687340259552,0.37119248509407043]","[-0.049019118701466774,-0.19217971644579906,1.1110317348816974,2.8825559180792415,0.1589435743175724,-1.5429998466092598,0.038880009204149246,-0.030385009944438934,-0.03416500985622406,-0.03003498911857605,-0.03258999437093735,-0.05515999346971512,-0.14153999090194702,-0.14048998057842255,-0.14468999207019806,-0.14710499346256256,0.36910131573677063,0.36573249101638794,0.36931121349334717,0.3636675179004669,0.3627399802207947,0.3633349537849426,0.3728812336921692,0.3710786998271942,0.3659687340259552,0.37119248509407043]","[4.928559064865112e-06,-2.8520822525024414e-05,4.017353057861328e-05,-0.00017023086547851562,2.321600914001465e-05,1.8358230590820312e-05,-1.3783574104309082e-06,-1.259148120880127e-06,-2.3517757654190063e-05,5.9310346841812134e-05,4.769861698150635e-05,-4.246830940246582e-07,2.16066837310791e-06,1.6540288925170898e-06,-9.268522262573242e-06,-1.1593103408813477e-05,-1.9371509552001953e-06,-1.5497207641601562e-06,-2.294778823852539e-06,-5.599856376647949e-05,-3.603100776672363e-05,-1.341104507446289e-06,-9.566545486450195e-06,-8.58306884765625e-06,3.3527612686157227e-05,2.1904706954956055e-05]","[0.12092186510562897,-0.3179405927658081,1.020195484161377]","[0.026114795356988907,0.023915044963359833,-0.6742131114006042,0.737687349319458]","[8.943104330683127e-05,8.88905196916312e-05,0.0005046734004281461]","[-0.0028379119466990232,0.0023085668217390776,0.00010522452794248238]","[-0.1599999964237213,-0.30000001192092896,0.7400000095367432]","[0.7070000171661377,0.7070000171661377,0.0,0.0]","[-0.049023907631635666,-0.19215112924575806,1.1109914779663086]","[0.1471146196126938,0.7014767527580261,0.6965486407279968,-0.0332815945148468]","[""right_finger2_link3"",""right_finger2_link4"",""right_finger3_link3"",""right_finger3_link4"",""right_finger4_link3"",""right_finger4_link4""]","[[0.0023495317436754704,-0.239679753780365,0.9864813685417175],[0.004618893843144178,-0.23979368805885315,0.9570690393447876],[-0.026668671518564224,-0.24462080001831055,0.9860290884971619],[-0.02578563801944256,-0.24479694664478302,0.9565428495407104],[-0.05308346450328827,-0.2398928999900818,0.9865103363990784],[-0.05448703095316887,-0.23958732187747955,0.957045316696167]]","[0.0,0.0,0.0,0.0,0.0,0.0]","[[0.0,0.0,0.0],[0.0,0.0,0.0],[0.0,0.0,0.0],[0.0,0.0,0.0],[0.0,0.0,0.0],[0.0,0.0,0.0]]",0.0,"[0.0,0.0,0.0]",0.0,"[0.0,0.0,0.0]",[],[],False,False,False,False,False,[],0.0019443017745421898,0.019682494624638912,6.554766247434213,0.03521435321182213,6.554766247434213,0.0,0.0,0,0,0,True,FRAME_JUMP,True
27,correction_1,FAILED,"[-0.04902411997318268,-0.19215093553066254,1.1109915971755981,2.8827321529388428,0.15891991555690765,-1.543018102645874,0.038881413638591766,-0.030383771285414696,-0.03414146974682808,-0.030094381421804428,-0.03263780102133751,-0.055159568786621094,-0.14154215157032013,-0.140491783618927,-0.14468064904212952,-0.14709341526031494,0.36910298466682434,0.365733802318573,0.3693133294582367,0.3637234568595886,0.3627769351005554,0.3633362948894501,0.37289121747016907,0.37108731269836426,0.3659351170063019,0.3711707293987274]","[-0.049019116908311844,-0.19217970967292786,1.1110317707061768,2.8825559616088867,0.15894357860088348,-1.5429998636245728,0.038880009204149246,-0.030385009944438934,-0.03416500985622406,-0.03003498911857605,-0.03258999437093735,-0.05515999346971512,-0.14153999090194702,-0.14048998057842255,-0.14468999207019806,-0.14710499346256256,0.36910131573677063,0.36573249101638794,0.36931121349334717,0.3636675179004669,0.3627399802207947,0.3633349537849426,0.3728812336921692,0.3710786998271942,0.3659687340259552,0.37119248509407043]","[-0.049019118701466774,-0.19217971644579906,1.1110317348816974,2.8825559180792415,0.1589435743175724,-1.5429998466092598,0.038880009204149246,-0.030385009944438934,-0.03416500985622406,-0.03003498911857605,-0.03258999437093735,-0.05515999346971512,-0.14153999090194702,-0.14048998057842255,-0.14468999207019806,-0.14710499346256256,0.36910131573677063,0.36573249101638794,0.36931121349334717,0.3636675179004669,0.3627399802207947,0.3633349537849426,0.3728812336921692,0.3710786998271942,0.3659687340259552,0.37119248509407043]","[5.003064870834351e-06,-2.8774142265319824e-05,4.017353057861328e-05,-0.0001761913299560547,2.3663043975830078e-05,1.823902130126953e-05,-1.4044344425201416e-06,-1.2386590242385864e-06,-2.3540109395980835e-05,5.9392303228378296e-05,4.780665040016174e-05,-4.246830940246582e-07,2.16066837310791e-06,1.8030405044555664e-06,-9.34302806854248e-06,-1.1578202247619629e-05,-1.6689300537109375e-06,-1.3113021850585938e-06,-2.115964889526367e-06,-5.59389591217041e-05,-3.695487976074219e-05,-1.341104507446289e-06,-9.98377799987793e-06,-8.612871170043945e-06,3.361701965332031e-05,2.1755695343017578e-05]","[0.12092195451259613,-0.3179404139518738,1.020190954208374]","[0.02611943893134594,0.023919742554426193,-0.6742067933082581,0.7376928925514221]","[4.057965270476416e-05,8.185003389371559e-05,0.000473475840408355]","[-0.0027037495747208595,0.0021416177041828632,-9.271235467167571e-05]","[-0.1599999964237213,-0.30000001192092896,0.7400000095367432]","[0.7070000171661377,0.7070000171661377,0.0,0.0]","[-0.049023982137441635,-0.19215087592601776,1.1109914779663086]","[0.14711233973503113,0.7014772891998291,0.6965486407279968,-0.033279627561569214]","[""right_finger2_link3"",""right_finger2_link4"",""right_finger3_link3"",""right_finger3_link4"",""right_finger4_link3"",""right_finger4_link4""]","[[0.002349415561184287,-0.239678755402565,0.9864810705184937],[0.004618774633854628,-0.23979255557060242,0.9570687413215637],[-0.026668792590498924,-0.24461981654167175,0.9860289096832275],[-0.025785770267248154,-0.2447957992553711,0.9565426707267761],[-0.05308357626199722,-0.2398918867111206,0.986510157585144],[-0.05448715016245842,-0.23958614468574524,0.9570451378822327]]","[0.0,0.0,0.0,0.0,0.0,0.0]","[[0.0,0.0,0.0],[0.0,0.0,0.0],[0.0,0.0,0.0],[0.0,0.0,0.0],[0.0,0.0,0.0],[0.0,0.0,0.0]]",0.0,"[0.0,0.0,0.0]",0.0,"[0.0,0.0,0.0]",[],[],False,False,False,False,False,[],0.001939001537623497,0.019682478243075615,6.555990629563022,0.035210484661347644,6.555990629563022,0.0,0.0,0,0,0,True,FRAME_JUMP,True
28,correction_1,FAILED,"[-0.04902438819408417,-0.19215065240859985,1.1109915971755981,2.882737874984741,0.1589193046092987,-1.543018102645874,0.03888142108917236,-0.030383815988898277,-0.03414148837327957,-0.030094316229224205,-0.03263776749372482,-0.0551595501601696,-0.1415421962738037,-0.14049136638641357,-0.14468079805374146,-0.14709335565567017,0.36910298466682434,0.3657340109348297,0.369313508272171,0.363723486661911,0.36277610063552856,0.3633362948894501,0.37289127707481384,0.37108731269836426,0.3659351170063019,0.37117061018943787]","[-0.049019116908311844,-0.19217970967292786,1.1110317707061768,2.8825559616088867,0.15894357860088348,-1.5429998636245728,0.038880009204149246,-0.030385009944438934,-0.03416500985622406,-0.03003498911857605,-0.03258999437093735,-0.05515999346971512,-0.14153999090194702,-0.14048998057842255,-0.14468999207019806,-0.14710499346256256,0.36910131573677063,0.36573249101638794,0.36931121349334717,0.3636675179004669,0.3627399802207947,0.3633349537849426,0.3728812336921692,0.3710786998271942,0.3659687340259552,0.37119248509407043]","[-0.049019118701466774,-0.19217971644579906,1.1110317348816974,2.8825559180792415,0.1589435743175724,-1.5429998466092598,0.038880009204149246,-0.030385009944438934,-0.03416500985622406,-0.03003498911857605,-0.03258999437093735,-0.05515999346971512,-0.14153999090194702,-0.14048998057842255,-0.14468999207019806,-0.14710499346256256,0.36910131573677063,0.36573249101638794,0.36931121349334717,0.3636675179004669,0.3627399802207947,0.3633349537849426,0.3728812336921692,0.3710786998271942,0.3659687340259552,0.37119248509407043]","[5.271285772323608e-06,-2.905726432800293e-05,4.017353057861328e-05,-0.0001819133758544922,2.4273991584777832e-05,1.823902130126953e-05,-1.4118850231170654e-06,-1.1939555406570435e-06,-2.3521482944488525e-05,5.932711064815521e-05,4.7773122787475586e-05,-4.4330954551696777e-07,2.205371856689453e-06,1.385807991027832e-06,-9.194016456604004e-06,-1.163780689239502e-05,-1.6689300537109375e-06,-1.519918441772461e-06,-2.294778823852539e-06,-5.59687614440918e-05,-3.612041473388672e-05,-1.341104507446289e-06,-1.004338264465332e-05,-8.612871170043945e-06,3.361701965332031e-05,2.187490463256836e-05]","[0.12092147022485733,-0.3179410398006439,1.0201892852783203]","[0.026113593950867653,0.023914124816656113,-0.6742140650749207,0.7376865744590759]","[-4.213378997519612e-05,-7.469728734577075e-05,-0.00031281131668947637]","[0.0015317832585424185,-0.0008712130365893245,9.942754695657641e-05]","[-0.1599999964237213,-0.30000001192092896,0.7400000095367432]","[0.7070000171661377,0.7070000171661377,0.0,0.0]","[-0.049024250358343124,-0.19215059280395508,1.1109914779663086]","[0.14711016416549683,0.7014776468276978,0.6965487599372864,-0.03327794373035431]","[""right_finger2_link3"",""right_finger2_link4"",""right_finger3_link3"",""right_finger3_link4"",""right_finger4_link3"",""right_finger4_link4""]","[[0.0023490567691624165,-0.2396777719259262,0.9864808917045593],[0.004618392325937748,-0.2397913783788681,0.9570685029029846],[-0.026669157668948174,-0.24461881816387177,0.9860285520553589],[-0.02578614465892315,-0.24479463696479797,0.9565423130989075],[-0.05308394879102707,-0.2398909032344818,0.9865098595619202],[-0.054487552493810654,-0.2395849972963333,0.9570448994636536]]","[0.0,0.0,0.0,0.0,0.0,0.0]","[[0.0,0.0,0.0],[0.0,0.0,0.0],[0.0,0.0,0.0],[0.0,0.0,0.0],[0.0,0.0,0.0],[0.0,0.0,0.0]]",0.0,"[0.0,0.0,0.0]",0.0,"[0.0,0.0,0.0]",[],[],False,False,False,False,False,[],0.0019381850415962631,0.019683299613334017,6.554548820528501,0.03520952183945282,6.554548820528501,0.0,0.0,0,0,0,True,FRAME_JUMP,True
29,correction_1,FAILED,"[-0.049024470150470734,-0.1921503245830536,1.1109915971755981,2.8827435970306396,0.15891876816749573,-1.543018102645874,0.03888142853975296,-0.03038383275270462,-0.03414135053753853,-0.030094662681221962,-0.032638002187013626,-0.055159542709589005,-0.14154210686683655,-0.14049150049686432,-0.14468075335025787,-0.1470932811498642,0.36910301446914673,0.36573415994644165,0.36931362748146057,0.3637237846851349,0.3627772033214569,0.3633362948894501,0.3728913962841034,0.37108734250068665,0.36593499779701233,0.37117090821266174]","[-0.049019116908311844,-0.19217970967292786,1.1110317707061768,2.8825559616088867,0.15894357860088348,-1.5429998636245728,0.038880009204149246,-0.030385009944438934,-0.03416500985622406,-0.03003498911857605,-0.03258999437093735,-0.05515999346971512,-0.14153999090194702,-0.14048998057842255,-0.14468999207019806,-0.14710499346256256,0.36910131573677063,0.36573249101638794,0.36931121349334717,0.3636675179004669,0.3627399802207947,0.3633349537849426,0.3728812336921692,0.3710786998271942,0.3659687340259552,0.37119248509407043]","[-0.049019118701466774,-0.19217971644579906,1.1110317348816974,2.8825559180792415,0.1589435743175724,-1.5429998466092598,0.038880009204149246,-0.030385009944438934,-0.03416500985622406,-0.03003498911857605,-0.03258999437093735,-0.05515999346971512,-0.14153999090194702,-0.14048998057842255,-0.14468999207019806,-0.14710499346256256,0.36910131573677063,0.36573249101638794,0.36931121349334717,0.3636675179004669,0.3627399802207947,0.3633349537849426,0.3728812336921692,0.3710786998271942,0.3659687340259552,0.37119248509407043]","[5.3532421588897705e-06,-2.9385089874267578e-05,4.017353057861328e-05,-0.0001876354217529297,2.4810433387756348e-05,1.823902130126953e-05,-1.4193356037139893e-06,-1.1771917343139648e-06,-2.3659318685531616e-05,5.967356264591217e-05,4.8007816076278687e-05,-4.507601261138916e-07,2.115964889526367e-06,1.519918441772461e-06,-9.238719940185547e-06,-1.1712312698364258e-05,-1.6987323760986328e-06,-1.6689300537109375e-06,-2.4139881134033203e-06,-5.626678466796875e-05,-3.7223100662231445e-05,-1.341104507446289e-06,-1.0162591934204102e-05,-8.64267349243164e-06,3.3736228942871094e-05,2.1576881408691406e-05]","[0.12092075496912003,-0.3179418444633484,1.0201871395111084]","[0.02610628306865692,0.023906981572508812,-0.6742228269577026,0.7376790642738342]","[0.00011948680185014382,2.4333103283424862e-05,0.0005263782222755253]","[-0.0029450689908117056,0.002469876082614064,2.760364986897912e-05]","[-0.1599999964237213,-0.30000001192092896,0.7400000095367432]","[0.7070000171661377,0.7070000171661377,0.0,0.0]","[-0.04902433604001999,-0.1921502649784088,1.1109914779663086]","[0.1471080631017685,0.701478123664856,0.6965488195419312,-0.03327612578868866]","[""right_finger2_link3"",""right_finger2_link4"",""right_finger3_link3"",""right_finger3_link4"",""right_finger4_link3"",""right_finger4_link4""]","[[0.002348912414163351,-0.23967675864696503,0.9864805936813354],[0.0046182363294065,-0.2397902011871338,0.9570682048797607],[-0.026669301092624664,-0.2446177899837494,0.9860284328460693],[-0.02578631043434143,-0.24479344487190247,0.9565421342849731],[-0.053084079176187515,-0.23988987505435944,0.9865097403526306],[-0.0544876903295517,-0.2395838052034378,0.957044780254364]]","[0.0,0.0,0.0,0.0,0.0,0.0]","[[0.0,0.0,0.0],[0.0,0.0,0.0],[0.0,0.0,0.0],[0.0,0.0,0.0],[0.0,0.0,0.0],[0.0,0.0,0.0]]",0.0,"[0.0,0.0,0.0]",0.0,"[0.0,0.0,0.0]",[],[],False,False,False,False,False,[],0.0019370292059166516,0.019684387829420516,6.552785672883184,0.03520830189999163,6.552785672883184,0.0,0.0,0,0,0,True,FRAME_JUMP,True
30,correction_1,FAILED,"[-0.049024444073438644,-0.1921500712633133,1.1109915971755981,2.882749319076538,0.15891823172569275,-1.543018102645874,0.038881439715623856,-0.030383864417672157,-0.03414130210876465,-0.030094824731349945,-0.03263813629746437,-0.055159565061330795,-0.1415417194366455,-0.14049237966537476,-0.1446806937456131,-0.14709287881851196,0.36910268664360046,0.3657340407371521,0.36931324005126953,0.3637239933013916,0.3627765476703644,0.3633362948894501,0.37289151549339294,0.3710872232913971,0.3659350275993347,0.3711710572242737]","[-0.049019116908311844,-0.19217970967292786,1.1110317707061768,2.8825559616088867,0.15894357860088348,-1.5429998636245728,0.038880009204149246,-0.030385009944438934,-0.03416500985622406,-0.03003498911857605,-0.03258999437093735,-0.05515999346971512,-0.14153999090194702,-0.14048998057842255,-0.14468999207019806,-0.14710499346256256,0.36910131573677063,0.36573249101638794,0.36931121349334717,0.3636675179004669,0.3627399802207947,0.3633349537849426,0.3728812336921692,0.3710786998271942,0.3659687340259552,0.37119248509407043]","[-0.049019118701466774,-0.19217971644579906,1.1110317348816974,2.8825559180792415,0.1589435743175724,-1.5429998466092598,0.038880009204149246,-0.030385009944438934,-0.03416500985622406,-0.03003498911857605,-0.03258999437093735,-0.05515999346971512,-0.14153999090194702,-0.14048998057842255,-0.14468999207019806,-0.14710499346256256,0.36910131573677063,0.36573249101638794,0.36931121349334717,0.3636675179004669,0.3627399802207947,0.3633349537849426,0.3728812336921692,0.3710786998271942,0.3659687340259552,0.37119248509407043]","[5.327165126800537e-06,-2.9638409614562988e-05,4.017353057861328e-05,-0.0001933574676513672,2.5346875190734863e-05,1.823902130126953e-05,-1.430511474609375e-06,-1.1455267667770386e-06,-2.370774745941162e-05,5.9835612773895264e-05,4.8141926527023315e-05,-4.284083843231201e-07,1.7285346984863281e-06,2.3990869522094727e-06,-9.298324584960938e-06,-1.2114644050598145e-05,-1.3709068298339844e-06,-1.5497207641601562e-06,-2.0265579223632812e-06,-5.647540092468262e-05,-3.656744956970215e-05,-1.341104507446289e-06,-1.0281801223754883e-05,-8.52346420288086e-06,3.37064266204834e-05,2.142786979675293e-05]","[0.12092118710279465,-0.3179427981376648,1.0201777219772339]","[0.026122257113456726,0.023921307176351547,-0.6742233633995056,0.7376776337623596]","[-3.368042962392792e-05,6.372672214638442e-05,0.00019803675240837038]","[-0.001098852138966322,0.0010539767099544406,-0.00014380112406797707]","[-0.1599999964237213,-0.30000001192092896,0.7400000095367432]","[0.7070000171661377,0.7070000171661377,0.0,0.0]","[-0.0490243062376976,-0.19215001165866852,1.1109914779663086]","[0.14710569381713867,0.7014785408973694,0.6965489983558655,-0.03327430039644241]","[""right_finger2_link3"",""right_finger2_link4"",""right_finger3_link3"",""right_finger3_link4"",""right_finger4_link3"",""right_finger4_link4""]","[[0.002348861424252391,-0.23967574536800385,0.986480176448822],[0.004618173930794001,-0.23978900909423828,0.9570677876472473],[-0.026669399812817574,-0.2446167767047882,0.9860278964042664],[-0.025786451995372772,-0.24479225277900696,0.9565415978431702],[-0.05308414623141289,-0.23988889157772064,0.9865093231201172],[-0.05448777973651886,-0.2395826280117035,0.9570443630218506]]","[0.0,0.0,0.0,0.0,0.0,0.0]","[[0.0,0.0,0.0],[0.0,0.0,0.0],[0.0,0.0,0.0],[0.0,0.0,0.0],[0.0,0.0,0.0],[0.0,0.0,0.0]]",0.0,"[0.0,0.0,0.0]",0.0,"[0.0,0.0,0.0]",[],[],False,False,False,False,False,[],0.0019290614846260157,0.01968551668074614,6.554185527579288,0.035200907849335064,6.554185527579288,0.0,0.0,0,0,0,True,FRAME_JUMP,True
31,correction_1,FAILED,"[-0.04902472719550133,-0.19214977324008942,1.1109915971755981,2.88275408744812,0.1589175909757614,-1.543018102645874,0.03888138756155968,-0.030383853241801262,-0.034141309559345245,-0.030094819143414497,-0.03263810649514198,-0.055159617215394974,-0.1415419578552246,-0.1404922604560852,-0.14468036592006683,-0.14709286391735077,0.36910274624824524,0.365733802318573,0.3693132698535919,0.363724023103714,0.3627769649028778,0.3633362948894501,0.37289169430732727,0.37108728289604187,0.3659351170063019,0.37116995453834534]","[-0.049019116908311844,-0.19217970967292786,1.1110317707061768,2.8825559616088867,0.15894357860088348,-1.5429998636245728,0.038880009204149246,-0.030385009944438934,-0.03416500985622406,-0.03003498911857605,-0.03258999437093735,-0.05515999346971512,-0.14153999090194702,-0.14048998057842255,-0.14468999207019806,-0.14710499346256256,0.36910131573677063,0.36573249101638794,0.36931121349334717,0.3636675179004669,0.3627399802207947,0.3633349537849426,0.3728812336921692,0.3710786998271942,0.3659687340259552,0.37119248509407043]","[-0.049019118701466774,-0.19217971644579906,1.1110317348816974,2.8825559180792415,0.1589435743175724,-1.5429998466092598,0.038880009204149246,-0.030385009944438934,-0.03416500985622406,-0.03003498911857605,-0.03258999437093735,-0.05515999346971512,-0.14153999090194702,-0.14048998057842255,-0.14468999207019806,-0.14710499346256256,0.36910131573677063,0.36573249101638794,0.36931121349334717,0.3636675179004669,0.3627399802207947,0.3633349537849426,0.3728812336921692,0.3710786998271942,0.3659687340259552,0.37119248509407043]","[5.610287189483643e-06,-2.993643283843994e-05,4.017353057861328e-05,-0.00019812583923339844,2.5987625122070312e-05,1.823902130126953e-05,-1.3783574104309082e-06,-1.1567026376724243e-06,-2.3700296878814697e-05,5.983002483844757e-05,4.811212420463562e-05,-3.762543201446533e-07,1.9669532775878906e-06,2.2798776626586914e-06,-9.626150131225586e-06,-1.2129545211791992e-05,-1.430511474609375e-06,-1.3113021850585938e-06,-2.0563602447509766e-06,-5.650520324707031e-05,-3.698468208312988e-05,-1.341104507446289e-06,-1.0460615158081055e-05,-8.58306884765625e-06,3.361701965332031e-05,2.2530555725097656e-05]","[0.12092017382383347,-0.31794247031211853,1.0201810598373413]","[0.0261030625551939,0.02390398271381855,-0.6742252111434937,0.7376770973205566]","[5.41230765520595e-05,9.98562973109074e-05,0.0004567859577946365]","[-0.0026073751505464315,0.002294288482517004,-5.367170524550602e-05]","[-0.1599999964237213,-0.30000001192092896,0.7400000095367432]","[0.7070000171661377,0.7070000171661377,0.0,0.0]","[-0.049024589359760284,-0.19214971363544464,1.1109914779663086]","[0.14710398018360138,0.7014790177345276,0.6965489983558655,-0.033272866159677505]","[""right_finger2_link3"",""right_finger2_link4"",""right_finger3_link3"",""right_finger3_link4"",""right_finger4_link3"",""right_finger4_link4""]","[[0.002348504029214382,-0.23967492580413818,0.9864799976348877],[0.004617798607796431,-0.23978807032108307,0.957067608833313],[-0.02666974812746048,-0.24461594223976135,0.9860278367996216],[-0.025786811485886574,-0.24479126930236816,0.9565415978431702],[-0.053084470331668854,-0.2398880124092102,0.9865092039108276],[-0.054488103836774826,-0.2395816147327423,0.957044243812561]]","[0.0,0.0,0.0,0.0,0.0,0.0]","[[0.0,0.0,0.0],[0.0,0.0,0.0],[0.0,0.0,0.0],[0.0,0.0,0.0],[0.0,0.0,0.0],[0.0,0.0,0.0]]",0.0,"[0.0,0.0,0.0]",0.0,"[0.0,0.0,0.0]",[],[],False,False,False,False,False,[],0.001931116831196178,0.019685422513864112,6.5521955891387185,0.03520369977126321,6.5521955891387185,0.0,0.0,0,0,0,True,FRAME_JUMP,True
32,correction_1,FAILED,"[-0.04902505502104759,-0.19214947521686554,1.1109915971755981,2.8827595710754395,0.15891721844673157,-1.543018102645874,0.03888137638568878,-0.030384071171283722,-0.0341411754488945,-0.03009549155831337,-0.03263869881629944,-0.0551595613360405,-0.1415422409772873,-0.1404917985200882,-0.14468087255954742,-0.1470930576324463,0.36910298466682434,0.3657340109348297,0.3693133294582367,0.36372438073158264,0.36277711391448975,0.3633362948894501,0.37289169430732727,0.3710872530937195,0.3659345805644989,0.3711701035499573]","[-0.049019116908311844,-0.19217970967292786,1.1110317707061768,2.8825559616088867,0.15894357860088348,-1.5429998636245728,0.038880009204149246,-0.030385009944438934,-0.03416500985622406,-0.03003498911857605,-0.03258999437093735,-0.05515999346971512,-0.14153999090194702,-0.14048998057842255,-0.14468999207019806,-0.14710499346256256,0.36910131573677063,0.36573249101638794,0.36931121349334717,0.3636675179004669,0.3627399802207947,0.3633349537849426,0.3728812336921692,0.3710786998271942,0.3659687340259552,0.37119248509407043]","[-0.049019118701466774,-0.19217971644579906,1.1110317348816974,2.8825559180792415,0.1589435743175724,-1.5429998466092598,0.038880009204149246,-0.030385009944438934,-0.03416500985622406,-0.03003498911857605,-0.03258999437093735,-0.05515999346971512,-0.14153999090194702,-0.14048998057842255,-0.14468999207019806,-0.14710499346256256,0.36910131573677063,0.36573249101638794,0.36931121349334717,0.3636675179004669,0.3627399802207947,0.3633349537849426,0.3728812336921692,0.3710786998271942,0.3659687340259552,0.37119248509407043]","[5.938112735748291e-06,-3.0234456062316895e-05,4.017353057861328e-05,-0.00020360946655273438,2.6360154151916504e-05,1.823902130126953e-05,-1.3671815395355225e-06,-9.387731552124023e-07,-2.3834407329559326e-05,6.0502439737319946e-05,4.8704445362091064e-05,-4.3213367462158203e-07,2.250075340270996e-06,1.817941665649414e-06,-9.119510650634766e-06,-1.1935830116271973e-05,-1.6689300537109375e-06,-1.519918441772461e-06,-2.115964889526367e-06,-5.6862831115722656e-05,-3.713369369506836e-05,-1.341104507446289e-06,-1.0460615158081055e-05,-8.553266525268555e-06,3.415346145629883e-05,2.238154411315918e-05]","[0.12091969698667526,-0.3179432451725006,1.0201793909072876]","[0.026097944006323814,0.023898959159851074,-0.6742320656776428,0.7376713156700134]","[-3.444370304350741e-05,0.0002819601504597813,-0.0001299977593589574]","[0.0006725972634740174,-0.00024624448269605637,-0.00036439773975871503]","[-0.1599999964237213,-0.30000001192092896,0.7400000095367432]","[0.7070000171661377,0.7070000171661377,0.0,0.0]","[-0.04902491718530655,-0.19214940071105957,1.1109914779663086]","[0.14710189402103424,0.701479434967041,0.6965491771697998,-0.033271048218011856]","[""right_finger2_link3"",""right_finger2_link4"",""right_finger3_link3"",""right_finger3_link4"",""right_finger4_link3"",""right_finger4_link4""]","[[0.0023481377866119146,-0.2396739274263382,0.9864797592163086],[0.004617417696863413,-0.23978690803050995,0.9570674300193787],[-0.026670081540942192,-0.24461491405963898,0.9860273599624634],[-0.02578713558614254,-0.24479009211063385,0.956541121006012],[-0.053084857761859894,-0.2398870587348938,0.9865089058876038],[-0.05448850989341736,-0.23958051204681396,0.9570439457893372]]","[0.0,0.0,0.0,0.0,0.0,0.0]","[[0.0,0.0,0.0],[0.0,0.0,0.0],[0.0,0.0,0.0],[0.0,0.0,0.0],[0.0,0.0,0.0],[0.0,0.0,0.0]]",0.0,"[0.0,0.0,0.0]",0.0,"[0.0,0.0,0.0]",[],[],False,False,False,False,False,[],0.0019302620965830908,0.01968638185562517,6.550880195039157,0.03520281398976728,6.550880195039157,0.0,0.0,0,0,0,True,FRAME_JUMP,True
33,correction_1,FAILED,"[-0.04902510344982147,-0.1921488642692566,1.1109915971755981,2.8827648162841797,0.1589166820049286,-1.543018102645874,0.038881413638591766,-0.030383843928575516,-0.034140970557928085,-0.030095744878053665,-0.03263886645436287,-0.05515960603952408,-0.14154206216335297,-0.14049196243286133,-0.14468078315258026,-0.14709314703941345,0.36910295486450195,0.365734338760376,0.36931371688842773,0.36372461915016174,0.3627782166004181,0.3633362948894501,0.37289172410964966,0.3710871934890747,0.3659345209598541,0.37117093801498413]","[-0.049019116908311844,-0.19217970967292786,1.1110317707061768,2.8825559616088867,0.15894357860088348,-1.5429998636245728,0.038880009204149246,-0.030385009944438934,-0.03416500985622406,-0.03003498911857605,-0.03258999437093735,-0.05515999346971512,-0.14153999090194702,-0.14048998057842255,-0.14468999207019806,-0.14710499346256256,0.36910131573677063,0.36573249101638794,0.36931121349334717,0.3636675179004669,0.3627399802207947,0.3633349537849426,0.3728812336921692,0.3710786998271942,0.3659687340259552,0.37119248509407043]","[-0.049019118701466774,-0.19217971644579906,1.1110317348816974,2.8825559180792415,0.1589435743175724,-1.5429998466092598,0.038880009204149246,-0.030385009944438934,-0.03416500985622406,-0.03003498911857605,-0.03258999437093735,-0.05515999346971512,-0.14153999090194702,-0.14048998057842255,-0.14468999207019806,-0.14710499346256256,0.36910131573677063,0.36573249101638794,0.36931121349334717,0.3636675179004669,0.3627399802207947,0.3633349537849426,0.3728812336921692,0.3710786998271942,0.3659687340259552,0.37119248509407043]","[5.986541509628296e-06,-3.084540367126465e-05,4.017353057861328e-05,-0.00020885467529296875,2.689659595489502e-05,1.823902130126953e-05,-1.4044344425201416e-06,-1.166015863418579e-06,-2.403929829597473e-05,6.0755759477615356e-05,4.887208342552185e-05,-3.8743019104003906e-07,2.0712614059448242e-06,1.9818544387817383e-06,-9.208917617797852e-06,-1.1846423149108887e-05,-1.6391277313232422e-06,-1.8477439880371094e-06,-2.5033950805664062e-06,-5.710124969482422e-05,-3.8236379623413086e-05,-1.341104507446289e-06,-1.049041748046875e-05,-8.493661880493164e-06,3.421306610107422e-05,2.154707908630371e-05]","[0.12091881036758423,-0.3179442584514618,1.0201761722564697]","[0.026089677587151527,0.02389078214764595,-0.674242377281189,0.7376623749732971]","[9.807611786527559e-05,-3.478900543996133e-05,0.0005079531692899764]","[-0.00271867704577744,0.0024283630773425102,0.00026049395091831684]","[-0.1599999964237213,-0.30000001192092896,0.7400000095367432]","[0.7070000171661377,0.7070000171661377,0.0,0.0]","[-0.04902496561408043,-0.19214880466461182,1.1109914779663086]","[0.1470998078584671,0.7014798521995544,0.6965492367744446,-0.033269479870796204]","[""right_finger2_link3"",""right_finger2_link4"",""right_finger3_link3"",""right_finger3_link4"",""right_finger4_link3"",""right_finger4_link4""]","[[0.0023479952942579985,-0.23967264592647552,0.9864794611930847],[0.004617254249751568,-0.23978546261787415,0.9570671319961548],[-0.026670236140489578,-0.2446136474609375,0.98602694272995],[-0.025787319988012314,-0.24478866159915924,0.9565407037734985],[-0.05308500677347183,-0.23988579213619232,0.9865086674690247],[-0.054488684982061386,-0.23957906663417816,0.9570436477661133]]","[0.0,0.0,0.0,0.0,0.0,0.0]","[[0.0,0.0,0.0],[0.0,0.0,0.0],[0.0,0.0,0.0],[0.0,0.0,0.0],[0.0,0.0,0.0],[0.0,0.0,0.0]]",0.0,"[0.0,0.0,0.0]",0.0,"[0.0,0.0,0.0]",[],[],False,False,False,False,False,[],0.0019282414007673054,0.019687769925623256,6.5488278159893305,0.03520084726008552,6.5488278159893305,0.0,0.0,0,0,0,True,FRAME_JUMP,True
34,correction_1,FAILED,"[-0.04902506247162819,-0.1921485811471939,1.1109915971755981,2.882770538330078,0.15891626477241516,-1.5430179834365845,0.038881462067365646,-0.030383789911866188,-0.03414103388786316,-0.03009556420147419,-0.032638728618621826,-0.05515963211655617,-0.14154192805290222,-0.14049233496189117,-0.14468075335025787,-0.14709314703941345,0.36910274624824524,0.3657340109348297,0.36931338906288147,0.3637244701385498,0.3627767860889435,0.3633362948894501,0.3728918731212616,0.3710871636867523,0.36593446135520935,0.3711700737476349]","[-0.049019116908311844,-0.19217970967292786,1.1110317707061768,2.8825559616088867,0.15894357860088348,-1.5429998636245728,0.038880009204149246,-0.030385009944438934,-0.03416500985622406,-0.03003498911857605,-0.03258999437093735,-0.05515999346971512,-0.14153999090194702,-0.14048998057842255,-0.14468999207019806,-0.14710499346256256,0.36910131573677063,0.36573249101638794,0.36931121349334717,0.3636675179004669,0.3627399802207947,0.3633349537849426,0.3728812336921692,0.3710786998271942,0.3659687340259552,0.37119248509407043]","[-0.049019118701466774,-0.19217971644579906,1.1110317348816974,2.8825559180792415,0.1589435743175724,-1.5429998466092598,0.038880009204149246,-0.030385009944438934,-0.03416500985622406,-0.03003498911857605,-0.03258999437093735,-0.05515999346971512,-0.14153999090194702,-0.14048998057842255,-0.14468999207019806,-0.14710499346256256,0.36910131573677063,0.36573249101638794,0.36931121349334717,0.3636675179004669,0.3627399802207947,0.3633349537849426,0.3728812336921692,0.3710786998271942,0.3659687340259552,0.37119248509407043]","[5.945563316345215e-06,-3.1128525733947754e-05,4.017353057861328e-05,-0.00021457672119140625,2.7313828468322754e-05,1.811981201171875e-05,-1.4528632164001465e-06,-1.2200325727462769e-06,-2.397596836090088e-05,6.0575082898139954e-05,4.873424768447876e-05,-3.6135315895080566e-07,1.9371509552001953e-06,2.3543834686279297e-06,-9.238719940185547e-06,-1.1846423149108887e-05,-1.430511474609375e-06,-1.519918441772461e-06,-2.175569534301758e-06,-5.695223808288574e-05,-3.680586814880371e-05,-1.341104507446289e-06,-1.0639429092407227e-05,-8.463859558105469e-06,3.427267074584961e-05,2.2411346435546875e-05]","[0.12091922760009766,-0.3179439902305603,1.020172119140625]","[0.026093650609254837,0.02389552630484104,-0.6742361783981323,0.7376677393913269]","[-8.985877502709627e-05,-0.00016848050290718675,-0.0003884524921886623]","[0.0018187002278864384,-0.0019228651653975248,-0.00021766105783171952]","[-0.1599999964237213,-0.30000001192092896,0.7400000095367432]","[0.7070000171661377,0.7070000171661377,0.0,0.0]","[-0.049024924635887146,-0.19214852154254913,1.1109914779663086]","[0.14709772169589996,0.7014803886413574,0.6965491771697998,-0.03326763957738876]","[""right_finger2_link3"",""right_finger2_link4"",""right_finger3_link3"",""right_finger3_link4"",""right_finger4_link3"",""right_finger4_link4""]","[[0.002347986213862896,-0.23967169225215912,0.9864791631698608],[0.004617246333509684,-0.2397843599319458,0.9570668339729309],[-0.026670269668102264,-0.2446126788854599,0.9860267639160156],[-0.025787370279431343,-0.24478751420974731,0.9565404653549194],[-0.05308501049876213,-0.23988482356071472,0.9865084290504456],[-0.05448869243264198,-0.23957794904708862,0.9570434093475342]]","[0.0,0.0,0.0,0.0,0.0,0.0]","[[0.0,0.0,0.0],[0.0,0.0,0.0],[0.0,0.0,0.0],[0.0,0.0,0.0],[0.0,0.0,0.0],[0.0,0.0,0.0]]",0.0,"[0.0,0.0,0.0]",0.0,"[0.0,0.0,0.0]",[],[],False,False,False,False,False,[],0.0019234245976313957,0.019687541259054794,6.550000733838095,0.03519726490879506,6.550000733838095,0.0,0.0,0,0,0,True,FRAME_JUMP,True
35,correction_1,FAILED,"[-0.049025021493434906,-0.19214829802513123,1.1109915971755981,2.8827757835388184,0.15891581773757935,-1.5430179834365845,0.038881443440914154,-0.030383773148059845,-0.03414098545908928,-0.030095651745796204,-0.032638780772686005,-0.05515964329242706,-0.14154182374477386,-0.14049217104911804,-0.14468061923980713,-0.14709311723709106,0.36910274624824524,0.3657342195510864,0.3693135976791382,0.3637247085571289,0.36277756094932556,0.3633362948894501,0.3728918433189392,0.3710872232913971,0.3659344017505646,0.37117117643356323]","[-0.049019116908311844,-0.19217970967292786,1.1110317707061768,2.8825559616088867,0.15894357860088348,-1.5429998636245728,0.038880009204149246,-0.030385009944438934,-0.03416500985622406,-0.03003498911857605,-0.03258999437093735,-0.05515999346971512,-0.14153999090194702,-0.14048998057842255,-0.14468999207019806,-0.14710499346256256,0.36910131573677063,0.36573249101638794,0.36931121349334717,0.3636675179004669,0.3627399802207947,0.3633349537849426,0.3728812336921692,0.3710786998271942,0.3659687340259552,0.37119248509407043]","[-0.049019118701466774,-0.19217971644579906,1.1110317348816974,2.8825559180792415,0.1589435743175724,-1.5429998466092598,0.038880009204149246,-0.030385009944438934,-0.03416500985622406,-0.03003498911857605,-0.03258999437093735,-0.05515999346971512,-0.14153999090194702,-0.14048998057842255,-0.14468999207019806,-0.14710499346256256,0.36910131573677063,0.36573249101638794,0.36931121349334717,0.3636675179004669,0.3627399802207947,0.3633349537849426,0.3728812336921692,0.3710786998271942,0.3659687340259552,0.37119248509407043]","[5.904585123062134e-06,-3.141164779663086e-05,4.017353057861328e-05,-0.00021982192993164062,2.7760863304138184e-05,1.811981201171875e-05,-1.434236764907837e-06,-1.2367963790893555e-06,-2.4024397134780884e-05,6.066262722015381e-05,4.8786401748657227e-05,-3.501772880554199e-07,1.8328428268432617e-06,2.1904706954956055e-06,-9.372830390930176e-06,-1.1876225471496582e-05,-1.430511474609375e-06,-1.7285346984863281e-06,-2.384185791015625e-06,-5.7190656661987305e-05,-3.758072853088379e-05,-1.341104507446289e-06,-1.0609626770019531e-05,-8.52346420288086e-06,3.4332275390625e-05,2.130866050720215e-05]","[0.12091860920190811,-0.31794458627700806,1.02017080783844]","[0.0260873194783926,0.023889079689979553,-0.6742442846298218,0.7376607060432434]","[8.129244088195264e-05,0.00013190580648370087,0.0006706113927066326]","[-0.0037944656796753407,0.0030091418884694576,-4.099414945812896e-05]","[-0.1599999964237213,-0.30000001192092896,0.7400000095367432]","[0.7070000171661377,0.7070000171661377,0.0,0.0]","[-0.04902488738298416,-0.19214823842048645,1.1109914779663086]","[0.14709575474262238,0.7014808058738708,0.6965492963790894,-0.033265963196754456]","[""right_finger2_link3"",""right_finger2_link4"",""right_finger3_link3"",""right_finger3_link4"",""right_finger4_link3"",""right_finger4_link4""]","[[0.0023479857482016087,-0.2396707683801651,0.9864789247512817],[0.004617232829332352,-0.23978325724601746,0.957066535949707],[-0.026670273393392563,-0.24461175501346588,0.9860263466835022],[-0.02578737773001194,-0.24478642642498016,0.956540048122406],[-0.05308501049876213,-0.2398838996887207,0.9865081310272217],[-0.05448869243264198,-0.23957684636116028,0.9570431113243103]]","[0.0,0.0,0.0,0.0,0.0,0.0]","[[0.0,0.0,0.0],[0.0,0.0,0.0],[0.0,0.0,0.0],[0.0,0.0,0.0],[0.0,0.0,0.0],[0.0,0.0,0.0]]",0.0,"[0.0,0.0,0.0]",0.0,"[0.0,0.0,0.0]",[],[],False,False,False,False,False,[],0.001923060749076999,0.019688367764527464,6.548394880424041,0.03519660954315191,6.548394880424041,0.0,0.0,0,0,0,True,FRAME_JUMP,True
36,correction_1,FAILED,"[-0.04902539774775505,-0.19214805960655212,1.1109915971755981,2.8827805519104004,0.1589152216911316,-1.5430179834365845,0.038881391286849976,-0.030383899807929993,-0.03414116054773331,-0.030095381662249565,-0.03263852372765541,-0.05515960603952408,-0.14154210686683655,-0.14049199223518372,-0.14468027651309967,-0.147092804312706,0.36910271644592285,0.36573415994644165,0.3693133294582367,0.3637246787548065,0.3627755045890808,0.3633362948894501,0.372891902923584,0.37108728289604187,0.36593443155288696,0.3711712658405304]","[-0.049019116908311844,-0.19217970967292786,1.1110317707061768,2.8825559616088867,0.15894357860088348,-1.5429998636245728,0.038880009204149246,-0.030385009944438934,-0.03416500985622406,-0.03003498911857605,-0.03258999437093735,-0.05515999346971512,-0.14153999090194702,-0.14048998057842255,-0.14468999207019806,-0.14710499346256256,0.36910131573677063,0.36573249101638794,0.36931121349334717,0.3636675179004669,0.3627399802207947,0.3633349537849426,0.3728812336921692,0.3710786998271942,0.3659687340259552,0.37119248509407043]","[-0.049019118701466774,-0.19217971644579906,1.1110317348816974,2.8825559180792415,0.1589435743175724,-1.5429998466092598,0.038880009204149246,-0.030385009944438934,-0.03416500985622406,-0.03003498911857605,-0.03258999437093735,-0.05515999346971512,-0.14153999090194702,-0.14048998057842255,-0.14468999207019806,-0.14710499346256256,0.36910131573677063,0.36573249101638794,0.36931121349334717,0.3636675179004669,0.3627399802207947,0.3633349537849426,0.3728812336921692,0.3710786998271942,0.3659687340259552,0.37119248509407043]","[6.280839443206787e-06,-3.165006637573242e-05,4.017353057861328e-05,-0.00022459030151367188,2.835690975189209e-05,1.811981201171875e-05,-1.3820827007293701e-06,-1.1101365089416504e-06,-2.3849308490753174e-05,6.039254367351532e-05,4.8529356718063354e-05,-3.8743019104003906e-07,2.115964889526367e-06,2.0116567611694336e-06,-9.715557098388672e-06,-1.2189149856567383e-05,-1.4007091522216797e-06,-1.6689300537109375e-06,-2.115964889526367e-06,-5.716085433959961e-05,-3.552436828613281e-05,-1.341104507446289e-06,-1.0669231414794922e-05,-8.58306884765625e-06,3.4302473068237305e-05,2.1219253540039062e-05]","[0.1209178939461708,-0.3179454207420349,1.0201689004898071]","[0.02608024887740612,0.023882025852799416,-0.6742532253265381,0.7376530766487122]","[0.000362564082024619,0.00020668927754741162,3.520880272844806e-05]","[-0.0009477651910856366,0.00010003270290326327,0.00018134753918275237]","[-0.1599999964237213,-0.30000001192092896,0.7400000095367432]","[0.7070000171661377,0.7070000171661377,0.0,0.0]","[-0.04902525991201401,-0.19214800000190735,1.1109914779663086]","[0.1470937877893448,0.701481282711029,0.6965493559837341,-0.03326452150940895]","[""right_finger2_link3"",""right_finger2_link4"",""right_finger3_link3"",""right_finger3_link4"",""right_finger4_link3"",""right_finger4_link4""]","[[0.0023474926128983498,-0.23966993391513824,0.9864786863327026],[0.004616711288690567,-0.23978227376937866,0.9570662975311279],[-0.026670748367905617,-0.24461092054843903,0.9860262274742126],[-0.025787873193621635,-0.24478545784950256,0.9565399885177612],[-0.05308547616004944,-0.23988302052021027,0.9865078330039978],[-0.054489172995090485,-0.2395758330821991,0.9570428133010864]]","[0.0,0.0,0.0,0.0,0.0,0.0]","[[0.0,0.0,0.0],[0.0,0.0,0.0],[0.0,0.0,0.0],[0.0,0.0,0.0],[0.0,0.0,0.0],[0.0,0.0,0.0]]",0.0,"[0.0,0.0,0.0]",0.0,"[0.0,0.0,0.0]",[],[],False,False,False,False,False,[],0.0019221857307700763,0.019689476026331868,6.546629369685875,0.035195603750686484,6.546629369685875,0.0,0.0,0,0,0,True,FRAME_JUMP,True
37,correction_1,FAILED,"[-0.04902544617652893,-0.19214776158332825,1.1109915971755981,2.8827857971191406,0.1589151918888092,-1.543017864227295,0.03888145834207535,-0.03038381040096283,-0.03414095938205719,-0.030095770955085754,-0.03263884782791138,-0.055159617215394974,-0.14154216647148132,-0.14049144089221954,-0.14468072354793549,-0.1470930129289627,0.36910295486450195,0.365734338760376,0.36931347846984863,0.36372506618499756,0.3627769947052002,0.3633362948894501,0.37289196252822876,0.37108731269836426,0.3659343421459198,0.3711690306663513]","[-0.049019116908311844,-0.19217970967292786,1.1110317707061768,2.8825559616088867,0.15894357860088348,-1.5429998636245728,0.038880009204149246,-0.030385009944438934,-0.03416500985622406,-0.03003498911857605,-0.03258999437093735,-0.05515999346971512,-0.14153999090194702,-0.14048998057842255,-0.14468999207019806,-0.14710499346256256,0.36910131573677063,0.36573249101638794,0.36931121349334717,0.3636675179004669,0.3627399802207947,0.3633349537849426,0.3728812336921692,0.3710786998271942,0.3659687340259552,0.37119248509407043]","[-0.049019118701466774,-0.19217971644579906,1.1110317348816974,2.8825559180792415,0.1589435743175724,-1.5429998466092598,0.038880009204149246,-0.030385009944438934,-0.03416500985622406,-0.03003498911857605,-0.03258999437093735,-0.05515999346971512,-0.14153999090194702,-0.14048998057842255,-0.14468999207019806,-0.14710499346256256,0.36910131573677063,0.36573249101638794,0.36931121349334717,0.3636675179004669,0.3627399802207947,0.3633349537849426,0.3728812336921692,0.3710786998271942,0.3659687340259552,0.37119248509407043]","[6.329268217086792e-06,-3.1948089599609375e-05,4.017353057861328e-05,-0.00022983551025390625,2.8386712074279785e-05,1.800060272216797e-05,-1.4491379261016846e-06,-1.1995434761047363e-06,-2.4050474166870117e-05,6.078183650970459e-05,4.885345697402954e-05,-3.762543201446533e-07,2.175569534301758e-06,1.4603137969970703e-06,-9.268522262573242e-06,-1.1980533599853516e-05,-1.6391277313232422e-06,-1.8477439880371094e-06,-2.2649765014648438e-06,-5.754828453063965e-05,-3.701448440551758e-05,-1.341104507446289e-06,-1.0728836059570312e-05,-8.612871170043945e-06,3.439188003540039e-05,2.345442771911621e-05]","[0.12091830372810364,-0.3179463744163513,1.0201597213745117]","[0.026095852255821228,0.02389601245522499,-0.6742541193962097,0.7376512885093689]","[4.730874570668675e-05,8.89521834324114e-05,0.0006374158547259867]","[-0.003593185916543007,0.0029296735301613808,-9.14077609195374e-05]","[-0.1599999964237213,-0.30000001192092896,0.7400000095367432]","[0.7070000171661377,0.7070000171661377,0.0,0.0]","[-0.04902530834078789,-0.19214770197868347,1.1109914779663086]","[0.14709194004535675,0.7014816403388977,0.6965494155883789,-0.0332627072930336]","[""right_finger2_link3"",""right_finger2_link4"",""right_finger3_link3"",""right_finger3_link4"",""right_finger4_link3"",""right_finger4_link4""]","[[0.0023474404588341713,-0.23966899514198303,0.9864783883094788],[0.00461665540933609,-0.23978117108345032,0.957065999507904],[-0.02667076326906681,-0.2446099817752838,0.9860258102416992],[-0.025787867605686188,-0.24478435516357422,0.9565395712852478],[-0.0530855730175972,-0.23988211154937744,0.9865075945854187],[-0.05448928847908974,-0.23957477509975433,0.9570426344871521]]","[0.0,0.0,0.0,0.0,0.0,0.0]","[[0.0,0.0,0.0],[0.0,0.0,0.0],[0.0,0.0,0.0],[0.0,0.0,0.0],[0.0,0.0,0.0],[0.0,0.0,0.0]]",0.0,"[0.0,0.0,0.0]",0.0,"[0.0,0.0,0.0]",[],[],False,False,False,False,False,[],0.0019144967408608604,0.019690611145682126,6.54794807491564,0.03518841396761973,6.54794807491564,0.0,0.0,0,0,0,True,FRAME_JUMP,True
38,correction_1,FAILED,"[-0.049025680869817734,-0.19214756786823273,1.1109915971755981,2.8827903270721436,0.15891484916210175,-1.543017864227295,0.038881342858076096,-0.030384071171283722,-0.03414095193147659,-0.030095994472503662,-0.032639019191265106,-0.055159591138362885,-0.14154234528541565,-0.14049135148525238,-0.14468055963516235,-0.14709293842315674,0.36910298466682434,0.3657340705394745,0.3693130314350128,0.3637250065803528,0.3627771735191345,0.3633362948894501,0.3728920519351959,0.37108731269836426,0.3659341633319855,0.3711695969104767]","[-0.049019116908311844,-0.19217970967292786,1.1110317707061768,2.8825559616088867,0.15894357860088348,-1.5429998636245728,0.038880009204149246,-0.030385009944438934,-0.03416500985622406,-0.03003498911857605,-0.03258999437093735,-0.05515999346971512,-0.14153999090194702,-0.14048998057842255,-0.14468999207019806,-0.14710499346256256,0.36910131573677063,0.36573249101638794,0.36931121349334717,0.3636675179004669,0.3627399802207947,0.3633349537849426,0.3728812336921692,0.3710786998271942,0.3659687340259552,0.37119248509407043]","[-0.049019118701466774,-0.19217971644579906,1.1110317348816974,2.8825559180792415,0.1589435743175724,-1.5429998466092598,0.038880009204149246,-0.030385009944438934,-0.03416500985622406,-0.03003498911857605,-0.03258999437093735,-0.05515999346971512,-0.14153999090194702,-0.14048998057842255,-0.14468999207019806,-0.14710499346256256,0.36910131573677063,0.36573249101638794,0.36931121349334717,0.3636675179004669,0.3627399802207947,0.3633349537849426,0.3728812336921692,0.3710786998271942,0.3659687340259552,0.37119248509407043]","[6.563961505889893e-06,-3.2141804695129395e-05,4.017353057861328e-05,-0.00023436546325683594,2.872943878173828e-05,1.800060272216797e-05,-1.3336539268493652e-06,-9.387731552124023e-07,-2.405792474746704e-05,6.1005353927612305e-05,4.902482032775879e-05,-4.023313522338867e-07,2.3543834686279297e-06,1.3709068298339844e-06,-9.432435035705566e-06,-1.2055039405822754e-05,-1.6689300537109375e-06,-1.5795230865478516e-06,-1.817941665649414e-06,-5.748867988586426e-05,-3.719329833984375e-05,-1.341104507446289e-06,-1.0818243026733398e-05,-8.612871170043945e-06,3.457069396972656e-05,2.288818359375e-05]","[0.12091749161481857,-0.31794607639312744,1.0201635360717773]","[0.026077235117554665,0.02387932501733303,-0.6742553114891052,0.7376512885093689]","[-0.00014288511010818183,0.00025734162773005664,-0.00016167647845577449]","[0.0009768548188731074,-0.00010813018161570653,-0.0005403916002251208]","[-0.1599999964237213,-0.30000001192092896,0.7400000095367432]","[0.7070000171661377,0.7070000171661377,0.0,0.0]","[-0.04902554303407669,-0.19214750826358795,1.1109914779663086]","[0.14709021151065826,0.7014819979667664,0.6965495347976685,-0.033261269330978394]","[""right_finger2_link3"",""right_finger2_link4"",""right_finger3_link3"",""right_finger3_link4"",""right_finger4_link3"",""right_finger4_link4""]","[[0.002347133820876479,-0.23966825008392334,0.9864782094955444],[0.004616329446434975,-0.23978032171726227,0.9570658206939697],[-0.026671050116419792,-0.24460919201374054,0.9860256910324097],[-0.025788165628910065,-0.2447834610939026,0.9565393924713135],[-0.05308583751320839,-0.23988133668899536,0.9865075349807739],[-0.05448955297470093,-0.2395738661289215,0.9570425748825073]]","[0.0,0.0,0.0,0.0,0.0,0.0]","[[0.0,0.0,0.0],[0.0,0.0,0.0],[0.0,0.0,0.0],[0.0,0.0,0.0],[0.0,0.0,0.0],[0.0,0.0,0.0]]",0.0,"[0.0,0.0,0.0]",0.0,"[0.0,0.0,0.0]",[],[],False,False,False,False,False,[],0.0019169633016660192,0.019690452639371372,6.5460951990353875,0.03519157736228058,6.5460951990353875,0.0,0.0,0,0,0,True,FRAME_JUMP,True
39,correction_1,FAILED,"[-0.0490259975194931,-0.1921471804380417,1.1109915971755981,2.882795572280884,0.15891429781913757,-1.543017864227295,0.03888140246272087,-0.030383935198187828,-0.03414082154631615,-0.03009619563817978,-0.03263913840055466,-0.055159568786621094,-0.14154240489006042,-0.1404915750026703,-0.14468036592006683,-0.14709289371967316,0.3691030442714691,0.3657345175743103,0.36931341886520386,0.36372512578964233,0.3627774119377136,0.3633362948894501,0.37289202213287354,0.3710872530937195,0.3659340441226959,0.3711705207824707]","[-0.049019116908311844,-0.19217970967292786,1.1110317707061768,2.8825559616088867,0.15894357860088348,-1.5429998636245728,0.038880009204149246,-0.030385009944438934,-0.03416500985622406,-0.03003498911857605,-0.03258999437093735,-0.05515999346971512,-0.14153999090194702,-0.14048998057842255,-0.14468999207019806,-0.14710499346256256,0.36910131573677063,0.36573249101638794,0.36931121349334717,0.3636675179004669,0.3627399802207947,0.3633349537849426,0.3728812336921692,0.3710786998271942,0.3659687340259552,0.37119248509407043]","[-0.049019118701466774,-0.19217971644579906,1.1110317348816974,2.8825559180792415,0.1589435743175724,-1.5429998466092598,0.038880009204149246,-0.030385009944438934,-0.03416500985622406,-0.03003498911857605,-0.03258999437093735,-0.05515999346971512,-0.14153999090194702,-0.14048998057842255,-0.14468999207019806,-0.14710499346256256,0.36910131573677063,0.36573249101638794,0.36931121349334717,0.3636675179004669,0.3627399802207947,0.3633349537849426,0.3728812336921692,0.3710786998271942,0.3659687340259552,0.37119248509407043]","[6.880611181259155e-06,-3.2529234886169434e-05,4.017353057861328e-05,-0.0002396106719970703,2.9280781745910645e-05,1.800060272216797e-05,-1.3932585716247559e-06,-1.0747462511062622e-06,-2.4188309907913208e-05,6.120651960372925e-05,4.914402961730957e-05,-4.246830940246582e-07,2.4139881134033203e-06,1.5944242477416992e-06,-9.626150131225586e-06,-1.2099742889404297e-05,-1.7285346984863281e-06,-2.0265579223632812e-06,-2.205371856689453e-06,-5.760788917541504e-05,-3.743171691894531e-05,-1.341104507446289e-06,-1.0788440704345703e-05,-8.553266525268555e-06,3.4689903259277344e-05,2.1964311599731445e-05]","[0.12091682851314545,-0.31794682145118713,1.0201618671417236]","[0.02607017569243908,0.023872269317507744,-0.6742639541625977,0.737643837928772]","[9.580948972143233e-05,0.00026403414085507393,-0.0001122081812354736]","[-0.0002145549951819703,-0.0005197953432798386,0.00015396154776681215]","[-0.1599999964237213,-0.30000001192092896,0.7400000095367432]","[0.7070000171661377,0.7070000171661377,0.0,0.0]","[-0.04902586340904236,-0.1921471208333969,1.1109914779663086]","[0.14708827435970306,0.7014824151992798,0.6965494751930237,-0.033259570598602295]","[""right_finger2_link3"",""right_finger2_link4"",""right_finger3_link3"",""right_finger3_link4"",""right_finger4_link3"",""right_finger4_link4""]","[[0.0023467717692255974,-0.23966720700263977,0.986477792263031],[0.004615957848727703,-0.23977911472320557,0.9570654034614563],[-0.026671437546610832,-0.24460814893245697,0.986025333404541],[-0.025788571685552597,-0.2447822391986847,0.9565390348434448],[-0.05308619886636734,-0.23988030850887299,0.9865071773529053],[-0.054489925503730774,-0.2395727038383484,0.9570422172546387]]","[0.0,0.0,0.0,0.0,0.0,0.0]","[[0.0,0.0,0.0],[0.0,0.0,0.0],[0.0,0.0,0.0],[0.0,0.0,0.0],[0.0,0.0,0.0],[0.0,0.0,0.0]]",0.0,"[0.0,0.0,0.0]",0.0,"[0.0,0.0,0.0]",[],[],False,False,False,False,False,[],0.0019162800916897593,0.019691449795847065,6.544361024315501,0.03519071257251258,6.544361024315501,0.0,0.0,0,0,0,True,FRAME_JUMP,True
40,correction_1,FAILED,"[-0.049025993794202805,-0.19214686751365662,1.1109915971755981,2.882800579071045,0.15891438722610474,-1.5430177450180054,0.03888149559497833,-0.030383804813027382,-0.034140694886446,-0.030096398666501045,-0.032639361917972565,-0.05515959486365318,-0.14154194295406342,-0.14049161970615387,-0.1446804702281952,-0.1470930576324463,0.36910295486450195,0.36573463678359985,0.36931344866752625,0.36372536420822144,0.3627781569957733,0.3633362948894501,0.37289202213287354,0.37108728289604187,0.36593395471572876,0.37117084860801697]","[-0.049019116908311844,-0.19217970967292786,1.1110317707061768,2.8825559616088867,0.15894357860088348,-1.5429998636245728,0.038880009204149246,-0.030385009944438934,-0.03416500985622406,-0.03003498911857605,-0.03258999437093735,-0.05515999346971512,-0.14153999090194702,-0.14048998057842255,-0.14468999207019806,-0.14710499346256256,0.36910131573677063,0.36573249101638794,0.36931121349334717,0.3636675179004669,0.3627399802207947,0.3633349537849426,0.3728812336921692,0.3710786998271942,0.3659687340259552,0.37119248509407043]","[-0.049019118701466774,-0.19217971644579906,1.1110317348816974,2.8825559180792415,0.1589435743175724,-1.5429998466092598,0.038880009204149246,-0.030385009944438934,-0.03416500985622406,-0.03003498911857605,-0.03258999437093735,-0.05515999346971512,-0.14153999090194702,-0.14048998057842255,-0.14468999207019806,-0.14710499346256256,0.36910131573677063,0.36573249101638794,0.36931121349334717,0.3636675179004669,0.3627399802207947,0.3633349537849426,0.3728812336921692,0.3710786998271942,0.3659687340259552,0.37119248509407043]","[6.876885890960693e-06,-3.2842159271240234e-05,4.017353057861328e-05,-0.0002446174621582031,2.919137477874756e-05,1.7881393432617188e-05,-1.4863908290863037e-06,-1.2051314115524292e-06,-2.4314969778060913e-05,6.140954792499542e-05,4.9367547035217285e-05,-3.986060619354248e-07,1.952052116394043e-06,1.6391277313232422e-06,-9.521842002868652e-06,-1.1935830116271973e-05,-1.6391277313232422e-06,-2.1457672119140625e-06,-2.2351741790771484e-06,-5.78463077545166e-05,-3.8176774978637695e-05,-1.341104507446289e-06,-1.0788440704345703e-05,-8.58306884765625e-06,3.477931022644043e-05,2.1636486053466797e-05]","[0.12091730535030365,-0.317947655916214,1.0201525688171387]","[0.02608576789498329,0.023886332288384438,-0.6742649674415588,0.7376418709754944]","[7.232311327243224e-05,0.0001261164725292474,0.0007018245523795485]","[-0.003994181752204895,0.0031737424433231354,-7.402758637908846e-05]","[-0.1599999964237213,-0.30000001192092896,0.7400000095367432]","[0.7070000171661377,0.7070000171661377,0.0,0.0]","[-0.04902585595846176,-0.19214680790901184,1.1109914779663086]","[0.14708641171455383,0.7014827728271484,0.6965495944023132,-0.03325774893164635]","[""right_finger2_link3"",""right_finger2_link4"",""right_finger3_link3"",""right_finger3_link4"",""right_finger4_link3"",""right_finger4_link4""]","[[0.002346784109249711,-0.23966623842716217,0.986477792263031],[0.004615976940840483,-0.23977798223495483,0.9570654034614563],[-0.02667141892015934,-0.24460716545581818,0.9860251545906067],[-0.025788553059101105,-0.24478109180927277,0.9565388560295105],[-0.05308619886636734,-0.23987935483455658,0.986506998538971],[-0.054489921778440475,-0.23957157135009766,0.9570420384407043]]","[0.0,0.0,0.0,0.0,0.0,0.0]","[[0.0,0.0,0.0],[0.0,0.0,0.0],[0.0,0.0,0.0],[0.0,0.0,0.0],[0.0,0.0,0.0],[0.0,0.0,0.0]]",0.0,"[0.0,0.0,0.0]",0.0,"[0.0,0.0,0.0]",[],[],False,False,False,False,False,[],0.001908504028834801,0.01969245824617871,6.545664072313965,0.03518334930903002,6.545664072313965,0.0,0.0,0,0,0,True,FRAME_JUMP,True
41,correction_1,FAILED,"[-0.049026232212781906,-0.19214670360088348,1.1109915971755981,2.882803440093994,0.1589142084121704,-1.5430177450180054,0.03888126090168953,-0.03038431704044342,-0.034140460193157196,-0.030097363516688347,-0.032640207558870316,-0.055159565061330795,-0.14154213666915894,-0.1404915153980255,-0.14468054473400116,-0.147092804312706,0.36910295486450195,0.36573418974876404,0.36931249499320984,0.3637256920337677,0.3627774715423584,0.3633362948894501,0.3728921115398407,0.37108731269836426,0.365933358669281,0.3711692690849304]","[-0.049019116908311844,-0.19217970967292786,1.1110317707061768,2.8825559616088867,0.15894357860088348,-1.5429998636245728,0.038880009204149246,-0.030385009944438934,-0.03416500985622406,-0.03003498911857605,-0.03258999437093735,-0.05515999346971512,-0.14153999090194702,-0.14048998057842255,-0.14468999207019806,-0.14710499346256256,0.36910131573677063,0.36573249101638794,0.36931121349334717,0.3636675179004669,0.3627399802207947,0.3633349537849426,0.3728812336921692,0.3710786998271942,0.3659687340259552,0.37119248509407043]","[-0.049019118701466774,-0.19217971644579906,1.1110317348816974,2.8825559180792415,0.1589435743175724,-1.5429998466092598,0.038880009204149246,-0.030385009944438934,-0.03416500985622406,-0.03003498911857605,-0.03258999437093735,-0.05515999346971512,-0.14153999090194702,-0.14048998057842255,-0.14468999207019806,-0.14710499346256256,0.36910131573677063,0.36573249101638794,0.36931121349334717,0.3636675179004669,0.3627399802207947,0.3633349537849426,0.3728812336921692,0.3710786998271942,0.3659687340259552,0.37119248509407043]","[7.115304470062256e-06,-3.300607204437256e-05,4.017353057861328e-05,-0.0002474784851074219,2.937018871307373e-05,1.7881393432617188e-05,-1.2516975402832031e-06,-6.92903995513916e-07,-2.4549663066864014e-05,6.237439811229706e-05,5.021318793296814e-05,-4.284083843231201e-07,2.1457672119140625e-06,1.5348196029663086e-06,-9.447336196899414e-06,-1.2189149856567383e-05,-1.6391277313232422e-06,-1.6987323760986328e-06,-1.2814998626708984e-06,-5.817413330078125e-05,-3.74913215637207e-05,-1.341104507446289e-06,-1.0877847671508789e-05,-8.612871170043945e-06,3.5375356674194336e-05,2.321600914001465e-05]","[0.12091653794050217,-0.3179473876953125,1.0201565027236938]","[0.02606719546020031,0.02386973239481449,-0.6742662191390991,0.7376419901847839]","[-9.30781097849831e-05,-0.00011200115113751963,-0.0006205413374118507]","[0.0035369531251490116,-0.001880020136013627,0.00016827031504362822]","[-0.1599999964237213,-0.30000001192092896,0.7400000095367432]","[0.7070000171661377,0.7070000171661377,0.0,0.0]","[-0.04902609437704086,-0.1921466439962387,1.1109914779663086]","[0.147085502743721,0.7014829516410828,0.6965495347976685,-0.03325682878494263]","[""right_finger2_link3"",""right_finger2_link4"",""right_finger3_link3"",""right_finger3_link4"",""right_finger4_link3"",""right_finger4_link4""]","[[0.002346551278606057,-0.23966576159000397,0.9864774346351624],[0.0046157510951161385,-0.23977746069431305,0.9570650458335876],[-0.02667166106402874,-0.24460667371749878,0.9860250353813171],[-0.025788795202970505,-0.2447805553674698,0.956538736820221],[-0.05308644846081734,-0.23987892270088196,0.9865067601203918],[-0.05449017509818077,-0.23957109451293945,0.9570418000221252]]","[0.0,0.0,0.0,0.0,0.0,0.0]","[[0.0,0.0,0.0],[0.0,0.0,0.0],[0.0,0.0,0.0],[0.0,0.0,0.0],[0.0,0.0,0.0],[0.0,0.0,0.0]]",0.0,"[0.0,0.0,0.0]",0.0,"[0.0,0.0,0.0]",[],[],False,False,False,False,False,[],0.0019110902913241912,0.0196923058843003,6.543820759508264,0.03518661822707449,6.543820759508264,0.0,0.0,0,0,0,True,FRAME_JUMP,True
42,correction_1,FAILED,"[-0.04902658239006996,-0.1921459138393402,1.1109915971755981,2.882807970046997,0.15891365706920624,-1.5430177450180054,0.038881395012140274,-0.030383961275219917,-0.03414033353328705,-0.030097395181655884,-0.03264017775654793,-0.0551595576107502,-0.14154210686683655,-0.14049188792705536,-0.14468038082122803,-0.14709268510341644,0.36910325288772583,0.365734726190567,0.3693135976791382,0.3637259900569916,0.36277756094932556,0.3633362948894501,0.3728920817375183,0.37108704447746277,0.3659331500530243,0.3711700737476349]","[-0.049019116908311844,-0.19217970967292786,1.1110317707061768,2.8825559616088867,0.15894357860088348,-1.5429998636245728,0.038880009204149246,-0.030385009944438934,-0.03416500985622406,-0.03003498911857605,-0.03258999437093735,-0.05515999346971512,-0.14153999090194702,-0.14048998057842255,-0.14468999207019806,-0.14710499346256256,0.36910131573677063,0.36573249101638794,0.36931121349334717,0.3636675179004669,0.3627399802207947,0.3633349537849426,0.3728812336921692,0.3710786998271942,0.3659687340259552,0.37119248509407043]","[-0.049019118701466774,-0.19217971644579906,1.1110317348816974,2.8825559180792415,0.1589435743175724,-1.5429998466092598,0.038880009204149246,-0.030385009944438934,-0.03416500985622406,-0.03003498911857605,-0.03258999437093735,-0.05515999346971512,-0.14153999090194702,-0.14048998057842255,-0.14468999207019806,-0.14710499346256256,0.36910131573677063,0.36573249101638794,0.36931121349334717,0.3636675179004669,0.3627399802207947,0.3633349537849426,0.3728812336921692,0.3710786998271942,0.3659687340259552,0.37119248509407043]","[7.465481758117676e-06,-3.3795833587646484e-05,4.017353057861328e-05,-0.00025200843811035156,2.9921531677246094e-05,1.7881393432617188e-05,-1.385807991027832e-06,-1.0486692190170288e-06,-2.467632293701172e-05,6.240606307983398e-05,5.0183385610580444e-05,-4.3585896492004395e-07,2.115964889526367e-06,1.9073486328125e-06,-9.611248970031738e-06,-1.2308359146118164e-05,-1.9371509552001953e-06,-2.2351741790771484e-06,-2.384185791015625e-06,-5.84721565246582e-05,-3.758072853088379e-05,-1.341104507446289e-06,-1.0848045349121094e-05,-8.344650268554688e-06,3.55839729309082e-05,2.2411346435546875e-05]","[0.12091600149869919,-0.3179481029510498,1.0201550722122192]","[0.026060238480567932,0.0238630473613739,-0.6742745637893677,0.7376348972320557]","[0.00015496203559450805,0.000336175668053329,-0.00010400111204944551]","[-0.00039593601832166314,-0.0006184354424476624,-0.0005339634953998029]","[-0.1599999964237213,-0.30000001192092896,0.7400000095367432]","[0.7070000171661377,0.7070000171661377,0.0,0.0]","[-0.04902644455432892,-0.19214585423469543,1.1109914779663086]","[0.14708366990089417,0.7014833688735962,0.6965497136116028,-0.033255547285079956]","[""right_finger2_link3"",""right_finger2_link4"",""right_finger3_link3"",""right_finger3_link4"",""right_finger4_link3"",""right_finger4_link4""]","[[0.0023460881784558296,-0.23966442048549652,0.986477255821228],[0.004615257494151592,-0.23977595567703247,0.9570648670196533],[-0.026672130450606346,-0.24460531771183014,0.9860247373580933],[-0.025789298117160797,-0.24477902054786682,0.9565384984016418],[-0.05308688059449196,-0.23987756669521332,0.9865065813064575],[-0.054490625858306885,-0.23956960439682007,0.9570416212081909]]","[0.0,0.0,0.0,0.0,0.0,0.0]","[[0.0,0.0,0.0],[0.0,0.0,0.0],[0.0,0.0,0.0],[0.0,0.0,0.0],[0.0,0.0,0.0],[0.0,0.0,0.0]]",0.0,"[0.0,0.0,0.0]",0.0,"[0.0,0.0,0.0]",[],[],False,False,False,False,False,[],0.0019106028487507754,0.019693221905766518,6.542151045990119,0.035185911236719845,6.542151045990119,0.0,0.0,0,0,0,True,FRAME_JUMP,True
43,correction_1,FAILED,"[-0.04902647063136101,-0.19214551150798798,1.1109915971755981,2.882812261581421,0.15891419351100922,-1.5430176258087158,0.03888155519962311,-0.030383765697479248,-0.03414025530219078,-0.030097516253590584,-0.032640375196933746,-0.05515959858894348,-0.14154191315174103,-0.1404913365840912,-0.14468102157115936,-0.14709311723709106,0.36910298466682434,0.36573418974876404,0.36931338906288147,0.36372604966163635,0.36277827620506287,0.3633362948894501,0.3728920519351959,0.3710869252681732,0.3659330904483795,0.3711690306663513]","[-0.049019116908311844,-0.19217970967292786,1.1110317707061768,2.8825559616088867,0.15894357860088348,-1.5429998636245728,0.038880009204149246,-0.030385009944438934,-0.03416500985622406,-0.03003498911857605,-0.03258999437093735,-0.05515999346971512,-0.14153999090194702,-0.14048998057842255,-0.14468999207019806,-0.14710499346256256,0.36910131573677063,0.36573249101638794,0.36931121349334717,0.3636675179004669,0.3627399802207947,0.3633349537849426,0.3728812336921692,0.3710786998271942,0.3659687340259552,0.37119248509407043]","[-0.049019118701466774,-0.19217971644579906,1.1110317348816974,2.8825559180792415,0.1589435743175724,-1.5429998466092598,0.038880009204149246,-0.030385009944438934,-0.03416500985622406,-0.03003498911857605,-0.03258999437093735,-0.05515999346971512,-0.14153999090194702,-0.14048998057842255,-0.14468999207019806,-0.14710499346256256,0.36910131573677063,0.36573249101638794,0.36931121349334717,0.3636675179004669,0.3627399802207947,0.3633349537849426,0.3728812336921692,0.3710786998271942,0.3659687340259552,0.37119248509407043]","[7.353723049163818e-06,-3.419816493988037e-05,4.017353057861328e-05,-0.0002562999725341797,2.9385089874267578e-05,1.7762184143066406e-05,-1.5459954738616943e-06,-1.2442469596862793e-06,-2.475455403327942e-05,6.2527135014534e-05,5.0380825996398926e-05,-3.948807716369629e-07,1.9222497940063477e-06,1.3560056686401367e-06,-8.970499038696289e-06,-1.1876225471496582e-05,-1.6689300537109375e-06,-1.6987323760986328e-06,-2.175569534301758e-06,-5.8531761169433594e-05,-3.8295984268188477e-05,-1.341104507446289e-06,-1.0818243026733398e-05,-8.225440979003906e-06,3.5643577575683594e-05,2.345442771911621e-05]","[0.12091667205095291,-0.3179488778114319,1.0201455354690552]","[0.026074940338730812,0.023876458406448364,-0.6742764115333557,0.7376322746276855]","[0.00013560317165683955,0.0001495944452472031,0.0007295702234841883]","[-0.004191134124994278,0.003359440015628934,0.00021862791618332267]","[-0.1599999964237213,-0.30000001192092896,0.7400000095367432]","[0.7070000171661377,0.7070000171661377,0.0,0.0]","[-0.049026332795619965,-0.1921454519033432,1.1109914779663086]","[0.14708223938941956,0.7014837861061096,0.6965497732162476,-0.03325382247567177]","[""right_finger2_link3"",""right_finger2_link4"",""right_finger3_link3"",""right_finger3_link4"",""right_finger4_link3"",""right_finger4_link4""]","[[0.002346271649003029,-0.23966345191001892,0.9864769577980042],[0.004615470301359892,-0.23977486789226532,0.9570645689964294],[-0.026671946048736572,-0.24460434913635254,0.9860244393348694],[-0.025789080187678337,-0.24477793276309967,0.956538200378418],[-0.053086746484041214,-0.2398766279220581,0.986506462097168],[-0.05449048802256584,-0.2395685315132141,0.9570415019989014]]","[0.0,0.0,0.0,0.0,0.0,0.0]","[[0.0,0.0,0.0],[0.0,0.0,0.0],[0.0,0.0,0.0],[0.0,0.0,0.0],[0.0,0.0,0.0],[0.0,0.0,0.0]]",0.0,"[0.0,0.0,0.0]",0.0,"[0.0,0.0,0.0]",[],[],False,False,False,False,False,[],0.001902671234475961,0.01969412090612736,6.54328082308597,0.0351782824225954,6.54328082308597,0.0,0.0,0,0,0,True,FRAME_JUMP,True
44,correction_1,FAILED,"[-0.049027036875486374,-0.19214533269405365,1.1109915971755981,2.88281512260437,0.1589135378599167,-1.5430176258087158,0.0388813279569149,-0.030384164303541183,-0.03414039686322212,-0.03009757027029991,-0.032640378922224045,-0.055159587413072586,-0.14154206216335297,-0.14049214124679565,-0.1446804702281952,-0.14709264039993286,0.36910298466682434,0.3657340109348297,0.36931276321411133,0.36372584104537964,0.36277660727500916,0.3633362948894501,0.37289220094680786,0.37108704447746277,0.3659328818321228,0.371169775724411]","[-0.049019116908311844,-0.19217970967292786,1.1110317707061768,2.8825559616088867,0.15894357860088348,-1.5429998636245728,0.038880009204149246,-0.030385009944438934,-0.03416500985622406,-0.03003498911857605,-0.03258999437093735,-0.05515999346971512,-0.14153999090194702,-0.14048998057842255,-0.14468999207019806,-0.14710499346256256,0.36910131573677063,0.36573249101638794,0.36931121349334717,0.3636675179004669,0.3627399802207947,0.3633349537849426,0.3728812336921692,0.3710786998271942,0.3659687340259552,0.37119248509407043]","[-0.049019118701466774,-0.19217971644579906,1.1110317348816974,2.8825559180792415,0.1589435743175724,-1.5429998466092598,0.038880009204149246,-0.030385009944438934,-0.03416500985622406,-0.03003498911857605,-0.03258999437093735,-0.05515999346971512,-0.14153999090194702,-0.14048998057842255,-0.14468999207019806,-0.14710499346256256,0.36910131573677063,0.36573249101638794,0.36931121349334717,0.3636675179004669,0.3627399802207947,0.3633349537849426,0.3728812336921692,0.3710786998271942,0.3659687340259552,0.37119248509407043]","[7.91996717453003e-06,-3.437697887420654e-05,4.017353057861328e-05,-0.00025916099548339844,3.0040740966796875e-05,1.7762184143066406e-05,-1.3187527656555176e-06,-8.456408977508545e-07,-2.4612993001937866e-05,6.25811517238617e-05,5.038455128669739e-05,-4.0605664253234863e-07,2.0712614059448242e-06,2.16066837310791e-06,-9.521842002868652e-06,-1.2353062629699707e-05,-1.6689300537109375e-06,-1.519918441772461e-06,-1.5497207641601562e-06,-5.8323144912719727e-05,-3.662705421447754e-05,-1.341104507446289e-06,-1.0967254638671875e-05,-8.344650268554688e-06,3.585219383239746e-05,2.2709369659423828e-05]","[0.12091545015573502,-0.3179488778114319,1.0201493501663208]","[0.02605626918375492,0.02385910414159298,-0.6742782592773438,0.7376316785812378]","[-0.0002488844620529562,-0.00015717845235485584,-0.00041977452929131687]","[0.0027360080275684595,-0.0006520593888126314,-0.00015813014761079103]","[-0.1599999964237213,-0.30000001192092896,0.7400000095367432]","[0.7070000171661377,0.7070000171661377,0.0,0.0]","[-0.04902689903974533,-0.19214527308940887,1.1109914779663086]","[0.1470811814069748,0.7014840245246887,0.6965497136116028,-0.03325303643941879]","[""right_finger2_link3"",""right_finger2_link4"",""right_finger3_link3"",""right_finger3_link4"",""right_finger4_link3"",""right_finger4_link4""]","[[0.0023456453345716,-0.23966297507286072,0.9864768385887146],[0.004614824894815683,-0.23977431654930115,0.9570645093917847],[-0.026672592386603355,-0.24460385739803314,0.9860244393348694],[-0.025789758190512657,-0.2447773665189743,0.956538200378418],[-0.05308735370635986,-0.23987609148025513,0.9865061640739441],[-0.05449109524488449,-0.23956790566444397,0.9570412039756775]]","[0.0,0.0,0.0,0.0,0.0,0.0]","[[0.0,0.0,0.0],[0.0,0.0,0.0],[0.0,0.0,0.0],[0.0,0.0,0.0],[0.0,0.0,0.0],[0.0,0.0,0.0]]",0.0,"[0.0,0.0,0.0]",0.0,"[0.0,0.0,0.0]",[],[],False,False,False,False,False,[],0.0019052269525480225,0.01969438060698498,6.541313605671802,0.03518168081924804,6.541313605671802,0.0,0.0,0,0,0,True,FRAME_JUMP,True
45,correction_1,FAILED,"[-0.04902710020542145,-0.19214467704296112,1.1109915971755981,2.8828203678131104,0.15891321003437042,-1.5430176258087158,0.0388813242316246,-0.030384216457605362,-0.034139879047870636,-0.030098920688033104,-0.03264136239886284,-0.05515958368778229,-0.14154183864593506,-0.14049234986305237,-0.14468058943748474,-0.14709165692329407,0.36910316348075867,0.3657342791557312,0.3693130910396576,0.3637264668941498,0.36277806758880615,0.3633362948894501,0.37289223074913025,0.3710869252681732,0.3659321963787079,0.3711695671081543]","[-0.049019116908311844,-0.19217970967292786,1.1110317707061768,2.8825559616088867,0.15894357860088348,-1.5429998636245728,0.038880009204149246,-0.030385009944438934,-0.03416500985622406,-0.03003498911857605,-0.03258999437093735,-0.05515999346971512,-0.14153999090194702,-0.14048998057842255,-0.14468999207019806,-0.14710499346256256,0.36910131573677063,0.36573249101638794,0.36931121349334717,0.3636675179004669,0.3627399802207947,0.3633349537849426,0.3728812336921692,0.3710786998271942,0.3659687340259552,0.37119248509407043]","[-0.049019118701466774,-0.19217971644579906,1.1110317348816974,2.8825559180792415,0.1589435743175724,-1.5429998466092598,0.038880009204149246,-0.030385009944438934,-0.03416500985622406,-0.03003498911857605,-0.03258999437093735,-0.05515999346971512,-0.14153999090194702,-0.14048998057842255,-0.14468999207019806,-0.14710499346256256,0.36910131573677063,0.36573249101638794,0.36931121349334717,0.3636675179004669,0.3627399802207947,0.3633349537849426,0.3728812336921692,0.3710786998271942,0.3659687340259552,0.37119248509407043]","[7.983297109603882e-06,-3.503262996673584e-05,4.017353057861328e-05,-0.0002644062042236328,3.0368566513061523e-05,1.7762184143066406e-05,-1.3150274753570557e-06,-7.934868335723877e-07,-2.5130808353424072e-05,6.393156945705414e-05,5.136802792549133e-05,-4.0978193283081055e-07,1.8477439880371094e-06,2.3692846298217773e-06,-9.402632713317871e-06,-1.3336539268493652e-05,-1.8477439880371094e-06,-1.7881393432617188e-06,-1.8775463104248047e-06,-5.894899368286133e-05,-3.808736801147461e-05,-1.341104507446289e-06,-1.099705696105957e-05,-8.225440979003906e-06,3.653764724731445e-05,2.2917985916137695e-05]","[0.12091593444347382,-0.3179498612880707,1.0201400518417358]","[0.02607233263552189,0.02387356385588646,-0.6742785573005676,0.7376303672790527]","[-0.0001450207200832665,0.0002848234726116061,-0.00048107473412528634]","[0.0027778325602412224,-0.0013730354839935899,-0.000856983766425401]","[-0.1599999964237213,-0.30000001192092896,0.7400000095367432]","[0.7070000171661377,0.7070000171661377,0.0,0.0]","[-0.049026962369680405,-0.19214461743831635,1.1109914779663086]","[0.1470792144536972,0.7014843821525574,0.6965498328208923,-0.03325134515762329]","[""right_finger2_link3"",""right_finger2_link4"",""right_finger3_link3"",""right_finger3_link4"",""right_finger4_link3"",""right_finger4_link4""]","[[0.0023455533664673567,-0.23966166377067566,0.986476719379425],[0.004614732228219509,-0.23977284133434296,0.9570643305778503],[-0.026672717183828354,-0.2446025311946869,0.9860241413116455],[-0.025789903476834297,-0.24477587640285492,0.9565379023551941],[-0.05308746546506882,-0.23987485468387604,0.9865060448646545],[-0.05449122190475464,-0.23956656455993652,0.9570410847663879]]","[0.0,0.0,0.0,0.0,0.0,0.0]","[[0.0,0.0,0.0],[0.0,0.0,0.0],[0.0,0.0,0.0],[0.0,0.0,0.0],[0.0,0.0,0.0],[0.0,0.0,0.0]]",0.0,"[0.0,0.0,0.0]",0.0,"[0.0,0.0,0.0]",[],[],False,False,False,False,False,[],0.0018973526104464344,0.01969553200162745,6.5427474859207555,0.03517439578907778,6.5427474859207555,0.0,0.0,0,0,0,True,FRAME_JUMP,True
46,correction_1,FAILED,"[-0.049027249217033386,-0.19214388728141785,1.1109915971755981,2.882824182510376,0.15891268849372864,-1.5430176258087158,0.03888140246272087,-0.030383823439478874,-0.03413989394903183,-0.03009842336177826,-0.032640811055898666,-0.055159613490104675,-0.14154204726219177,-0.1404927521944046,-0.1446802318096161,-0.1470915824174881,0.36910325288772583,0.3657345473766327,0.3693141043186188,0.3637266755104065,0.3627771735191345,0.3633362948894501,0.3728925585746765,0.3710869550704956,0.36593225598335266,0.3711704909801483]","[-0.049019116908311844,-0.19217970967292786,1.1110317707061768,2.8825559616088867,0.15894357860088348,-1.5429998636245728,0.038880009204149246,-0.030385009944438934,-0.03416500985622406,-0.03003498911857605,-0.03258999437093735,-0.05515999346971512,-0.14153999090194702,-0.14048998057842255,-0.14468999207019806,-0.14710499346256256,0.36910131573677063,0.36573249101638794,0.36931121349334717,0.3636675179004669,0.3627399802207947,0.3633349537849426,0.3728812336921692,0.3710786998271942,0.3659687340259552,0.37119248509407043]","[-0.049019118701466774,-0.19217971644579906,1.1110317348816974,2.8825559180792415,0.1589435743175724,-1.5429998466092598,0.038880009204149246,-0.030385009944438934,-0.03416500985622406,-0.03003498911857605,-0.03258999437093735,-0.05515999346971512,-0.14153999090194702,-0.14048998057842255,-0.14468999207019806,-0.14710499346256256,0.36910131573677063,0.36573249101638794,0.36931121349334717,0.3636675179004669,0.3627399802207947,0.3633349537849426,0.3728812336921692,0.3710786998271942,0.3659687340259552,0.37119248509407043]","[8.132308721542358e-06,-3.5822391510009766e-05,4.017353057861328e-05,-0.0002682209014892578,3.089010715484619e-05,1.7762184143066406e-05,-1.3932585716247559e-06,-1.1865049600601196e-06,-2.5115907192230225e-05,6.343424320220947e-05,5.081668496131897e-05,-3.7997961044311523e-07,2.0563602447509766e-06,2.771615982055664e-06,-9.760260581970215e-06,-1.341104507446289e-05,-1.9371509552001953e-06,-2.0563602447509766e-06,-2.8908252716064453e-06,-5.9157609939575195e-05,-3.719329833984375e-05,-1.341104507446289e-06,-1.1324882507324219e-05,-8.255243301391602e-06,3.647804260253906e-05,2.199411392211914e-05]","[0.12091531604528427,-0.3179507255554199,1.0201374292373657]","[0.026064926758408546,0.023866398259997368,-0.6742884516716003,0.7376219034194946]","[8.855119085637853e-05,0.0001501621154602617,0.000744137039873749]","[-0.00423197029158473,0.0034634640906006098,3.709825250552967e-05]","[-0.1599999964237213,-0.30000001192092896,0.7400000095367432]","[0.7070000171661377,0.7070000171661377,0.0,0.0]","[-0.04902711138129234,-0.19214382767677307,1.1109914779663086]","[0.1470775306224823,0.7014847993850708,0.6965498924255371,-0.03325017914175987]","[""right_finger2_link3"",""right_finger2_link4"",""right_finger3_link3"",""right_finger3_link4"",""right_finger4_link3"",""right_finger4_link4""]","[[0.0023452758323401213,-0.2396603673696518,0.9864763021469116],[0.004614419769495726,-0.23977142572402954,0.9570639133453369],[-0.026672985404729843,-0.24460123479366302,0.9860238432884216],[-0.025790201500058174,-0.24477443099021912,0.9565376043319702],[-0.05308769643306732,-0.23987354338169098,0.986505925655365],[-0.05449146032333374,-0.23956508934497833,0.9570409655570984]]","[0.0,0.0,0.0,0.0,0.0,0.0]","[[0.0,0.0,0.0],[0.0,0.0,0.0],[0.0,0.0,0.0],[0.0,0.0,0.0],[0.0,0.0,0.0],[0.0,0.0,0.0]]",0.0,"[0.0,0.0,0.0]",0.0,"[0.0,0.0,0.0]",[],[],False,False,False,False,False,[],0.0018959200589148129,0.0196966684119468,6.54084498366505,0.03517279529078599,6.54084498366505,0.0,0.0,0,0,0,True,FRAME_JUMP,True
47,correction_1,FAILED,"[-0.049027495086193085,-0.1921437829732895,1.1109915971755981,2.8828277587890625,0.15891239047050476,-1.5430176258087158,0.038881514221429825,-0.030383965000510216,-0.03414018824696541,-0.030097991228103638,-0.032640501856803894,-0.0551595464348793,-0.14154231548309326,-0.14049237966537476,-0.1446799486875534,-0.1470917910337448,0.36910325288772583,0.3657344877719879,0.3693135678768158,0.3637264668941498,0.36277705430984497,0.3633362948894501,0.37289273738861084,0.37108680605888367,0.3659321665763855,0.37117016315460205]","[-0.049019116908311844,-0.19217970967292786,1.1110317707061768,2.8825559616088867,0.15894357860088348,-1.5429998636245728,0.038880009204149246,-0.030385009944438934,-0.03416500985622406,-0.03003498911857605,-0.03258999437093735,-0.05515999346971512,-0.14153999090194702,-0.14048998057842255,-0.14468999207019806,-0.14710499346256256,0.36910131573677063,0.36573249101638794,0.36931121349334717,0.3636675179004669,0.3627399802207947,0.3633349537849426,0.3728812336921692,0.3710786998271942,0.3659687340259552,0.37119248509407043]","[-0.049019118701466774,-0.19217971644579906,1.1110317348816974,2.8825559180792415,0.1589435743175724,-1.5429998466092598,0.038880009204149246,-0.030385009944438934,-0.03416500985622406,-0.03003498911857605,-0.03258999437093735,-0.05515999346971512,-0.14153999090194702,-0.14048998057842255,-0.14468999207019806,-0.14710499346256256,0.36910131573677063,0.36573249101638794,0.36931121349334717,0.3636675179004669,0.3627399802207947,0.3633349537849426,0.3728812336921692,0.3710786998271942,0.3659687340259552,0.37119248509407043]","[8.378177881240845e-06,-3.59266996383667e-05,4.017353057861328e-05,-0.00027179718017578125,3.1188130378723145e-05,1.7762184143066406e-05,-1.5050172805786133e-06,-1.044943928718567e-06,-2.4821609258651733e-05,6.300210952758789e-05,5.050748586654663e-05,-4.470348358154297e-07,2.3245811462402344e-06,2.3990869522094727e-06,-1.004338264465332e-05,-1.3202428817749023e-05,-1.9371509552001953e-06,-1.996755599975586e-06,-2.3543834686279297e-06,-5.894899368286133e-05,-3.707408905029297e-05,-1.341104507446289e-06,-1.150369644165039e-05,-8.106231689453125e-06,3.656744956970215e-05,2.232193946838379e-05]","[0.12091473489999771,-0.31795167922973633,1.0201354026794434]","[0.026056984439492226,0.023858698084950447,-0.6742984056472778,0.737613320350647]","[0.0002127945626853034,0.0009003400919027627,-0.000140169941005297]","[3.4080963814631104e-05,-0.0006028004572726786,-0.0014698405284434557]","[-0.1599999964237213,-0.30000001192092896,0.7400000095367432]","[0.7070000171661377,0.7070000171661377,0.0,0.0]","[-0.04902736097574234,-0.19214372336864471,1.1109914779663086]","[0.14707635343074799,0.7014849781990051,0.6965499520301819,-0.03324900567531586]","[""right_finger2_link3"",""right_finger2_link4"",""right_finger3_link3"",""right_finger3_link4"",""right_finger4_link3"",""right_finger4_link4""]","[[0.0023450374137610197,-0.23965984582901,0.9864763021469116],[0.004614181816577911,-0.2397707998752594,0.9570639133453369],[-0.026673203334212303,-0.24460072815418243,0.9860236048698425],[-0.025790410116314888,-0.24477383494377136,0.9565373063087463],[-0.05308793485164642,-0.2398729771375656,0.9865056276321411],[-0.05449169874191284,-0.2395644336938858,0.9570406675338745]]","[0.0,0.0,0.0,0.0,0.0,0.0]","[[0.0,0.0,0.0],[0.0,0.0,0.0],[0.0,0.0,0.0],[0.0,0.0,0.0],[0.0,0.0,0.0],[0.0,0.0,0.0]]",0.0,"[0.0,0.0,0.0]",0.0,"[0.0,0.0,0.0]",[],[],False,False,False,False,False,[],0.0018950560540009764,0.01969785041491613,6.538877776305894,0.035171728696929645,6.538877776305894,0.0,0.0,0,0,0,True,FRAME_JUMP,True
48,correction_1,FAILED,"[-0.04902747645974159,-0.19214347004890442,1.1109915971755981,2.882831335067749,0.15891249477863312,-1.5430175065994263,0.03888154774904251,-0.03038375824689865,-0.03414006158709526,-0.030098039656877518,-0.032640520483255386,-0.05515960603952408,-0.14154192805290222,-0.1404920220375061,-0.14468012750148773,-0.1470920592546463,0.3691033720970154,0.36573460698127747,0.36931371688842773,0.36372673511505127,0.3627779483795166,0.3633362948894501,0.3728927671909332,0.3710867166519165,0.36593207716941833,0.3711705207824707]","[-0.049019116908311844,-0.19217970967292786,1.1110317707061768,2.8825559616088867,0.15894357860088348,-1.5429998636245728,0.038880009204149246,-0.030385009944438934,-0.03416500985622406,-0.03003498911857605,-0.03258999437093735,-0.05515999346971512,-0.14153999090194702,-0.14048998057842255,-0.14468999207019806,-0.14710499346256256,0.36910131573677063,0.36573249101638794,0.36931121349334717,0.3636675179004669,0.3627399802207947,0.3633349537849426,0.3728812336921692,0.3710786998271942,0.3659687340259552,0.37119248509407043]","[-0.049019118701466774,-0.19217971644579906,1.1110317348816974,2.8825559180792415,0.1589435743175724,-1.5429998466092598,0.038880009204149246,-0.030385009944438934,-0.03416500985622406,-0.03003498911857605,-0.03258999437093735,-0.05515999346971512,-0.14153999090194702,-0.14048998057842255,-0.14468999207019806,-0.14710499346256256,0.36910131573677063,0.36573249101638794,0.36931121349334717,0.3636675179004669,0.3627399802207947,0.3633349537849426,0.3728812336921692,0.3710786998271942,0.3659687340259552,0.37119248509407043]","[8.359551429748535e-06,-3.62396240234375e-05,4.017353057861328e-05,-0.0002753734588623047,3.108382225036621e-05,1.7642974853515625e-05,-1.5385448932647705e-06,-1.2516975402832031e-06,-2.494826912879944e-05,6.30505383014679e-05,5.052611231803894e-05,-3.8743019104003906e-07,1.9371509552001953e-06,2.041459083557129e-06,-9.864568710327148e-06,-1.2934207916259766e-05,-2.0563602447509766e-06,-2.115964889526367e-06,-2.5033950805664062e-06,-5.9217214584350586e-05,-3.796815872192383e-05,-1.341104507446289e-06,-1.1533498764038086e-05,-8.016824722290039e-06,3.6656856536865234e-05,2.1964311599731445e-05]","[0.12091504782438278,-0.31795117259025574,1.0201325416564941]","[0.02606191113591194,0.02386343851685524,-0.6742917895317078,0.7376190423965454]","[0.00010829820530489087,0.00016258588584605604,0.0008415638585574925]","[-0.004784233868122101,0.0037814159877598286,1.6425465219072066e-05]","[-0.1599999964237213,-0.30000001192092896,0.7400000095367432]","[0.7070000171661377,0.7070000171661377,0.0,0.0]","[-0.04902733862400055,-0.19214341044425964,1.1109914779663086]","[0.14707504212856293,0.701485276222229,0.6965500116348267,-0.03324771299958229]","[""right_finger2_link3"",""right_finger2_link4"",""right_finger3_link3"",""right_finger3_link4"",""right_finger4_link3"",""right_finger4_link4""]","[[0.0023450758308172226,-0.23965905606746674,0.9864760637283325],[0.004614228382706642,-0.23976990580558777,0.9570636749267578],[-0.026673179119825363,-0.24459990859031677,0.9860234260559082],[-0.025790376588702202,-0.24477291107177734,0.956537127494812],[-0.05308791622519493,-0.23987221717834473,0.9865055680274963],[-0.05449168011546135,-0.23956355452537537,0.957040548324585]]","[0.0,0.0,0.0,0.0,0.0,0.0]","[[0.0,0.0,0.0],[0.0,0.0,0.0],[0.0,0.0,0.0],[0.0,0.0,0.0],[0.0,0.0,0.0],[0.0,0.0,0.0]]",0.0,"[0.0,0.0,0.0]",0.0,"[0.0,0.0,0.0]",[],[],False,False,False,False,False,[],0.0018913899852109894,0.019697390952741596,6.540149839060255,0.03516903094386034,6.540149839060255,0.0,0.0,0,0,0,True,FRAME_JUMP,True
49,correction_1,FAILED,"[-0.04902743920683861,-0.19214333593845367,1.1109915971755981,2.882833957672119,0.1589120775461197,-1.5430175065994263,0.0388810969889164,-0.030384698882699013,-0.03413945436477661,-0.030100351199507713,-0.03264257311820984,-0.05515950918197632,-0.14154203236103058,-0.1404922753572464,-0.14468002319335938,-0.14709170162677765,0.3691031336784363,0.3657343089580536,0.3693124055862427,0.3637278974056244,0.3627775013446808,0.3633362948894501,0.37289270758628845,0.37108710408210754,0.36593106389045715,0.3711700737476349]","[-0.049019116908311844,-0.19217970967292786,1.1110317707061768,2.8825559616088867,0.15894357860088348,-1.5429998636245728,0.038880009204149246,-0.030385009944438934,-0.03416500985622406,-0.03003498911857605,-0.03258999437093735,-0.05515999346971512,-0.14153999090194702,-0.14048998057842255,-0.14468999207019806,-0.14710499346256256,0.36910131573677063,0.36573249101638794,0.36931121349334717,0.3636675179004669,0.3627399802207947,0.3633349537849426,0.3728812336921692,0.3710786998271942,0.3659687340259552,0.37119248509407043]","[-0.049019118701466774,-0.19217971644579906,1.1110317348816974,2.8825559180792415,0.1589435743175724,-1.5429998466092598,0.038880009204149246,-0.030385009944438934,-0.03416500985622406,-0.03003498911857605,-0.03258999437093735,-0.05515999346971512,-0.14153999090194702,-0.14048998057842255,-0.14468999207019806,-0.14710499346256256,0.36910131573677063,0.36573249101638794,0.36931121349334717,0.3636675179004669,0.3627399802207947,0.3633349537849426,0.3728812336921692,0.3710786998271942,0.3659687340259552,0.37119248509407043]","[8.322298526763916e-06,-3.637373447418213e-05,4.017353057861328e-05,-0.0002779960632324219,3.1501054763793945e-05,1.7642974853515625e-05,-1.087784767150879e-06,-3.110617399215698e-07,-2.555549144744873e-05,6.536208093166351e-05,5.2578747272491455e-05,-4.842877388000488e-07,2.041459083557129e-06,2.294778823852539e-06,-9.968876838684082e-06,-1.329183578491211e-05,-1.817941665649414e-06,-1.817941665649414e-06,-1.1920928955078125e-06,-6.03795051574707e-05,-3.75211238861084e-05,-1.341104507446289e-06,-1.1473894119262695e-05,-8.404254913330078e-06,3.7670135498046875e-05,2.2411346435546875e-05]","[0.12091483920812607,-0.31795209646224976,1.0201308727264404]","[0.026055296882987022,0.023857619613409042,-0.674299955368042,0.7376120686531067]","[-7.108818681444973e-05,0.0006919456063769758,-0.00027131492970511317]","[0.0012417633552104235,-0.000693156907800585,-0.00037578304181806743]","[-0.1599999964237213,-0.30000001192092896,0.7400000095367432]","[0.7070000171661377,0.7070000171661377,0.0,0.0]","[-0.049027301371097565,-0.1921432763338089,1.1109914779663086]","[0.14707395434379578,0.7014855146408081,0.6965500116348267,-0.033246926963329315]","[""right_finger2_link3"",""right_finger2_link4"",""right_finger3_link3"",""right_finger3_link4"",""right_finger4_link3"",""right_finger4_link4""]","[[0.002345043933019042,-0.23965860903263092,0.9864758849143982],[0.004614181816577911,-0.23976939916610718,0.9570634961128235],[-0.0266732145100832,-0.24459943175315857,0.9860233068466187],[-0.025790434330701828,-0.24477237462997437,0.9565370678901672],[-0.05308794975280762,-0.23987184464931488,0.986505389213562],[-0.05449172854423523,-0.23956312239170074,0.9570403695106506]]","[0.0,0.0,0.0,0.0,0.0,0.0]","[[0.0,0.0,0.0],[0.0,0.0,0.0],[0.0,0.0,0.0],[0.0,0.0,0.0],[0.0,0.0,0.0],[0.0,0.0,0.0]]",0.0,"[0.0,0.0,0.0]",0.0,"[0.0,0.0,0.0]",[],[],False,False,False,False,False,[],0.0018906882752305343,0.019698401384989773,6.538558670750447,0.03516817323242713,6.538558670750447,0.0,0.0,0,0,0,True,FRAME_JUMP,True
50,correction_1,FAILED,"[-0.04902762919664383,-0.1921423226594925,1.1109915971755981,2.882838487625122,0.1589115411043167,-1.5430173873901367,0.038881395012140274,-0.030383910983800888,-0.03413937985897064,-0.030099863186478615,-0.03264208883047104,-0.05515957251191139,-0.1415424346923828,-0.14049236476421356,-0.1446797251701355,-0.1470917910337448,0.369103342294693,0.36573487520217896,0.3693141043186188,0.3637283146381378,0.36277899146080017,0.3633362948894501,0.3728927969932556,0.37108665704727173,0.36593106389045715,0.37117037177085876]","[-0.049019116908311844,-0.19217970967292786,1.1110317707061768,2.8825559616088867,0.15894357860088348,-1.5429998636245728,0.038880009204149246,-0.030385009944438934,-0.03416500985622406,-0.03003498911857605,-0.03258999437093735,-0.05515999346971512,-0.14153999090194702,-0.14048998057842255,-0.14468999207019806,-0.14710499346256256,0.36910131573677063,0.36573249101638794,0.36931121349334717,0.3636675179004669,0.3627399802207947,0.3633349537849426,0.3728812336921692,0.3710786998271942,0.3659687340259552,0.37119248509407043]","[-0.049019118701466774,-0.19217971644579906,1.1110317348816974,2.8825559180792415,0.1589435743175724,-1.5429998466092598,0.038880009204149246,-0.030385009944438934,-0.03416500985622406,-0.03003498911857605,-0.03258999437093735,-0.05515999346971512,-0.14153999090194702,-0.14048998057842255,-0.14468999207019806,-0.14710499346256256,0.36910131573677063,0.36573249101638794,0.36931121349334717,0.3636675179004669,0.3627399802207947,0.3633349537849426,0.3728812336921692,0.3710786998271942,0.3659687340259552,0.37119248509407043]","[8.512288331985474e-06,-3.738701343536377e-05,4.017353057861328e-05,-0.00028252601623535156,3.203749656677246e-05,1.7523765563964844e-05,-1.385807991027832e-06,-1.0989606380462646e-06,-2.562999725341797e-05,6.4874067902565e-05,5.2094459533691406e-05,-4.209578037261963e-07,2.4437904357910156e-06,2.384185791015625e-06,-1.0266900062561035e-05,-1.3202428817749023e-05,-2.0265579223632812e-06,-2.384185791015625e-06,-2.8908252716064453e-06,-6.079673767089844e-05,-3.9011240005493164e-05,-1.341104507446289e-06,-1.1563301086425781e-05,-7.957220077514648e-06,3.7670135498046875e-05,2.2113323211669922e-05]","[0.1209137886762619,-0.31795167922973633,1.0201348066329956]","[0.026036905124783516,0.02384052984416485,-0.6743014454841614,0.7376118302345276]","[8.456971409032121e-05,0.0001505310501670465,0.0007539848447777331]","[-0.00425304239615798,0.003419796470552683,-7.837983139324933e-05]","[-0.1599999964237213,-0.30000001192092896,0.7400000095367432]","[0.7070000171661377,0.7070000171661377,0.0,0.0]","[-0.049027491360902786,-0.19214226305484772,1.1109914779663086]","[0.14707215130329132,0.7014858722686768,0.6965500116348267,-0.033245623111724854]","[""right_finger2_link3"",""right_finger2_link4"",""right_finger3_link3"",""right_finger3_link4"",""right_finger4_link3"",""right_finger4_link4""]","[[0.002344732405617833,-0.23965704441070557,0.9864757061004639],[0.004613832570612431,-0.2397676706314087,0.9570633172988892],[-0.02667349949479103,-0.24459786713123322,0.9860230684280396],[-0.025790736079216003,-0.2447706162929535,0.9565367698669434],[-0.05308821424841881,-0.23987023532390594,0.9865052700042725],[-0.05449199676513672,-0.23956136405467987,0.9570403099060059]]","[0.0,0.0,0.0,0.0,0.0,0.0]","[[0.0,0.0,0.0],[0.0,0.0,0.0],[0.0,0.0,0.0],[0.0,0.0,0.0],[0.0,0.0,0.0],[0.0,0.0,0.0]]",0.0,"[0.0,0.0,0.0]",0.0,"[0.0,0.0,0.0]",[],[],False,False,False,False,False,[],0.001893316038638737,0.01969820283297564,6.536664222506664,0.035171417665829124,6.536664222506664,0.0,0.0,0,0,0,True,FRAME_JUMP,True
51,correction_1,FAILED,"[-0.049027569591999054,-0.19214211404323578,1.1109915971755981,2.8828418254852295,0.15891124308109283,-1.5430173873901367,0.03888147696852684,-0.030384119600057602,-0.034139540046453476,-0.030099911615252495,-0.03264212980866432,-0.055159520357847214,-0.14154201745986938,-0.1404925137758255,-0.14467975497245789,-0.14709186553955078,0.3691032826900482,0.3657345473766327,0.3693133294582367,0.36372828483581543,0.36277806758880615,0.3633362948894501,0.3728928565979004,0.37108659744262695,0.36593079566955566,0.3711700439453125]","[-0.049019116908311844,-0.19217970967292786,1.1110317707061768,2.8825559616088867,0.15894357860088348,-1.5429998636245728,0.038880009204149246,-0.030385009944438934,-0.03416500985622406,-0.03003498911857605,-0.03258999437093735,-0.05515999346971512,-0.14153999090194702,-0.14048998057842255,-0.14468999207019806,-0.14710499346256256,0.36910131573677063,0.36573249101638794,0.36931121349334717,0.3636675179004669,0.3627399802207947,0.3633349537849426,0.3728812336921692,0.3710786998271942,0.3659687340259552,0.37119248509407043]","[-0.049019118701466774,-0.19217971644579906,1.1110317348816974,2.8825559180792415,0.1589435743175724,-1.5429998466092598,0.038880009204149246,-0.030385009944438934,-0.03416500985622406,-0.03003498911857605,-0.03258999437093735,-0.05515999346971512,-0.14153999090194702,-0.14048998057842255,-0.14468999207019806,-0.14710499346256256,0.36910131573677063,0.36573249101638794,0.36931121349334717,0.3636675179004669,0.3627399802207947,0.3633349537849426,0.3728812336921692,0.3710786998271942,0.3659687340259552,0.37119248509407043]","[8.452683687210083e-06,-3.759562969207764e-05,4.017353057861328e-05,-0.00028586387634277344,3.2335519790649414e-05,1.7523765563964844e-05,-1.4677643775939941e-06,-8.903443813323975e-07,-2.5469809770584106e-05,6.492249667644501e-05,5.213543772697449e-05,-4.731118679046631e-07,2.0265579223632812e-06,2.5331974029541016e-06,-1.023709774017334e-05,-1.3127923011779785e-05,-1.9669532775878906e-06,-2.0563602447509766e-06,-2.115964889526367e-06,-6.076693534851074e-05,-3.808736801147461e-05,-1.341104507446289e-06,-1.1622905731201172e-05,-7.897615432739258e-06,3.793835639953613e-05,2.244114875793457e-05]","[0.1209142655134201,-0.3179529309272766,1.020124912261963]","[0.026051465421915054,0.02385379746556282,-0.6743038892745972,0.7376086115837097]","[-8.810274448478594e-05,0.0008932823548093438,-0.00029251378146000206]","[0.00128129159566015,-0.00012779860117007047,0.00030653169960714877]","[-0.1599999964237213,-0.30000001192092896,0.7400000095367432]","[0.7070000171661377,0.7070000171661377,0.0,0.0]","[-0.04902743548154831,-0.192142054438591,1.1109914779663086]","[0.14707092940807343,0.7014862298965454,0.6965500712394714,-0.03324443846940994]","[""right_finger2_link3"",""right_finger2_link4"",""right_finger3_link3"",""right_finger3_link4"",""right_finger4_link3"",""right_finger4_link4""]","[[0.0023448022548109293,-0.23965640366077423,0.9864755868911743],[0.004613913595676422,-0.239766925573349,0.9570631980895996],[-0.0266734566539526,-0.24459721148014069,0.98602294921875],[-0.02579069696366787,-0.2447699010372162,0.9565366506576538],[-0.053088173270225525,-0.239869624376297,0.9865049719810486],[-0.05449196323752403,-0.23956064879894257,0.957040011882782]]","[0.0,0.0,0.0,0.0,0.0,0.0]","[[0.0,0.0,0.0],[0.0,0.0,0.0],[0.0,0.0,0.0],[0.0,0.0,0.0],[0.0,0.0,0.0],[0.0,0.0,0.0]]",0.0,"[0.0,0.0,0.0]",0.0,"[0.0,0.0,0.0]",[],[],False,False,False,False,False,[],0.0018851313558734262,0.01969964100003578,6.537703905246374,0.035163782774944384,6.537703905246374,0.0,0.0,0,0,0,True,FRAME_JUMP,True
52,correction_1,FAILED,"[-0.04902753233909607,-0.19214153289794922,1.1109915971755981,2.882844924926758,0.15891137719154358,-1.5430173873901367,0.038881536573171616,-0.03038373403251171,-0.03413940593600273,-0.030099602416157722,-0.03264183923602104,-0.05515960231423378,-0.1415417492389679,-0.1404925137758255,-0.14467962086200714,-0.14709219336509705,0.36910319328308105,0.36573493480682373,0.3693138360977173,0.3637286126613617,0.3627782464027405,0.3633362948894501,0.372892826795578,0.37108635902404785,0.36593082547187805,0.37117037177085876]","[-0.049019116908311844,-0.19217970967292786,1.1110317707061768,2.8825559616088867,0.15894357860088348,-1.5429998636245728,0.038880009204149246,-0.030385009944438934,-0.03416500985622406,-0.03003498911857605,-0.03258999437093735,-0.05515999346971512,-0.14153999090194702,-0.14048998057842255,-0.14468999207019806,-0.14710499346256256,0.36910131573677063,0.36573249101638794,0.36931121349334717,0.3636675179004669,0.3627399802207947,0.3633349537849426,0.3728812336921692,0.3710786998271942,0.3659687340259552,0.37119248509407043]","[-0.049019118701466774,-0.19217971644579906,1.1110317348816974,2.8825559180792415,0.1589435743175724,-1.5429998466092598,0.038880009204149246,-0.030385009944438934,-0.03416500985622406,-0.03003498911857605,-0.03258999437093735,-0.05515999346971512,-0.14153999090194702,-0.14048998057842255,-0.14468999207019806,-0.14710499346256256,0.36910131573677063,0.36573249101638794,0.36931121349334717,0.3636675179004669,0.3627399802207947,0.3633349537849426,0.3728812336921692,0.3710786998271942,0.3659687340259552,0.37119248509407043]","[8.415430784225464e-06,-3.8176774978637695e-05,4.017353057861328e-05,-0.00028896331787109375,3.2201409339904785e-05,1.7523765563964844e-05,-1.5273690223693848e-06,-1.2759119272232056e-06,-2.5603920221328735e-05,6.461329758167267e-05,5.184486508369446e-05,-3.91155481338501e-07,1.7583370208740234e-06,2.5331974029541016e-06,-1.0371208190917969e-05,-1.2800097465515137e-05,-1.8775463104248047e-06,-2.4437904357910156e-06,-2.6226043701171875e-06,-6.109476089477539e-05,-3.826618194580078e-05,-1.341104507446289e-06,-1.1593103408813477e-05,-7.659196853637695e-06,3.790855407714844e-05,2.2113323211669922e-05]","[0.12091373652219772,-0.3179536461830139,1.0201234817504883]","[0.026043979451060295,0.023846598342061043,-0.6743132472038269,0.7376005053520203]","[3.7734906072728336e-05,0.00017811101861298084,0.0008785982499830425]","[-0.004980010911822319,0.003938500303775072,-0.00028289592592045665]","[-0.1599999964237213,-0.30000001192092896,0.7400000095367432]","[0.7070000171661377,0.7070000171661377,0.0,0.0]","[-0.049027394503355026,-0.19214147329330444,1.1109914779663086]","[0.14706991612911224,0.701486349105835,0.6965501308441162,-0.03324341028928757]","[""right_finger2_link3"",""right_finger2_link4"",""right_finger3_link3"",""right_finger3_link4"",""right_finger4_link3"",""right_finger4_link4""]","[[0.0023448606953024864,-0.23965543508529663,0.9864753484725952],[0.00461397971957922,-0.23976586759090424,0.9570629596710205],[-0.02667340822517872,-0.24459627270698547,0.9860228300094604],[-0.02579064480960369,-0.24476885795593262,0.9565365314483643],[-0.053088124841451645,-0.2398686707019806,0.9865049719810486],[-0.054491907358169556,-0.239559605717659,0.957040011882782]]","[0.0,0.0,0.0,0.0,0.0,0.0]","[[0.0,0.0,0.0],[0.0,0.0,0.0],[0.0,0.0,0.0],[0.0,0.0,0.0],[0.0,0.0,0.0],[0.0,0.0,0.0]]",0.0,"[0.0,0.0,0.0]",0.0,"[0.0,0.0,0.0]",[],[],False,False,False,False,False,[],0.0018847985337185902,0.019700556665040524,6.53585321780646,0.03516307531683173,6.53585321780646,0.0,0.0,0,0,0,True,FRAME_JUMP,True
53,correction_1,FAILED,"[-0.049028102308511734,-0.19214144349098206,1.1109915971755981,2.8828485012054443,0.15891125798225403,-1.5430173873901367,0.0388810858130455,-0.030384540557861328,-0.03413862735033035,-0.030102020129561424,-0.032643843442201614,-0.05515951290726662,-0.14154201745986938,-0.14049233496189117,-0.14467985928058624,-0.14709171652793884,0.36910295486450195,0.365734338760376,0.3693123459815979,0.3637291491031647,0.36277881264686584,0.3633362948894501,0.3728930950164795,0.371086448431015,0.36592942476272583,0.3711690604686737]","[-0.049019116908311844,-0.19217970967292786,1.1110317707061768,2.8825559616088867,0.15894357860088348,-1.5429998636245728,0.038880009204149246,-0.030385009944438934,-0.03416500985622406,-0.03003498911857605,-0.03258999437093735,-0.05515999346971512,-0.14153999090194702,-0.14048998057842255,-0.14468999207019806,-0.14710499346256256,0.36910131573677063,0.36573249101638794,0.36931121349334717,0.3636675179004669,0.3627399802207947,0.3633349537849426,0.3728812336921692,0.3710786998271942,0.3659687340259552,0.37119248509407043]","[-0.049019118701466774,-0.19217971644579906,1.1110317348816974,2.8825559180792415,0.1589435743175724,-1.5429998466092598,0.038880009204149246,-0.030385009944438934,-0.03416500985622406,-0.03003498911857605,-0.03258999437093735,-0.05515999346971512,-0.14153999090194702,-0.14048998057842255,-0.14468999207019806,-0.14710499346256256,0.36910131573677063,0.36573249101638794,0.36931121349334717,0.3636675179004669,0.3627399802207947,0.3633349537849426,0.3728812336921692,0.3710786998271942,0.3659687340259552,0.37119248509407043]","[8.985400199890137e-06,-3.826618194580078e-05,4.017353057861328e-05,-0.0002925395965576172,3.2320618629455566e-05,1.7523765563964844e-05,-1.0766088962554932e-06,-4.6938657760620117e-07,-2.6382505893707275e-05,6.703101098537445e-05,5.384907126426697e-05,-4.805624485015869e-07,2.0265579223632812e-06,2.3543834686279297e-06,-1.0132789611816406e-05,-1.3276934623718262e-05,-1.6391277313232422e-06,-1.8477439880371094e-06,-1.1324882507324219e-06,-6.16312026977539e-05,-3.883242607116699e-05,-1.341104507446289e-06,-1.1861324310302734e-05,-7.748603820800781e-06,3.930926322937012e-05,2.3424625396728516e-05]","[0.12091279774904251,-0.3179536461830139,1.0201276540756226]","[0.02602699212729931,0.023830899968743324,-0.6743130087852478,0.7376018762588501]","[-0.00024678127374500036,-2.605197914817836e-05,-0.00023906909336801618]","[0.001437929691746831,-0.0006720180390402675,-0.0012744310079142451]","[-0.1599999964237213,-0.30000001192092896,0.7400000095367432]","[0.7070000171661377,0.7070000171661377,0.0,0.0]","[-0.04902796447277069,-0.19214138388633728,1.1109914779663086]","[0.14706863462924957,0.7014867067337036,0.6965502500534058,-0.033242106437683105]","[""right_finger2_link3"",""right_finger2_link4"",""right_finger3_link3"",""right_finger3_link4"",""right_finger4_link3"",""right_finger4_link4""]","[[0.0023442809469997883,-0.23965492844581604,0.9864752888679504],[0.00461339857429266,-0.23976530134677887,0.9570629000663757],[-0.02667396329343319,-0.2445956915616989,0.9860225319862366],[-0.02579120360314846,-0.2447681874036789,0.9565362334251404],[-0.05308869108557701,-0.2398681938648224,0.986504852771759],[-0.05449247360229492,-0.23955905437469482,0.9570398926734924]]","[0.0,0.0,0.0,0.0,0.0,0.0]","[[0.0,0.0,0.0],[0.0,0.0,0.0],[0.0,0.0,0.0],[0.0,0.0,0.0],[0.0,0.0,0.0],[0.0,0.0,0.0]]",0.0,"[0.0,0.0,0.0]",0.0,"[0.0,0.0,0.0]",[],[],False,False,False,False,False,[],0.0018874550668658285,0.019700698866814505,6.53431134750014,0.035166714492168176,6.53431134750014,0.0,0.0,0,0,0,True,FRAME_JUMP,True
54,correction_1,FAILED,"[-0.04902782663702965,-0.19214071333408356,1.1109915971755981,2.882850408554077,0.15891127288341522,-1.5430173873901367,0.03888144716620445,-0.030383821576833725,-0.034138865768909454,-0.03010101430118084,-0.03264305740594864,-0.055159591138362885,-0.1415414959192276,-0.14049290120601654,-0.14467991888523102,-0.14709191024303436,0.3691025674343109,0.3657344877719879,0.3693133294582367,0.363728791475296,0.3627789318561554,0.3633362948894501,0.3728925883769989,0.371086061000824,0.3659292161464691,0.3711692690849304]","[-0.049019116908311844,-0.19217970967292786,1.1110317707061768,2.8825559616088867,0.15894357860088348,-1.5429998636245728,0.038880009204149246,-0.030385009944438934,-0.03416500985622406,-0.03003498911857605,-0.03258999437093735,-0.05515999346971512,-0.14153999090194702,-0.14048998057842255,-0.14468999207019806,-0.14710499346256256,0.36910131573677063,0.36573249101638794,0.36931121349334717,0.3636675179004669,0.3627399802207947,0.3633349537849426,0.3728812336921692,0.3710786998271942,0.3659687340259552,0.37119248509407043]","[-0.049019118701466774,-0.19217971644579906,1.1110317348816974,2.8825559180792415,0.1589435743175724,-1.5429998466092598,0.038880009204149246,-0.030385009944438934,-0.03416500985622406,-0.03003498911857605,-0.03258999437093735,-0.05515999346971512,-0.14153999090194702,-0.14048998057842255,-0.14468999207019806,-0.14710499346256256,0.36910131573677063,0.36573249101638794,0.36931121349334717,0.3636675179004669,0.3627399802207947,0.3633349537849426,0.3728812336921692,0.3710786998271942,0.3659687340259552,0.37119248509407043]","[8.709728717803955e-06,-3.8996338844299316e-05,4.017353057861328e-05,-0.0002944469451904297,3.230571746826172e-05,1.7523765563964844e-05,-1.4379620552062988e-06,-1.1883676052093506e-06,-2.6144087314605713e-05,6.602518260478973e-05,5.3063035011291504e-05,-4.023313522338867e-07,1.5050172805786133e-06,2.9206275939941406e-06,-1.0073184967041016e-05,-1.3083219528198242e-05,-1.2516975402832031e-06,-1.996755599975586e-06,-2.115964889526367e-06,-6.127357482910156e-05,-3.8951635360717773e-05,-1.341104507446289e-06,-1.1354684829711914e-05,-7.361173629760742e-06,3.9517879486083984e-05,2.321600914001465e-05]","[0.12091340124607086,-0.31795454025268555,1.0201177597045898]","[0.02604074962437153,0.023843349888920784,-0.6743161678314209,0.7375981211662292]","[3.6366920539876446e-05,0.00011601747246459126,0.0005006241844967008]","[-0.0027437969110906124,0.0025697045493870974,-0.00024162241606973112]","[-0.1599999964237213,-0.30000001192092896,0.7400000095367432]","[0.7070000171661377,0.7070000171661377,0.0,0.0]","[-0.0490276925265789,-0.19214065372943878,1.1109914779663086]","[0.14706797897815704,0.7014868259429932,0.6965503096580505,-0.03324144333600998]","[""right_finger2_link3"",""right_finger2_link4"",""right_finger3_link3"",""right_finger3_link4"",""right_finger4_link3"",""right_finger4_link4""]","[[0.0023445854894816875,-0.23965393006801605,0.9864750504493713],[0.0046137189492583275,-0.2397642284631729,0.9570626616477966],[-0.026673713698983192,-0.2445947527885437,0.9860223531723022],[-0.02579096332192421,-0.24476715922355652,0.956536054611206],[-0.05308842658996582,-0.2398672252893448,0.9865045547485352],[-0.05449220910668373,-0.23955804109573364,0.9570395946502686]]","[0.0,0.0,0.0,0.0,0.0,0.0]","[[0.0,0.0,0.0],[0.0,0.0,0.0],[0.0,0.0,0.0],[0.0,0.0,0.0],[0.0,0.0,0.0],[0.0,0.0,0.0]]",0.0,"[0.0,0.0,0.0]",0.0,"[0.0,0.0,0.0]",[],[],False,False,False,False,False,[],0.0018793253300575241,0.01970176154684178,6.5351895680235526,0.035158868271311226,6.5351895680235526,0.0,0.0,0,0,0,True,FRAME_JUMP,True
55,correction_1,FAILED,"[-0.049028098583221436,-0.19214050471782684,1.1109915971755981,2.8828518390655518,0.15891094505786896,-1.5430173873901367,0.03888123854994774,-0.030384384095668793,-0.03413865715265274,-0.03010190650820732,-0.03264379873871803,-0.055159520357847214,-0.14154180884361267,-0.1404929757118225,-0.14467990398406982,-0.14709173142910004,0.3691030740737915,0.3657345473766327,0.3693130314350128,0.3637291491031647,0.36277806758880615,0.3633362948894501,0.3728925585746765,0.3710862398147583,0.36592841148376465,0.37116923928260803]","[-0.049019116908311844,-0.19217970967292786,1.1110317707061768,2.8825559616088867,0.15894357860088348,-1.5429998636245728,0.038880009204149246,-0.030385009944438934,-0.03416500985622406,-0.03003498911857605,-0.03258999437093735,-0.05515999346971512,-0.14153999090194702,-0.14048998057842255,-0.14468999207019806,-0.14710499346256256,0.36910131573677063,0.36573249101638794,0.36931121349334717,0.3636675179004669,0.3627399802207947,0.3633349537849426,0.3728812336921692,0.3710786998271942,0.3659687340259552,0.37119248509407043]","[-0.049019118701466774,-0.19217971644579906,1.1110317348816974,2.8825559180792415,0.1589435743175724,-1.5429998466092598,0.038880009204149246,-0.030385009944438934,-0.03416500985622406,-0.03003498911857605,-0.03258999437093735,-0.05515999346971512,-0.14153999090194702,-0.14048998057842255,-0.14468999207019806,-0.14710499346256256,0.36910131573677063,0.36573249101638794,0.36931121349334717,0.3636675179004669,0.3627399802207947,0.3633349537849426,0.3728812336921692,0.3710786998271942,0.3659687340259552,0.37119248509407043]","[8.981674909591675e-06,-3.9204955101013184e-05,4.017353057861328e-05,-0.00029587745666503906,3.263354301452637e-05,1.7523765563964844e-05,-1.2293457984924316e-06,-6.258487701416016e-07,-2.635270357131958e-05,6.691738963127136e-05,5.3804367780685425e-05,-4.731118679046631e-07,1.817941665649414e-06,2.995133399963379e-06,-1.0088086128234863e-05,-1.3262033462524414e-05,-1.7583370208740234e-06,-2.0563602447509766e-06,-1.817941665649414e-06,-6.16312026977539e-05,-3.808736801147461e-05,-1.341104507446289e-06,-1.1324882507324219e-05,-7.539987564086914e-06,4.032254219055176e-05,2.3245811462402344e-05]","[0.1209128350019455,-0.31795579195022583,1.0201160907745361]","[0.02603326179087162,0.023836029693484306,-0.6743253469467163,0.7375903129577637]","[0.00014793539594393224,0.00032443361124023795,-0.00019594379409682006]","[0.000836184190120548,-0.0006605249946005642,-0.0009070718660950661]","[-0.1599999964237213,-0.30000001192092896,0.7400000095367432]","[0.7070000171661377,0.7070000171661377,0.0,0.0]","[-0.04902796447277069,-0.19214044511318207,1.1109914779663086]","[0.14706742763519287,0.7014869451522827,0.6965503096580505,-0.03324118256568909]","[""right_finger2_link3"",""right_finger2_link4"",""right_finger3_link3"",""right_finger3_link4"",""right_finger4_link3"",""right_finger4_link4""]","[[0.002344246255233884,-0.2396536022424698,0.9864750504493713],[0.004613360855728388,-0.23976387083530426,0.9570626616477966],[-0.026674048975110054,-0.24459438025951385,0.9860223531723022],[-0.025791319087147713,-0.24476677179336548,0.956536054611206],[-0.05308874696493149,-0.23986688256263733,0.9865045547485352],[-0.054492540657520294,-0.2395576685667038,0.9570395946502686]]","[0.0,0.0,0.0,0.0,0.0,0.0]","[[0.0,0.0,0.0],[0.0,0.0,0.0],[0.0,0.0,0.0],[0.0,0.0,0.0],[0.0,0.0,0.0],[0.0,0.0,0.0]]",0.0,"[0.0,0.0,0.0]",0.0,"[0.0,0.0,0.0]",[],[],False,False,False,False,False,[],0.0018787020721157122,0.01970320398300168,6.533362723869727,0.03515825253711214,6.533362723869727,0.0,0.0,0,0,0,True,FRAME_JUMP,True
56,correction_1,FAILED,"[-0.04902825504541397,-0.1921398639678955,1.1109915971755981,2.882854700088501,0.15891042351722717,-1.5430173873901367,0.038881465792655945,-0.03038378432393074,-0.03413888439536095,-0.030100859701633453,-0.03264289349317551,-0.055159568786621094,-0.1415422558784485,-0.14049303531646729,-0.14467965066432953,-0.1470918506383896,0.36910325288772583,0.36573493480682373,0.36931413412094116,0.3637293577194214,0.3627793788909912,0.3633362948894501,0.3728925883769989,0.37108612060546875,0.365928590297699,0.371170312166214]","[-0.049019116908311844,-0.19217970967292786,1.1110317707061768,2.8825559616088867,0.15894357860088348,-1.5429998636245728,0.038880009204149246,-0.030385009944438934,-0.03416500985622406,-0.03003498911857605,-0.03258999437093735,-0.05515999346971512,-0.14153999090194702,-0.14048998057842255,-0.14468999207019806,-0.14710499346256256,0.36910131573677063,0.36573249101638794,0.36931121349334717,0.3636675179004669,0.3627399802207947,0.3633349537849426,0.3728812336921692,0.3710786998271942,0.3659687340259552,0.37119248509407043]","[-0.049019118701466774,-0.19217971644579906,1.1110317348816974,2.8825559180792415,0.1589435743175724,-1.5429998466092598,0.038880009204149246,-0.030385009944438934,-0.03416500985622406,-0.03003498911857605,-0.03258999437093735,-0.05515999346971512,-0.14153999090194702,-0.14048998057842255,-0.14468999207019806,-0.14710499346256256,0.36910131573677063,0.36573249101638794,0.36931121349334717,0.3636675179004669,0.3627399802207947,0.3633349537849426,0.3728812336921692,0.3710786998271942,0.3659687340259552,0.37119248509407043]","[9.138137102127075e-06,-3.984570503234863e-05,4.017353057861328e-05,-0.0002987384796142578,3.3155083656311035e-05,1.7523765563964844e-05,-1.4565885066986084e-06,-1.2256205081939697e-06,-2.6125460863113403e-05,6.587058305740356e-05,5.289912223815918e-05,-4.246830940246582e-07,2.2649765014648438e-06,3.0547380447387695e-06,-1.0341405868530273e-05,-1.3142824172973633e-05,-1.9371509552001953e-06,-2.4437904357910156e-06,-2.9206275939941406e-06,-6.183981895446777e-05,-3.93986701965332e-05,-1.341104507446289e-06,-1.1354684829711914e-05,-7.420778274536133e-06,4.0143728256225586e-05,2.2172927856445312e-05]","[0.1209118664264679,-0.3179551959037781,1.020121455192566]","[0.026015743613243103,0.023819515481591225,-0.6743258237838745,0.7375909686088562]","[8.732068818062544e-05,0.0001513178285676986,0.0007462572539225221]","[-0.004265070427209139,0.003659789217635989,-9.691693412605673e-05]","[-0.1599999964237213,-0.30000001192092896,0.7400000095367432]","[0.7070000171661377,0.7070000171661377,0.0,0.0]","[-0.04902811720967293,-0.19213980436325073,1.1109914779663086]","[0.147066131234169,0.7014871835708618,0.6965502500534058,-0.0332404188811779]","[""right_finger2_link3"",""right_finger2_link4"",""right_finger3_link3"",""right_finger3_link4"",""right_finger4_link3"",""right_finger4_link4""]","[[0.002343976404517889,-0.2396525889635086,0.9864747524261475],[0.004613055847585201,-0.23976273834705353,0.9570623636245728],[-0.026674313470721245,-0.24459338188171387,0.9860222339630127],[-0.025791600346565247,-0.24476562440395355,0.9565359354019165],[-0.05308898538351059,-0.23986582458019257,0.9865044355392456],[-0.05449279770255089,-0.2395564615726471,0.957039475440979]]","[0.0,0.0,0.0,0.0,0.0,0.0]","[[0.0,0.0,0.0],[0.0,0.0,0.0],[0.0,0.0,0.0],[0.0,0.0,0.0],[0.0,0.0,0.0],[0.0,0.0,0.0]]",0.0,"[0.0,0.0,0.0]",0.0,"[0.0,0.0,0.0]",[],[],False,False,False,False,False,[],0.0018826326853955688,0.019702743901063132,6.531663297996114,0.03516257181407877,6.531663297996114,0.0,0.0,0,0,0,True,FRAME_JUMP,True
57,correction_1,FAILED,"[-0.04902827739715576,-0.19213983416557312,1.1109915971755981,2.8828577995300293,0.15890994668006897,-1.5430172681808472,0.03888086602091789,-0.03038480132818222,-0.03413795679807663,-0.030103767290711403,-0.032645124942064285,-0.055159468203783035,-0.1415422260761261,-0.14049382507801056,-0.14467951655387878,-0.14709095656871796,0.36910322308540344,0.36573415994644165,0.36931246519088745,0.3637300729751587,0.3627789616584778,0.3633362948894501,0.3728926181793213,0.3710861802101135,0.36592745780944824,0.37116891145706177]","[-0.049019116908311844,-0.19217970967292786,1.1110317707061768,2.8825559616088867,0.15894357860088348,-1.5429998636245728,0.038880009204149246,-0.030385009944438934,-0.03416500985622406,-0.03003498911857605,-0.03258999437093735,-0.05515999346971512,-0.14153999090194702,-0.14048998057842255,-0.14468999207019806,-0.14710499346256256,0.36910131573677063,0.36573249101638794,0.36931121349334717,0.3636675179004669,0.3627399802207947,0.3633349537849426,0.3728812336921692,0.3710786998271942,0.3659687340259552,0.37119248509407043]","[-0.049019118701466774,-0.19217971644579906,1.1110317348816974,2.8825559180792415,0.1589435743175724,-1.5429998466092598,0.038880009204149246,-0.030385009944438934,-0.03416500985622406,-0.03003498911857605,-0.03258999437093735,-0.05515999346971512,-0.14153999090194702,-0.14048998057842255,-0.14468999207019806,-0.14710499346256256,0.36910131573677063,0.36573249101638794,0.36931121349334717,0.3636675179004669,0.3627399802207947,0.3633349537849426,0.3728812336921692,0.3710786998271942,0.3659687340259552,0.37119248509407043]","[9.160488843917847e-06,-3.987550735473633e-05,4.017353057861328e-05,-0.0003018379211425781,3.363192081451416e-05,1.7404556274414062e-05,-8.568167686462402e-07,-2.086162567138672e-07,-2.705305814743042e-05,6.877817213535309e-05,5.5130571126937866e-05,-5.252659320831299e-07,2.2351741790771484e-06,3.844499588012695e-06,-1.0475516319274902e-05,-1.4036893844604492e-05,-1.9073486328125e-06,-1.6689300537109375e-06,-1.2516975402832031e-06,-6.255507469177246e-05,-3.898143768310547e-05,-1.341104507446289e-06,-1.138448715209961e-05,-7.4803829193115234e-06,4.127621650695801e-05,2.3573637008666992e-05]","[0.12091224640607834,-0.31795668601989746,1.0201119184494019]","[0.02603204920887947,0.023833800107240677,-0.6743265986442566,0.7375891804695129]","[4.763030301546678e-05,-0.00027458369731903076,-0.0002952934883069247]","[0.0018267787527292967,-0.0013575208140537143,-0.00042177544673904777]","[-0.1599999964237213,-0.30000001192092896,0.7400000095367432]","[0.7070000171661377,0.7070000171661377,0.0,0.0]","[-0.04902814328670502,-0.19213977456092834,1.1109914779663086]","[0.1470649689435959,0.7014876008033752,0.696550190448761,-0.033239468932151794]","[""right_finger2_link3"",""right_finger2_link4"",""right_finger3_link3"",""right_finger3_link4"",""right_finger4_link3"",""right_finger4_link4""]","[[0.002343899803236127,-0.23965224623680115,0.9864747524261475],[0.004612982738763094,-0.2397623509168625,0.9570623636245728],[-0.026674410328269005,-0.24459294974803925,0.9860221147537231],[-0.025791728869080544,-0.24476514756679535,0.956535816192627],[-0.05308906361460686,-0.23986554145812988,0.9865044355392456],[-0.054492879658937454,-0.2395561784505844,0.957039475440979]]","[0.0,0.0,0.0,0.0,0.0,0.0]","[[0.0,0.0,0.0],[0.0,0.0,0.0],[0.0,0.0,0.0],[0.0,0.0,0.0],[0.0,0.0,0.0],[0.0,0.0,0.0]]",0.0,"[0.0,0.0,0.0]",0.0,"[0.0,0.0,0.0]",[],[],False,False,False,False,False,[],0.0018746136504619315,0.019704429724069612,6.533040683434553,0.03515537918313953,6.533040683434553,0.0,0.0,0,0,0,True,FRAME_JUMP,True
58,correction_1,FAILED,"[-0.049028489738702774,-0.1921389102935791,1.1109915971755981,2.882859945297241,0.15890933573246002,-1.5430172681808472,0.03888138011097908,-0.030383825302124023,-0.034138504415750504,-0.03010181523859501,-0.03264342620968819,-0.05515952408313751,-0.14154215157032013,-0.1404937356710434,-0.1446792185306549,-0.1470911204814911,0.36910349130630493,0.36573514342308044,0.36931443214416504,0.3637300431728363,0.3627782464027405,0.3633362948894501,0.37289249897003174,0.3710859417915344,0.36592772603034973,0.3711700737476349]","[-0.049019116908311844,-0.19217970967292786,1.1110317707061768,2.8825559616088867,0.15894357860088348,-1.5429998636245728,0.038880009204149246,-0.030385009944438934,-0.03416500985622406,-0.03003498911857605,-0.03258999437093735,-0.05515999346971512,-0.14153999090194702,-0.14048998057842255,-0.14468999207019806,-0.14710499346256256,0.36910131573677063,0.36573249101638794,0.36931121349334717,0.3636675179004669,0.3627399802207947,0.3633349537849426,0.3728812336921692,0.3710786998271942,0.3659687340259552,0.37119248509407043]","[-0.049019118701466774,-0.19217971644579906,1.1110317348816974,2.8825559180792415,0.1589435743175724,-1.5429998466092598,0.038880009204149246,-0.030385009944438934,-0.03416500985622406,-0.03003498911857605,-0.03258999437093735,-0.05515999346971512,-0.14153999090194702,-0.14048998057842255,-0.14468999207019806,-0.14710499346256256,0.36910131573677063,0.36573249101638794,0.36931121349334717,0.3636675179004669,0.3627399802207947,0.3633349537849426,0.3728812336921692,0.3710786998271942,0.3659687340259552,0.37119248509407043]","[9.372830390930176e-06,-4.079937934875488e-05,4.017353057861328e-05,-0.0003039836883544922,3.4242868423461914e-05,1.7404556274414062e-05,-1.3709068298339844e-06,-1.1846423149108887e-06,-2.650544047355652e-05,6.682612001895905e-05,5.3431838750839233e-05,-4.6938657760620117e-07,2.16066837310791e-06,3.7550926208496094e-06,-1.0773539543151855e-05,-1.3872981071472168e-05,-2.175569534301758e-06,-2.652406692504883e-06,-3.2186508178710938e-06,-6.252527236938477e-05,-3.826618194580078e-05,-1.341104507446289e-06,-1.1265277862548828e-05,-7.241964340209961e-06,4.100799560546875e-05,2.2411346435546875e-05]","[0.120911605656147,-0.3179575502872467,1.02010977268219]","[0.02602384239435196,0.023825697600841522,-0.6743369102478027,0.7375803589820862]","[0.00021333072800189257,4.1381787013961e-05,0.0006660308572463691]","[-0.003778095357120037,0.003144841641187668,0.0002059988328255713]","[-0.1599999964237213,-0.30000001192092896,0.7400000095367432]","[0.7070000171661377,0.7070000171661377,0.0,0.0]","[-0.04902835190296173,-0.19213885068893433,1.1109914779663086]","[0.14706401526927948,0.7014877796173096,0.6965501308441162,-0.03323883190751076]","[""right_finger2_link3"",""right_finger2_link4"",""right_finger3_link3"",""right_finger3_link4"",""right_finger4_link3"",""right_finger4_link4""]","[[0.0023436315823346376,-0.23965100944042206,0.9864745140075684],[0.0046126884408295155,-0.23976099491119385,0.9570620656013489],[-0.026674678549170494,-0.24459174275398254,0.9860218167304993],[-0.025792008265852928,-0.2447638213634491,0.9565355181694031],[-0.05308932438492775,-0.2398642599582672,0.9865042567253113],[-0.054493144154548645,-0.239554762840271,0.9570392966270447]]","[0.0,0.0,0.0,0.0,0.0,0.0]","[[0.0,0.0,0.0],[0.0,0.0,0.0],[0.0,0.0,0.0],[0.0,0.0,0.0],[0.0,0.0,0.0],[0.0,0.0,0.0]]",0.0,"[0.0,0.0,0.0]",0.0,"[0.0,0.0,0.0]",[],[],False,False,False,False,False,[],0.001873660532144883,0.019705556322102608,6.531002001275621,0.03515417953373917,6.531002001275621,0.0,0.0,0,0,0,True,FRAME_JUMP,True
59,correction_1,FAILED,"[-0.04902854189276695,-0.19213880598545074,1.1109915971755981,2.8828611373901367,0.1589088886976242,-1.5430171489715576,0.038880906999111176,-0.03038467839360237,-0.034137483686208725,-0.030104776844382286,-0.03264576196670532,-0.05515947565436363,-0.14154215157032013,-0.14049388468265533,-0.14467927813529968,-0.14709067344665527,0.36910322308540344,0.36573365330696106,0.3693128526210785,0.36373046040534973,0.3627791404724121,0.3633362948894501,0.3728924095630646,0.3710858225822449,0.3659270703792572,0.3711686134338379]","[-0.049019116908311844,-0.19217970967292786,1.1110317707061768,2.8825559616088867,0.15894357860088348,-1.5429998636245728,0.038880009204149246,-0.030385009944438934,-0.03416500985622406,-0.03003498911857605,-0.03258999437093735,-0.05515999346971512,-0.14153999090194702,-0.14048998057842255,-0.14468999207019806,-0.14710499346256256,0.36910131573677063,0.36573249101638794,0.36931121349334717,0.3636675179004669,0.3627399802207947,0.3633349537849426,0.3728812336921692,0.3710786998271942,0.3659687340259552,0.37119248509407043]","[-0.049019118701466774,-0.19217971644579906,1.1110317348816974,2.8825559180792415,0.1589435743175724,-1.5429998466092598,0.038880009204149246,-0.030385009944438934,-0.03416500985622406,-0.03003498911857605,-0.03258999437093735,-0.05515999346971512,-0.14153999090194702,-0.14048998057842255,-0.14468999207019806,-0.14710499346256256,0.36910131573677063,0.36573249101638794,0.36931121349334717,0.3636675179004669,0.3627399802207947,0.3633349537849426,0.3728812336921692,0.3710786998271942,0.3659687340259552,0.37119248509407043]","[9.424984455108643e-06,-4.0903687477111816e-05,4.017353057861328e-05,-0.00030517578125,3.4689903259277344e-05,1.728534698486328e-05,-8.977949619293213e-07,-3.3155083656311035e-07,-2.7526170015335083e-05,6.978772580623627e-05,5.5767595767974854e-05,-5.178153514862061e-07,2.16066837310791e-06,3.904104232788086e-06,-1.0713934898376465e-05,-1.4320015907287598e-05,-1.9073486328125e-06,-1.1622905731201172e-06,-1.6391277313232422e-06,-6.29425048828125e-05,-3.916025161743164e-05,-1.341104507446289e-06,-1.1175870895385742e-05,-7.12275505065918e-06,4.166364669799805e-05,2.3871660232543945e-05]","[0.12091174721717834,-0.3179578185081482,1.0201060771942139]","[0.026029255241155624,0.02383071556687355,-0.6743296384811401,0.7375867366790771]","[1.5872306903474964e-05,-3.750980977201834e-05,-0.0002932596835307777]","[0.0013911776477470994,-0.0014747505774721503,-0.0010446907253935933]","[-0.1599999964237213,-0.30000001192092896,0.7400000095367432]","[0.7070000171661377,0.7070000171661377,0.0,0.0]","[-0.04902840405702591,-0.19213874638080597,1.1109914779663086]","[0.14706335961818695,0.7014878988265991,0.6965503096580505,-0.03323869779706001]","[""right_finger2_link3"",""right_finger2_link4"",""right_finger3_link3"",""right_finger3_link4"",""right_finger4_link3"",""right_finger4_link4""]","[[0.002343485364690423,-0.23965078592300415,0.9864745140075684],[0.004612534772604704,-0.23976081609725952,0.9570620656013489],[-0.026674838736653328,-0.24459148943424225,0.9860218167304993],[-0.02579219453036785,-0.2447635680437088,0.9565355181694031],[-0.053089480847120285,-0.23986414074897766,0.986504316329956],[-0.05449333041906357,-0.23955470323562622,0.9570393562316895]]","[0.0,0.0,0.0,0.0,0.0,0.0]","[[0.0,0.0,0.0],[0.0,0.0,0.0],[0.0,0.0,0.0],[0.0,0.0,0.0],[0.0,0.0,0.0],[0.0,0.0,0.0]]",0.0,"[0.0,0.0,0.0]",0.0,"[0.0,0.0,0.0]",[],[],False,False,False,False,False,[],0.0018690625751122125,0.019705923302542137,6.532396034302147,0.03515123145287966,6.532396034302147,0.0,0.0,0,0,0,True,FRAME_JUMP,True
60,correction_1,FAILED,"[-0.04902853071689606,-0.1921379119157791,1.1109915971755981,2.8828635215759277,0.15890930593013763,-1.5430171489715576,0.03888149932026863,-0.03038373775780201,-0.034138116985559464,-0.03010283038020134,-0.032644208520650864,-0.05515953525900841,-0.14154180884361267,-0.1404934525489807,-0.14467915892601013,-0.14709100127220154,0.3691035509109497,0.36573487520217896,0.36931437253952026,0.3637305498123169,0.3627797067165375,0.3633362948894501,0.37289226055145264,0.3710855543613434,0.36592721939086914,0.37116968631744385]","[-0.049019116908311844,-0.19217970967292786,1.1110317707061768,2.8825559616088867,0.15894357860088348,-1.5429998636245728,0.038880009204149246,-0.030385009944438934,-0.03416500985622406,-0.03003498911857605,-0.03258999437093735,-0.05515999346971512,-0.14153999090194702,-0.14048998057842255,-0.14468999207019806,-0.14710499346256256,0.36910131573677063,0.36573249101638794,0.36931121349334717,0.3636675179004669,0.3627399802207947,0.3633349537849426,0.3728812336921692,0.3710786998271942,0.3659687340259552,0.37119248509407043]","[-0.049019118701466774,-0.19217971644579906,1.1110317348816974,2.8825559180792415,0.1589435743175724,-1.5429998466092598,0.038880009204149246,-0.030385009944438934,-0.03416500985622406,-0.03003498911857605,-0.03258999437093735,-0.05515999346971512,-0.14153999090194702,-0.14048998057842255,-0.14468999207019806,-0.14710499346256256,0.36910131573677063,0.36573249101638794,0.36931121349334717,0.3636675179004669,0.3627399802207947,0.3633349537849426,0.3728812336921692,0.3710786998271942,0.3659687340259552,0.37119248509407043]","[9.413808584213257e-06,-4.1797757148742676e-05,4.017353057861328e-05,-0.0003075599670410156,3.427267074584961e-05,1.728534698486328e-05,-1.4901161193847656e-06,-1.2721866369247437e-06,-2.6892870664596558e-05,6.784126162528992e-05,5.4214149713516235e-05,-4.5821070671081543e-07,1.817941665649414e-06,3.471970558166504e-06,-1.0833144187927246e-05,-1.399219036102295e-05,-2.2351741790771484e-06,-2.384185791015625e-06,-3.159046173095703e-06,-6.303191184997559e-05,-3.972649574279785e-05,-1.341104507446289e-06,-1.1026859283447266e-05,-6.854534149169922e-06,4.151463508605957e-05,2.2798776626586914e-05]","[0.12091115117073059,-0.31795844435691833,1.0201045274734497]","[0.02602141536772251,0.023822983726859093,-0.6743392944335938,0.7375782132148743]","[0.00010276017565047368,0.00017038655641954392,0.000904808402992785]","[-0.005105854943394661,0.004066964145749807,-5.407374555943534e-05]","[-0.1599999964237213,-0.30000001192092896,0.7400000095367432]","[0.7070000171661377,0.7070000171661377,0.0,0.0]","[-0.04902839660644531,-0.19213783740997314,1.1109914779663086]","[0.14706256985664368,0.7014880776405334,0.6965502500534058,-0.03323764726519585]","[""right_finger2_link3"",""right_finger2_link4"",""right_finger3_link3"",""right_finger3_link4"",""right_finger4_link3"",""right_finger4_link4""]","[[0.0023435556795448065,-0.23964950442314148,0.9864745140075684],[0.004612613469362259,-0.23975937068462372,0.9570620656013489],[-0.026674756780266762,-0.24459025263786316,0.9860216975212097],[-0.025792088359594345,-0.24476222693920135,0.9565354585647583],[-0.05308939516544342,-0.2398628145456314,0.9865040183067322],[-0.054493214935064316,-0.23955322802066803,0.9570391178131104]]","[0.0,0.0,0.0,0.0,0.0,0.0]","[[0.0,0.0,0.0],[0.0,0.0,0.0],[0.0,0.0,0.0],[0.0,0.0,0.0],[0.0,0.0,0.0],[0.0,0.0,0.0]]",0.0,"[0.0,0.0,0.0]",0.0,"[0.0,0.0,0.0]",[],[],False,False,False,False,False,[],0.0018686421360979422,0.01970678495110728,6.530456488018148,0.035150391879914825,6.530456488018148,0.0,0.0,0,0,0,True,FRAME_JUMP,True
61,correction_1,FAILED,"[-0.04902851954102516,-0.1921379119157791,1.1109915971755981,2.882866144180298,0.15890951454639435,-1.5430171489715576,0.03888105973601341,-0.03038465604186058,-0.03413724899291992,-0.030105503275990486,-0.032646529376506805,-0.05515946447849274,-0.14154189825057983,-0.1404930055141449,-0.14467966556549072,-0.147090882062912,0.3691030740737915,0.36573418974876404,0.3693130612373352,0.36373135447502136,0.36278021335601807,0.3633362948894501,0.3728925287723541,0.3710857033729553,0.36592620611190796,0.3711690306663513]","[-0.049019116908311844,-0.19217970967292786,1.1110317707061768,2.8825559616088867,0.15894357860088348,-1.5429998636245728,0.038880009204149246,-0.030385009944438934,-0.03416500985622406,-0.03003498911857605,-0.03258999437093735,-0.05515999346971512,-0.14153999090194702,-0.14048998057842255,-0.14468999207019806,-0.14710499346256256,0.36910131573677063,0.36573249101638794,0.36931121349334717,0.3636675179004669,0.3627399802207947,0.3633349537849426,0.3728812336921692,0.3710786998271942,0.3659687340259552,0.37119248509407043]","[-0.049019118701466774,-0.19217971644579906,1.1110317348816974,2.8825559180792415,0.1589435743175724,-1.5429998466092598,0.038880009204149246,-0.030385009944438934,-0.03416500985622406,-0.03003498911857605,-0.03258999437093735,-0.05515999346971512,-0.14153999090194702,-0.14048998057842255,-0.14468999207019806,-0.14710499346256256,0.36910131573677063,0.36573249101638794,0.36931121349334717,0.3636675179004669,0.3627399802207947,0.3633349537849426,0.3728812336921692,0.3710786998271942,0.3659687340259552,0.37119248509407043]","[9.402632713317871e-06,-4.1797757148742676e-05,4.017353057861328e-05,-0.0003101825714111328,3.406405448913574e-05,1.728534698486328e-05,-1.0505318641662598e-06,-3.5390257835388184e-07,-2.7760863304138184e-05,7.051415741443634e-05,5.653500556945801e-05,-5.289912223815918e-07,1.9073486328125e-06,3.0249357223510742e-06,-1.0326504707336426e-05,-1.411139965057373e-05,-1.7583370208740234e-06,-1.6987323760986328e-06,-1.8477439880371094e-06,-6.383657455444336e-05,-4.023313522338867e-05,-1.341104507446289e-06,-1.1295080184936523e-05,-7.0035457611083984e-06,4.252791404724121e-05,2.345442771911621e-05]","[0.12091092765331268,-0.3179596960544586,1.0201027393341064]","[0.026014845818281174,0.0238169115036726,-0.6743476390838623,0.737571120262146]","[0.00011745039955712855,-7.740376895526424e-05,-1.93051018868573e-05]","[3.249442306696437e-05,0.0003700437373481691,-0.0006092717521823943]","[-0.1599999964237213,-0.30000001192092896,0.7400000095367432]","[0.7070000171661377,0.7070000171661377,0.0,0.0]","[-0.04902838170528412,-0.19213785231113434,1.1109914779663086]","[0.1470618098974228,0.7014882564544678,0.6965504288673401,-0.03323660045862198]","[""right_finger2_link3"",""right_finger2_link4"",""right_finger3_link3"",""right_finger3_link4"",""right_finger4_link3"",""right_finger4_link4""]","[[0.002343636704608798,-0.2396492213010788,0.9864742755889893],[0.004612719640135765,-0.23975908756256104,0.9570618271827698],[-0.026674671098589897,-0.2445899099111557,0.9860215187072754],[-0.02579198218882084,-0.24476182460784912,0.956535279750824],[-0.053089383989572525,-0.23986263573169708,0.9865040183067322],[-0.054493218660354614,-0.2395530343055725,0.9570390582084656]]","[0.0,0.0,0.0,0.0,0.0,0.0]","[[0.0,0.0,0.0],[0.0,0.0,0.0],[0.0,0.0,0.0],[0.0,0.0,0.0],[0.0,0.0,0.0],[0.0,0.0,0.0]]",0.0,"[0.0,0.0,0.0]",0.0,"[0.0,0.0,0.0]",[],[],False,False,False,False,False,[],0.0018678403309876357,0.019708115450312574,6.52883633498939,0.03514961169692557,6.52883633498939,0.0,0.0,0,0,0,True,FRAME_JUMP,True
62,correction_1,FAILED,"[-0.04902847856283188,-0.1921369880437851,1.1109915971755981,2.8828678131103516,0.1589091569185257,-1.5430171489715576,0.038881514221429825,-0.030383698642253876,-0.03413797914981842,-0.030103284865617752,-0.03264477849006653,-0.055159591138362885,-0.14154192805290222,-0.14049319922924042,-0.14467953145503998,-0.14709138870239258,0.36910346150398254,0.36573490500450134,0.3693142533302307,0.3637305796146393,0.36277955770492554,0.3633362948894501,0.3728923797607422,0.3710854649543762,0.36592647433280945,0.37116944789886475]","[-0.049019116908311844,-0.19217970967292786,1.1110317707061768,2.8825559616088867,0.15894357860088348,-1.5429998636245728,0.038880009204149246,-0.030385009944438934,-0.03416500985622406,-0.03003498911857605,-0.03258999437093735,-0.05515999346971512,-0.14153999090194702,-0.14048998057842255,-0.14468999207019806,-0.14710499346256256,0.36910131573677063,0.36573249101638794,0.36931121349334717,0.3636675179004669,0.3627399802207947,0.3633349537849426,0.3728812336921692,0.3710786998271942,0.3659687340259552,0.37119248509407043]","[-0.049019118701466774,-0.19217971644579906,1.1110317348816974,2.8825559180792415,0.1589435743175724,-1.5429998466092598,0.038880009204149246,-0.030385009944438934,-0.03416500985622406,-0.03003498911857605,-0.03258999437093735,-0.05515999346971512,-0.14153999090194702,-0.14048998057842255,-0.14468999207019806,-0.14710499346256256,0.36910131573677063,0.36573249101638794,0.36931121349334717,0.3636675179004669,0.3627399802207947,0.3633349537849426,0.3728812336921692,0.3710786998271942,0.3659687340259552,0.37119248509407043]","[9.36165452003479e-06,-4.272162914276123e-05,4.017353057861328e-05,-0.00031185150146484375,3.4421682357788086e-05,1.728534698486328e-05,-1.5050172805786133e-06,-1.3113021850585938e-06,-2.703070640563965e-05,6.829574704170227e-05,5.478411912918091e-05,-4.023313522338867e-07,1.9371509552001953e-06,3.2186508178710938e-06,-1.0460615158081055e-05,-1.360476016998291e-05,-2.1457672119140625e-06,-2.4139881134033203e-06,-3.039836883544922e-06,-6.306171417236328e-05,-3.9577484130859375e-05,-1.341104507446289e-06,-1.1146068572998047e-05,-6.765127182006836e-06,4.225969314575195e-05,2.3037195205688477e-05]","[0.12091098725795746,-0.31795936822891235,1.0200995206832886]","[0.02601897157728672,0.02382056601345539,-0.6743415594100952,0.7375763654708862]","[9.560247417539358e-05,0.00016613284242339432,0.0009070709347724915]","[-0.005118222441524267,0.004091962706297636,-8.207665814552456e-05]","[-0.1599999964237213,-0.30000001192092896,0.7400000095367432]","[0.7070000171661377,0.7070000171661377,0.0,0.0]","[-0.049028340727090836,-0.19213692843914032,1.1109914779663086]","[0.14706112444400787,0.7014883160591125,0.6965503692626953,-0.03323620930314064]","[""right_finger2_link3"",""right_finger2_link4"",""right_finger3_link3"",""right_finger3_link4"",""right_finger4_link3"",""right_finger4_link4""]","[[0.00234361388720572,-0.23964807391166687,0.9864740967750549],[0.0046126702800393105,-0.23975783586502075,0.9570617079734802],[-0.02667468599975109,-0.24458880722522736,0.9860213994979858],[-0.02579200454056263,-0.244760662317276,0.9565351605415344],[-0.05308936536312103,-0.23986142873764038,0.9865038990974426],[-0.05449320003390312,-0.23955173790454865,0.9570389986038208]]","[0.0,0.0,0.0,0.0,0.0,0.0]","[[0.0,0.0,0.0],[0.0,0.0,0.0],[0.0,0.0,0.0],[0.0,0.0,0.0],[0.0,0.0,0.0],[0.0,0.0,0.0]]",0.0,"[0.0,0.0,0.0]",0.0,"[0.0,0.0,0.0]",[],[],False,False,False,False,False,[],0.0018638352520439216,0.01970793185011452,6.529949945096493,0.03514676153789256,6.529949945096493,0.0,0.0,0,0,0,True,FRAME_JUMP,True
63,correction_1,FAILED,"[-0.04902878403663635,-0.1921370029449463,1.1109915971755981,2.882870674133301,0.15890924632549286,-1.5430171489715576,0.038881104439496994,-0.030384620651602745,-0.034137334674596786,-0.03010542504489422,-0.03264657035470009,-0.05515946447849274,-0.14154213666915894,-0.14049287140369415,-0.1446799337863922,-0.14709094166755676,0.3691030740737915,0.3657347857952118,0.3693128526210785,0.3637310564517975,0.3627796173095703,0.3633362948894501,0.37289270758628845,0.37108567357063293,0.3659256398677826,0.3711691200733185]","[-0.049019116908311844,-0.19217970967292786,1.1110317707061768,2.8825559616088867,0.15894357860088348,-1.5429998636245728,0.038880009204149246,-0.030385009944438934,-0.03416500985622406,-0.03003498911857605,-0.03258999437093735,-0.05515999346971512,-0.14153999090194702,-0.14048998057842255,-0.14468999207019806,-0.14710499346256256,0.36910131573677063,0.36573249101638794,0.36931121349334717,0.3636675179004669,0.3627399802207947,0.3633349537849426,0.3728812336921692,0.3710786998271942,0.3659687340259552,0.37119248509407043]","[-0.049019118701466774,-0.19217971644579906,1.1110317348816974,2.8825559180792415,0.1589435743175724,-1.5429998466092598,0.038880009204149246,-0.030385009944438934,-0.03416500985622406,-0.03003498911857605,-0.03258999437093735,-0.05515999346971512,-0.14153999090194702,-0.14048998057842255,-0.14468999207019806,-0.14710499346256256,0.36910131573677063,0.36573249101638794,0.36931121349334717,0.3636675179004669,0.3627399802207947,0.3633349537849426,0.3728812336921692,0.3710786998271942,0.3659687340259552,0.37119248509407043]","[9.667128324508667e-06,-4.270672798156738e-05,4.017353057861328e-05,-0.0003147125244140625,3.4332275390625e-05,1.728534698486328e-05,-1.0952353477478027e-06,-3.8929283618927e-07,-2.767518162727356e-05,7.043592631816864e-05,5.657598376274109e-05,-5.289912223815918e-07,2.1457672119140625e-06,2.8908252716064453e-06,-1.0058283805847168e-05,-1.405179500579834e-05,-1.7583370208740234e-06,-2.294778823852539e-06,-1.6391277313232422e-06,-6.35385513305664e-05,-3.9637088775634766e-05,-1.341104507446289e-06,-1.1473894119262695e-05,-6.973743438720703e-06,4.309415817260742e-05,2.3365020751953125e-05]","[0.12091068923473358,-0.3179607093334198,1.0200976133346558]","[0.026011694222688675,0.023814188316464424,-0.6743507981300354,0.7375683784484863]","[2.965809835586697e-05,2.3038128347252496e-05,-5.0957329222001135e-05]","[8.711848931852728e-05,0.00016948471602518111,-0.0010356090497225523]","[-0.1599999964237213,-0.30000001192092896,0.7400000095367432]","[0.7070000171661377,0.7070000171661377,0.0,0.0]","[-0.04902864620089531,-0.1921369433403015,1.1109914779663086]","[0.1470600813627243,0.7014885544776917,0.6965504288673401,-0.033235181123018265]","[""right_finger2_link3"",""right_finger2_link4"",""right_finger3_link3"",""right_finger3_link4"",""right_finger4_link3"",""right_finger4_link4""]","[[0.00234330166131258,-0.239647775888443,0.9864740967750549],[0.004612355027347803,-0.2397574782371521,0.9570617079734802],[-0.026674970984458923,-0.2445884346961975,0.9860212802886963],[-0.025792285799980164,-0.24476021528244019,0.9565350413322449],[-0.053089696913957596,-0.2398611456155777,0.9865037202835083],[-0.05449354648590088,-0.2395513951778412,0.9570388197898865]]","[0.0,0.0,0.0,0.0,0.0,0.0]","[[0.0,0.0,0.0],[0.0,0.0,0.0],[0.0,0.0,0.0],[0.0,0.0,0.0],[0.0,0.0,0.0],[0.0,0.0,0.0]]",0.0,"[0.0,0.0,0.0]",0.0,"[0.0,0.0,0.0]",[],[],False,False,False,False,False,[],0.0018630487897469683,0.0197093776878966,6.5281646148378565,0.0351459442428129,6.5281646148378565,0.0,0.0,0,0,0,True,FRAME_JUMP,True
64,correction_1,FAILED,"[-0.049028728157281876,-0.19213621318340302,1.1109915971755981,2.882874011993408,0.15890969336032867,-1.5430171489715576,0.03888154774904251,-0.030383681878447533,-0.03413792699575424,-0.03010348230600357,-0.032645005732774734,-0.0551595501601696,-0.14154188334941864,-0.14049285650253296,-0.1446799486875534,-0.1470913589000702,0.3691033720970154,0.3657354414463043,0.36931464076042175,0.3637309968471527,0.3627791106700897,0.3633362948894501,0.3728927671909332,0.3710855543613434,0.3659261167049408,0.37116992473602295]","[-0.049019116908311844,-0.19217970967292786,1.1110317707061768,2.8825559616088867,0.15894357860088348,-1.5429998636245728,0.038880009204149246,-0.030385009944438934,-0.03416500985622406,-0.03003498911857605,-0.03258999437093735,-0.05515999346971512,-0.14153999090194702,-0.14048998057842255,-0.14468999207019806,-0.14710499346256256,0.36910131573677063,0.36573249101638794,0.36931121349334717,0.3636675179004669,0.3627399802207947,0.3633349537849426,0.3728812336921692,0.3710786998271942,0.3659687340259552,0.37119248509407043]","[-0.049019118701466774,-0.19217971644579906,1.1110317348816974,2.8825559180792415,0.1589435743175724,-1.5429998466092598,0.038880009204149246,-0.030385009944438934,-0.03416500985622406,-0.03003498911857605,-0.03258999437093735,-0.05515999346971512,-0.14153999090194702,-0.14048998057842255,-0.14468999207019806,-0.14710499346256256,0.36910131573677063,0.36573249101638794,0.36931121349334717,0.3636675179004669,0.3627399802207947,0.3633349537849426,0.3728812336921692,0.3710786998271942,0.3659687340259552,0.37119248509407043]","[9.611248970031738e-06,-4.349648952484131e-05,4.017353057861328e-05,-0.0003180503845214844,3.388524055480957e-05,1.728534698486328e-05,-1.5385448932647705e-06,-1.3280659914016724e-06,-2.7082860469818115e-05,6.849318742752075e-05,5.5011361837387085e-05,-4.4330954551696777e-07,1.8924474716186523e-06,2.8759241104125977e-06,-1.004338264465332e-05,-1.3634562492370605e-05,-2.0563602447509766e-06,-2.950429916381836e-06,-3.427267074584961e-06,-6.347894668579102e-05,-3.9130449295043945e-05,-1.341104507446289e-06,-1.1533498764038086e-05,-6.854534149169922e-06,4.26173210144043e-05,2.256035804748535e-05]","[0.12091010808944702,-0.3179614543914795,1.0200955867767334]","[0.02600347436964512,0.023806236684322357,-0.6743613481521606,0.7375593185424805]","[6.878829299239442e-05,0.0002008125011343509,0.0009726030984893441]","[-0.005497644655406475,0.004377423785626888,-0.00024848931934684515]","[-0.1599999964237213,-0.30000001192092896,0.7400000095367432]","[0.7070000171661377,0.7070000171661377,0.0,0.0]","[-0.04902859404683113,-0.19213613867759705,1.1109914779663086]","[0.14705902338027954,0.7014887928962708,0.6965504884719849,-0.033233873546123505]","[""right_finger2_link3"",""right_finger2_link4"",""right_finger3_link3"",""right_finger3_link4"",""right_finger4_link3"",""right_finger4_link4""]","[[0.002343418076634407,-0.23964649438858032,0.9864739775657654],[0.0046124812215566635,-0.2397560328245163,0.9570615887641907],[-0.026674870401620865,-0.2445872575044632,0.986021101474762],[-0.025792168453335762,-0.24475890398025513,0.9565348625183105],[-0.053089603781700134,-0.23985984921455383,0.9865037202835083],[-0.05449344590306282,-0.2395499348640442,0.9570387601852417]]","[0.0,0.0,0.0,0.0,0.0,0.0]","[[0.0,0.0,0.0],[0.0,0.0,0.0],[0.0,0.0,0.0],[0.0,0.0,0.0],[0.0,0.0,0.0],[0.0,0.0,0.0]]",0.0,"[0.0,0.0,0.0]",0.0,"[0.0,0.0,0.0]",[],[],False,False,False,False,False,[],0.0018622682274407332,0.019710368081252424,6.526102189594228,0.035144769800040936,6.526102189594228,0.0,0.0,0,0,0,True,FRAME_JUMP,True
65,correction_1,FAILED,"[-0.04902869090437889,-0.1921362429857254,1.1109915971755981,2.8828744888305664,0.15890924632549286,-1.543017029762268,0.03888091444969177,-0.030384721234440804,-0.03413698077201843,-0.030106237158179283,-0.03264712169766426,-0.055159538984298706,-0.1415419578552246,-0.1404932588338852,-0.14467990398406982,-0.1470910906791687,0.36910301446914673,0.3657335937023163,0.3693128228187561,0.36373141407966614,0.36278006434440613,0.3633362948894501,0.37289267778396606,0.3710854947566986,0.3659253418445587,0.3711688220500946]","[-0.049019116908311844,-0.19217970967292786,1.1110317707061768,2.8825559616088867,0.15894357860088348,-1.5429998636245728,0.038880009204149246,-0.030385009944438934,-0.03416500985622406,-0.03003498911857605,-0.03258999437093735,-0.05515999346971512,-0.14153999090194702,-0.14048998057842255,-0.14468999207019806,-0.14710499346256256,0.36910131573677063,0.36573249101638794,0.36931121349334717,0.3636675179004669,0.3627399802207947,0.3633349537849426,0.3728812336921692,0.3710786998271942,0.3659687340259552,0.37119248509407043]","[-0.049019118701466774,-0.19217971644579906,1.1110317348816974,2.8825559180792415,0.1589435743175724,-1.5429998466092598,0.038880009204149246,-0.030385009944438934,-0.03416500985622406,-0.03003498911857605,-0.03258999437093735,-0.05515999346971512,-0.14153999090194702,-0.14048998057842255,-0.14468999207019806,-0.14710499346256256,0.36910131573677063,0.36573249101638794,0.36931121349334717,0.3636675179004669,0.3627399802207947,0.3633349537849426,0.3728812336921692,0.3710786998271942,0.3659687340259552,0.37119248509407043]","[9.573996067047119e-06,-4.346668720245361e-05,4.017353057861328e-05,-0.0003185272216796875,3.4332275390625e-05,1.71661376953125e-05,-9.052455425262451e-07,-2.8870999813079834e-07,-2.802908420562744e-05,7.124803960323334e-05,5.712732672691345e-05,-4.544854164123535e-07,1.9669532775878906e-06,3.2782554626464844e-06,-1.0088086128234863e-05,-1.3902783393859863e-05,-1.6987323760986328e-06,-1.1026859283447266e-06,-1.6093254089355469e-06,-6.389617919921875e-05,-4.0084123611450195e-05,-1.341104507446289e-06,-1.1444091796875e-05,-6.794929504394531e-06,4.3392181396484375e-05,2.3663043975830078e-05]","[0.12091024965047836,-0.3179619312286377,1.0200916528701782]","[0.026008177548646927,0.023810680955648422,-0.6743548512458801,0.7375650405883789]","[1.1899187484232243e-05,-0.00016763249004725367,-0.00012327420699875802]","[0.0006398023688234389,-0.0007044397061690688,-0.00035687911440618336]","[-0.1599999964237213,-0.30000001192092896,0.7400000095367432]","[0.7070000171661377,0.7070000171661377,0.0,0.0]","[-0.049028556793928146,-0.19213618338108063,1.1109914779663086]","[0.14705879986286163,0.7014888525009155,0.6965505480766296,-0.033233873546123505]","[""right_finger2_link3"",""right_finger2_link4"",""right_finger3_link3"",""right_finger3_link4"",""right_finger4_link3"",""right_finger4_link4""]","[[0.0023433964233845472,-0.2396465390920639,0.9864739775657654],[0.0046124584041535854,-0.23975618183612823,0.9570615887641907],[-0.026674896478652954,-0.24458719789981842,0.9860209822654724],[-0.02579221874475479,-0.24475885927677155,0.956534743309021],[-0.05308961123228073,-0.2398599535226822,0.9865036010742188],[-0.054493457078933716,-0.23955011367797852,0.9570387005805969]]","[0.0,0.0,0.0,0.0,0.0,0.0]","[[0.0,0.0,0.0],[0.0,0.0,0.0],[0.0,0.0,0.0],[0.0,0.0,0.0],[0.0,0.0,0.0],[0.0,0.0,0.0]]",0.0,"[0.0,0.0,0.0]",0.0,"[0.0,0.0,0.0]",[],[],False,False,False,False,False,[],0.0018575189985122753,0.019710944033969717,6.527340277904412,0.0351417346571906,6.527340277904412,0.0,0.0,0,0,0,True,FRAME_JUMP,True
66,correction_1,FAILED,"[-0.049028683453798294,-0.19213545322418213,1.1109915971755981,2.882876396179199,0.1589091271162033,-1.543017029762268,0.03888155147433281,-0.030383698642253876,-0.03413777053356171,-0.030103828758001328,-0.03264518827199936,-0.0551595613360405,-0.1415417343378067,-0.14049308001995087,-0.14467978477478027,-0.14709126949310303,0.36910343170166016,0.36573490500450134,0.3693144917488098,0.36373138427734375,0.3627792000770569,0.3633362948894501,0.3728925585746765,0.3710852861404419,0.365925669670105,0.37116968631744385]","[-0.049019116908311844,-0.19217970967292786,1.1110317707061768,2.8825559616088867,0.15894357860088348,-1.5429998636245728,0.038880009204149246,-0.030385009944438934,-0.03416500985622406,-0.03003498911857605,-0.03258999437093735,-0.05515999346971512,-0.14153999090194702,-0.14048998057842255,-0.14468999207019806,-0.14710499346256256,0.36910131573677063,0.36573249101638794,0.36931121349334717,0.3636675179004669,0.3627399802207947,0.3633349537849426,0.3728812336921692,0.3710786998271942,0.3659687340259552,0.37119248509407043]","[-0.049019118701466774,-0.19217971644579906,1.1110317348816974,2.8825559180792415,0.1589435743175724,-1.5429998466092598,0.038880009204149246,-0.030385009944438934,-0.03416500985622406,-0.03003498911857605,-0.03258999437093735,-0.05515999346971512,-0.14153999090194702,-0.14048998057842255,-0.14468999207019806,-0.14710499346256256,0.36910131573677063,0.36573249101638794,0.36931121349334717,0.3636675179004669,0.3627399802207947,0.3633349537849426,0.3728812336921692,0.3710786998271942,0.3659687340259552,0.37119248509407043]","[9.566545486450195e-06,-4.425644874572754e-05,4.017353057861328e-05,-0.0003204345703125,3.445148468017578e-05,1.71661376953125e-05,-1.5422701835632324e-06,-1.3113021850585938e-06,-2.7239322662353516e-05,6.883963942527771e-05,5.519390106201172e-05,-4.3213367462158203e-07,1.7434358596801758e-06,3.0994415283203125e-06,-1.0207295417785645e-05,-1.3723969459533691e-05,-2.115964889526367e-06,-2.4139881134033203e-06,-3.2782554626464844e-06,-6.386637687683105e-05,-3.921985626220703e-05,-1.341104507446289e-06,-1.1324882507324219e-05,-6.586313247680664e-06,4.3064355850219727e-05,2.2798776626586914e-05]","[0.12090979516506195,-0.31796249747276306,1.0200903415679932]","[0.02600090019404888,0.02380366064608097,-0.6743641495704651,0.7375569343566895]","[0.0001023694931063801,0.00018581002950668335,0.0009707641438581049]","[-0.005479533690959215,0.004348285496234894,-0.0001138348743552342]","[-0.1599999964237213,-0.30000001192092896,0.7400000095367432]","[0.7070000171661377,0.7070000171661377,0.0,0.0]","[-0.04902854934334755,-0.19213537871837616,1.1109914779663086]","[0.1470581442117691,0.7014889121055603,0.6965505480766296,-0.03323321416974068]","[""right_finger2_link3"",""right_finger2_link4"",""right_finger3_link3"",""right_finger3_link4"",""right_finger4_link3"",""right_finger4_link4""]","[[0.0023434124886989594,-0.23964546620845795,0.986473798751831],[0.004612472373992205,-0.23975495994091034,0.9570614099502563],[-0.02667487971484661,-0.24458619952201843,0.9860209822654724],[-0.02579219825565815,-0.2447577714920044,0.956534743309021],[-0.053089581429958344,-0.23985883593559265,0.9865034818649292],[-0.05449342355132103,-0.23954887688159943,0.9570385217666626]]","[0.0,0.0,0.0,0.0,0.0,0.0]","[[0.0,0.0,0.0],[0.0,0.0,0.0],[0.0,0.0,0.0],[0.0,0.0,0.0],[0.0,0.0,0.0],[0.0,0.0,0.0]]",0.0,"[0.0,0.0,0.0]",0.0,"[0.0,0.0,0.0]",[],[],False,False,False,False,False,[],0.001857315605918286,0.019711691204211523,6.5255131177902275,0.03514103430471549,6.5255131177902275,0.0,0.0,0,0,0,True,FRAME_JUMP,True
67,correction_1,FAILED,"[-0.04902896657586098,-0.19213536381721497,1.1109915971755981,2.8828771114349365,0.15890911221504211,-1.543017029762268,0.03888114541769028,-0.030384551733732224,-0.03413724899291992,-0.03010575845837593,-0.032646842300891876,-0.055159471929073334,-0.14154180884361267,-0.1404930055141449,-0.14468000829219818,-0.14709122478961945,0.3691033720970154,0.3657345175743103,0.3693132698535919,0.3637317717075348,0.3627792000770569,0.3633362948894501,0.37289249897003174,0.37108558416366577,0.3659244775772095,0.37116897106170654]","[-0.049019116908311844,-0.19217970967292786,1.1110317707061768,2.8825559616088867,0.15894357860088348,-1.5429998636245728,0.038880009204149246,-0.030385009944438934,-0.03416500985622406,-0.03003498911857605,-0.03258999437093735,-0.05515999346971512,-0.14153999090194702,-0.14048998057842255,-0.14468999207019806,-0.14710499346256256,0.36910131573677063,0.36573249101638794,0.36931121349334717,0.3636675179004669,0.3627399802207947,0.3633349537849426,0.3728812336921692,0.3710786998271942,0.3659687340259552,0.37119248509407043]","[-0.049019118701466774,-0.19217971644579906,1.1110317348816974,2.8825559180792415,0.1589435743175724,-1.5429998466092598,0.038880009204149246,-0.030385009944438934,-0.03416500985622406,-0.03003498911857605,-0.03258999437093735,-0.05515999346971512,-0.14153999090194702,-0.14048998057842255,-0.14468999207019806,-0.14710499346256256,0.36910131573677063,0.36573249101638794,0.36931121349334717,0.3636675179004669,0.3627399802207947,0.3633349537849426,0.3728812336921692,0.3710786998271942,0.3659687340259552,0.37119248509407043]","[9.8496675491333e-06,-4.4345855712890625e-05,4.017353057861328e-05,-0.0003211498260498047,3.446638584136963e-05,1.71661376953125e-05,-1.1362135410308838e-06,-4.5821070671081543e-07,-2.7760863304138184e-05,7.076933979988098e-05,5.684792995452881e-05,-5.21540641784668e-07,1.817941665649414e-06,3.0249357223510742e-06,-9.98377799987793e-06,-1.3768672943115234e-05,-2.0563602447509766e-06,-2.0265579223632812e-06,-2.0563602447509766e-06,-6.42538070678711e-05,-3.921985626220703e-05,-1.341104507446289e-06,-1.1265277862548828e-05,-6.884336471557617e-06,4.425644874572754e-05,2.35140323638916e-05]","[0.12090925872325897,-0.317964106798172,1.0200886726379395]","[0.02599414251744747,0.023796696215867996,-0.6743729710578918,0.737549364566803]","[-1.157533552031964e-05,-6.506209319923073e-05,-5.177008642931469e-05]","[0.0002143078891094774,0.00013602378021460027,-0.0009055067785084248]","[-0.1599999964237213,-0.30000001192092896,0.7400000095367432]","[0.7070000171661377,0.7070000171661377,0.0,0.0]","[-0.049028828740119934,-0.1921353042125702,1.1109914779663086]","[0.14705787599086761,0.7014890909194946,0.6965504884719849,-0.033232949674129486]","[""right_finger2_link3"",""right_finger2_link4"",""right_finger3_link3"",""right_finger3_link4"",""right_finger4_link3"",""right_finger4_link4""]","[[0.002343133557587862,-0.2396453469991684,0.986473798751831],[0.004612203221768141,-0.23975488543510437,0.9570614099502563],[-0.02667517028748989,-0.2445860207080841,0.9860209822654724],[-0.02579249069094658,-0.24475759267807007,0.956534743309021],[-0.05308989807963371,-0.2398587167263031,0.9865034818649292],[-0.054493747651576996,-0.23954877257347107,0.9570385217666626]]","[0.0,0.0,0.0,0.0,0.0,0.0]","[[0.0,0.0,0.0],[0.0,0.0,0.0],[0.0,0.0,0.0],[0.0,0.0,0.0],[0.0,0.0,0.0],[0.0,0.0,0.0]]",0.0,"[0.0,0.0,0.0]",0.0,"[0.0,0.0,0.0]",[],[],False,False,False,False,False,[],0.0018566773443924323,0.019713460795761216,6.5237798737326536,0.0351406021948656,6.5237798737326536,0.0,0.0,0,0,0,True,FRAME_JUMP,True
68,correction_1,FAILED,"[-0.049028921872377396,-0.192134827375412,1.1109915971755981,2.882878541946411,0.1589089035987854,-1.543017029762268,0.038881588727235794,-0.030383659526705742,-0.03413788601756096,-0.030103644356131554,-0.032645147293806076,-0.05515957996249199,-0.14154170453548431,-0.1404929906129837,-0.1446799784898758,-0.14709164202213287,0.3691035509109497,0.3657354712486267,0.36931461095809937,0.36373138427734375,0.3627787232398987,0.3633362948894501,0.37289243936538696,0.37108543515205383,0.3659248352050781,0.37116968631744385]","[-0.049019116908311844,-0.19217970967292786,1.1110317707061768,2.8825559616088867,0.15894357860088348,-1.5429998636245728,0.038880009204149246,-0.030385009944438934,-0.03416500985622406,-0.03003498911857605,-0.03258999437093735,-0.05515999346971512,-0.14153999090194702,-0.14048998057842255,-0.14468999207019806,-0.14710499346256256,0.36910131573677063,0.36573249101638794,0.36931121349334717,0.3636675179004669,0.3627399802207947,0.3633349537849426,0.3728812336921692,0.3710786998271942,0.3659687340259552,0.37119248509407043]","[-0.049019118701466774,-0.19217971644579906,1.1110317348816974,2.8825559180792415,0.1589435743175724,-1.5429998466092598,0.038880009204149246,-0.030385009944438934,-0.03416500985622406,-0.03003498911857605,-0.03258999437093735,-0.05515999346971512,-0.14153999090194702,-0.14048998057842255,-0.14468999207019806,-0.14710499346256256,0.36910131573677063,0.36573249101638794,0.36931121349334717,0.3636675179004669,0.3627399802207947,0.3633349537849426,0.3728812336921692,0.3710786998271942,0.3659687340259552,0.37119248509407043]","[9.804964065551758e-06,-4.488229751586914e-05,4.017353057861328e-05,-0.00032258033752441406,3.4675002098083496e-05,1.71661376953125e-05,-1.5795230865478516e-06,-1.3504177331924438e-06,-2.7123838663101196e-05,6.865523755550385e-05,5.515292286872864e-05,-4.1350722312927246e-07,1.7136335372924805e-06,3.0100345611572266e-06,-1.0013580322265625e-05,-1.33514404296875e-05,-2.2351741790771484e-06,-2.9802322387695312e-06,-3.3974647521972656e-06,-6.386637687683105e-05,-3.8743019104003906e-05,-1.341104507446289e-06,-1.1205673217773438e-05,-6.735324859619141e-06,4.3898820877075195e-05,2.2798776626586914e-05]","[0.12090952694416046,-0.3179636299610138,1.0200865268707275]","[0.025998827069997787,0.023801030591130257,-0.6743659377098083,0.7375555038452148]","[0.00019277654064353555,0.0002168667415389791,0.001023130607791245]","[-0.0057950313203036785,0.004607910290360451,0.00017007529095280915]","[-0.1599999964237213,-0.30000001192092896,0.7400000095367432]","[0.7070000171661377,0.7070000171661377,0.0,0.0]","[-0.04902878403663635,-0.1921347677707672,1.1109914779663086]","[0.1470572054386139,0.7014892101287842,0.6965504884719849,-0.033232562243938446]","[""right_finger2_link3"",""right_finger2_link4"",""right_finger3_link3"",""right_finger3_link4"",""right_finger4_link3"",""right_finger4_link4""]","[[0.0023431230802088976,-0.23964457213878632,0.986473560333252],[0.004612165503203869,-0.23975399136543274,0.9570611715316772],[-0.02667517215013504,-0.2445853054523468,0.9860208630561829],[-0.025792501866817474,-0.244756817817688,0.9565346240997314],[-0.05308990180492401,-0.23985791206359863,0.9865033030509949],[-0.05449376255273819,-0.23954787850379944,0.9570383429527283]]","[0.0,0.0,0.0,0.0,0.0,0.0]","[[0.0,0.0,0.0],[0.0,0.0,0.0],[0.0,0.0,0.0],[0.0,0.0,0.0],[0.0,0.0,0.0],[0.0,0.0,0.0]]",0.0,"[0.0,0.0,0.0]",0.0,"[0.0,0.0,0.0]",[],[],False,False,False,False,False,[],0.001853616773379918,0.01971301884413515,6.525072851584076,0.03513852233643713,6.525072851584076,0.0,0.0,0,0,0,True,FRAME_JUMP,True
69,correction_1,FAILED,"[-0.04902881011366844,-0.19213484227657318,1.1109915971755981,2.8828814029693604,0.15890930593013763,-1.543017029762268,0.0388810858130455,-0.030384613201022148,-0.034136831760406494,-0.030106743797659874,-0.032647762447595596,-0.055159471929073334,-0.14154185354709625,-0.14049257338047028,-0.1446804702281952,-0.14709162712097168,0.369103342294693,0.3657342791557312,0.3693130612373352,0.36373215913772583,0.3627799153327942,0.3633362948894501,0.3728925585746765,0.371085524559021,0.3659239411354065,0.37116825580596924]","[-0.049019116908311844,-0.19217970967292786,1.1110317707061768,2.8825559616088867,0.15894357860088348,-1.5429998636245728,0.038880009204149246,-0.030385009944438934,-0.03416500985622406,-0.03003498911857605,-0.03258999437093735,-0.05515999346971512,-0.14153999090194702,-0.14048998057842255,-0.14468999207019806,-0.14710499346256256,0.36910131573677063,0.36573249101638794,0.36931121349334717,0.3636675179004669,0.3627399802207947,0.3633349537849426,0.3728812336921692,0.3710786998271942,0.3659687340259552,0.37119248509407043]","[-0.049019118701466774,-0.19217971644579906,1.1110317348816974,2.8825559180792415,0.1589435743175724,-1.5429998466092598,0.038880009204149246,-0.030385009944438934,-0.03416500985622406,-0.03003498911857605,-0.03258999437093735,-0.05515999346971512,-0.14153999090194702,-0.14048998057842255,-0.14468999207019806,-0.14710499346256256,0.36910131573677063,0.36573249101638794,0.36931121349334717,0.3636675179004669,0.3627399802207947,0.3633349537849426,0.3728812336921692,0.3710786998271942,0.3659687340259552,0.37119248509407043]","[9.6932053565979e-06,-4.486739635467529e-05,4.017353057861328e-05,-0.0003254413604736328,3.427267074584961e-05,1.71661376953125e-05,-1.0766088962554932e-06,-3.9674341678619385e-07,-2.8178095817565918e-05,7.175467908382416e-05,5.77680766582489e-05,-5.21540641784668e-07,1.862645149230957e-06,2.592802047729492e-06,-9.521842002868652e-06,-1.3366341590881348e-05,-2.0265579223632812e-06,-1.7881393432617188e-06,-1.8477439880371094e-06,-6.464123725891113e-05,-3.993511199951172e-05,-1.341104507446289e-06,-1.1324882507324219e-05,-6.8247318267822266e-06,4.4792890548706055e-05,2.422928810119629e-05]","[0.12090950459241867,-0.31796491146087646,1.0200849771499634]","[0.025991851463913918,0.023795047774910927,-0.674373984336853,0.7375485301017761]","[0.0001612515188753605,-0.00018601903866510838,1.9412276742514223e-05]","[-0.00012302843970246613,0.00031178820063360035,-6.215729081304744e-05]","[-0.1599999964237213,-0.30000001192092896,0.7400000095367432]","[0.7070000171661377,0.7070000171661377,0.0,0.0]","[-0.0490286722779274,-0.1921347826719284,1.1109914779663086]","[0.1470564305782318,0.7014893889427185,0.6965505480766296,-0.03323151916265488]","[""right_finger2_link3"",""right_finger2_link4"",""right_finger3_link3"",""right_finger3_link4"",""right_finger4_link3"",""right_finger4_link4""]","[[0.0023432939779013395,-0.23964430391788483,0.986473560333252],[0.004612363409250975,-0.23975370824337006,0.9570611715316772],[-0.026674998924136162,-0.24458496272563934,0.9860207438468933],[-0.025792308151721954,-0.24475640058517456,0.9565343856811523],[-0.053089771419763565,-0.2398577332496643,0.9865031838417053],[-0.05449363589286804,-0.23954768478870392,0.9570382237434387]]","[0.0,0.0,0.0,0.0,0.0,0.0]","[[0.0,0.0,0.0],[0.0,0.0,0.0],[0.0,0.0,0.0],[0.0,0.0,0.0],[0.0,0.0,0.0],[0.0,0.0,0.0]]",0.0,"[0.0,0.0,0.0]",0.0,"[0.0,0.0,0.0]",[],[],False,False,False,False,False,[],0.0018530015190735272,0.019714298507505237,6.523463081119576,0.035137917161326415,6.523463081119576,0.0,0.0,0,0,0,True,FRAME_JUMP,True
70,correction_1,FAILED,"[-0.04902869462966919,-0.19213420152664185,1.1109915971755981,2.882883310317993,0.15891019999980927,-1.543017029762268,0.03888161852955818,-0.03038368560373783,-0.03413759544491768,-0.03010430559515953,-0.03264579549431801,-0.055159587413072586,-0.14154182374477386,-0.14049246907234192,-0.14468041062355042,-0.14709191024303436,0.36910343170166016,0.3657350242137909,0.3693144917488098,0.3637316823005676,0.36277955770492554,0.3633362948894501,0.37289249897003174,0.37108537554740906,0.36592426896095276,0.37116876244544983]","[-0.049019116908311844,-0.19217970967292786,1.1110317707061768,2.8825559616088867,0.15894357860088348,-1.5429998636245728,0.038880009204149246,-0.030385009944438934,-0.03416500985622406,-0.03003498911857605,-0.03258999437093735,-0.05515999346971512,-0.14153999090194702,-0.14048998057842255,-0.14468999207019806,-0.14710499346256256,0.36910131573677063,0.36573249101638794,0.36931121349334717,0.3636675179004669,0.3627399802207947,0.3633349537849426,0.3728812336921692,0.3710786998271942,0.3659687340259552,0.37119248509407043]","[-0.049019118701466774,-0.19217971644579906,1.1110317348816974,2.8825559180792415,0.1589435743175724,-1.5429998466092598,0.038880009204149246,-0.030385009944438934,-0.03416500985622406,-0.03003498911857605,-0.03258999437093735,-0.05515999346971512,-0.14153999090194702,-0.14048998057842255,-0.14468999207019806,-0.14710499346256256,0.36910131573677063,0.36573249101638794,0.36931121349334717,0.3636675179004669,0.3627399802207947,0.3633349537849426,0.3728812336921692,0.3710786998271942,0.3659687340259552,0.37119248509407043]","[9.577721357345581e-06,-4.550814628601074e-05,4.017353057861328e-05,-0.0003273487091064453,3.337860107421875e-05,1.71661376953125e-05,-1.6093254089355469e-06,-1.3243407011032104e-06,-2.7414411306381226e-05,6.931647658348083e-05,5.580112338066101e-05,-4.0605664253234863e-07,1.8328428268432617e-06,2.4884939193725586e-06,-9.581446647644043e-06,-1.3083219528198242e-05,-2.115964889526367e-06,-2.5331974029541016e-06,-3.2782554626464844e-06,-6.416440010070801e-05,-3.9577484130859375e-05,-1.341104507446289e-06,-1.1265277862548828e-05,-6.67572021484375e-06,4.4465065002441406e-05,2.372264862060547e-05]","[0.12090998888015747,-0.3179657459259033,1.020075798034668]","[0.026005638763308525,0.02380724437534809,-0.6743771433830261,0.7375447750091553]","[0.00011276691657258198,0.00018780726531986147,0.0009920634329319]","[-0.005630099680274725,0.004467489663511515,-9.930523083312437e-05]","[-0.1599999964237213,-0.30000001192092896,0.7400000095367432]","[0.7070000171661377,0.7070000171661377,0.0,0.0]","[-0.049028556793928146,-0.19213414192199707,1.1109914779663086]","[0.14705614745616913,0.7014894485473633,0.6965506076812744,-0.03323047235608101]","[""right_finger2_link3"",""right_finger2_link4"",""right_finger3_link3"",""right_finger3_link4"",""right_finger4_link3"",""right_finger4_link4""]","[[0.0023435347247868776,-0.2396433800458908,0.9864735007286072],[0.004612621385604143,-0.2397526651620865,0.9570611119270325],[-0.026674721390008926,-0.2445841133594513,0.9860207438468933],[-0.025791987776756287,-0.24475550651550293,0.9565343856811523],[-0.05308948829770088,-0.2398567497730255,0.9865031838417053],[-0.054493315517902374,-0.23954658210277557,0.9570382237434387]]","[0.0,0.0,0.0,0.0,0.0,0.0]","[[0.0,0.0,0.0],[0.0,0.0,0.0],[0.0,0.0,0.0],[0.0,0.0,0.0],[0.0,0.0,0.0],[0.0,0.0,0.0]]",0.0,"[0.0,0.0,0.0]",0.0,"[0.0,0.0,0.0]",[],[],False,False,False,False,False,[],0.0018455761341339416,0.01971533457357656,6.5243311143613045,0.035130660785467054,6.5243311143613045,0.0,0.0,0,0,0,True,FRAME_JUMP,True
71,correction_1,FAILED,"[-0.04902918264269829,-0.19213418662548065,1.1109915971755981,2.8828847408294678,0.1589101254940033,-1.543017029762268,0.038881003856658936,-0.030384806916117668,-0.034136783331632614,-0.030106976628303528,-0.03264804929494858,-0.05515948683023453,-0.1415419578552246,-0.14049223065376282,-0.14468061923980713,-0.14709128439426422,0.36910319328308105,0.3657342195510864,0.36931267380714417,0.36373230814933777,0.36278036236763,0.3633362948894501,0.37289267778396606,0.3710855543613434,0.3659229576587677,0.3711681067943573]","[-0.049019116908311844,-0.19217970967292786,1.1110317707061768,2.8825559616088867,0.15894357860088348,-1.5429998636245728,0.038880009204149246,-0.030385009944438934,-0.03416500985622406,-0.03003498911857605,-0.03258999437093735,-0.05515999346971512,-0.14153999090194702,-0.14048998057842255,-0.14468999207019806,-0.14710499346256256,0.36910131573677063,0.36573249101638794,0.36931121349334717,0.3636675179004669,0.3627399802207947,0.3633349537849426,0.3728812336921692,0.3710786998271942,0.3659687340259552,0.37119248509407043]","[-0.049019118701466774,-0.19217971644579906,1.1110317348816974,2.8825559180792415,0.1589435743175724,-1.5429998466092598,0.038880009204149246,-0.030385009944438934,-0.03416500985622406,-0.03003498911857605,-0.03258999437093735,-0.05515999346971512,-0.14153999090194702,-0.14048998057842255,-0.14468999207019806,-0.14710499346256256,0.36910131573677063,0.36573249101638794,0.36931121349334717,0.3636675179004669,0.3627399802207947,0.3633349537849426,0.3728812336921692,0.3710786998271942,0.3659687340259552,0.37119248509407043]","[1.0065734386444092e-05,-4.552304744720459e-05,4.017353057861328e-05,-0.0003287792205810547,3.345310688018799e-05,1.71661376953125e-05,-9.94652509689331e-07,-2.0302832126617432e-07,-2.8226524591445923e-05,7.198750972747803e-05,5.805492401123047e-05,-5.066394805908203e-07,1.9669532775878906e-06,2.250075340270996e-06,-9.372830390930176e-06,-1.3709068298339844e-05,-1.8775463104248047e-06,-1.7285346984863281e-06,-1.4603137969970703e-06,-6.479024887084961e-05,-4.038214683532715e-05,-1.341104507446289e-06,-1.1444091796875e-05,-6.854534149169922e-06,4.57763671875e-05,2.4378299713134766e-05]","[0.12090907990932465,-0.31796616315841675,1.0200798511505127]","[0.025987379252910614,0.023790733888745308,-0.6743781566619873,0.7375449538230896]","[-4.7185036237351596e-05,0.00028508712421171367,-0.00019043858628720045]","[0.0009095631539821625,-0.00024270208086818457,-0.0015621572965756059]","[-0.1599999964237213,-0.30000001192092896,0.7400000095367432]","[0.7070000171661377,0.7070000171661377,0.0,0.0]","[-0.049029044806957245,-0.19213411211967468,1.1109914779663086]","[0.14705564081668854,0.7014894485473633,0.6965506076812744,-0.03322995826601982]","[""right_finger2_link3"",""right_finger2_link4"",""right_finger3_link3"",""right_finger3_link4"",""right_finger4_link3"",""right_finger4_link4""]","[[0.0023430550936609507,-0.23964323103427887,0.9864735007286072],[0.004612145479768515,-0.23975253105163574,0.9570611119270325],[-0.026675201952457428,-0.2445838749408722,0.9860207438468933],[-0.025792470201849937,-0.24475523829460144,0.9565343856811523],[-0.05308998003602028,-0.23985666036605835,0.9865031838417053],[-0.05449380725622177,-0.2395465224981308,0.9570382237434387]]","[0.0,0.0,0.0,0.0,0.0,0.0]","[[0.0,0.0,0.0],[0.0,0.0,0.0],[0.0,0.0,0.0],[0.0,0.0,0.0],[0.0,0.0,0.0],[0.0,0.0,0.0]]",0.0,"[0.0,0.0,0.0]",0.0,"[0.0,0.0,0.0]",[],[],False,False,False,False,False,[],0.0018482678653612972,0.019715853048975773,6.522528057337651,0.03513441273559272,6.522528057337651,0.0,0.0,0,0,0,True,FRAME_JUMP,True
72,correction_1,FAILED,"[-0.049029119312763214,-0.19213344156742096,1.1109915971755981,2.8828859329223633,0.1589101254940033,-1.543017029762268,0.03888155519962311,-0.030383732169866562,-0.03413737565279007,-0.030104899778962135,-0.032646335661411285,-0.05515963211655617,-0.1415419727563858,-0.1404927521944046,-0.14468051493167877,-0.14709153771400452,0.36910340189933777,0.3657352924346924,0.36931484937667847,0.36373192071914673,0.36277973651885986,0.3633362948894501,0.37289249897003174,0.37108540534973145,0.3659231960773468,0.3711686432361603]","[-0.049019116908311844,-0.19217970967292786,1.1110317707061768,2.8825559616088867,0.15894357860088348,-1.5429998636245728,0.038880009204149246,-0.030385009944438934,-0.03416500985622406,-0.03003498911857605,-0.03258999437093735,-0.05515999346971512,-0.14153999090194702,-0.14048998057842255,-0.14468999207019806,-0.14710499346256256,0.36910131573677063,0.36573249101638794,0.36931121349334717,0.3636675179004669,0.3627399802207947,0.3633349537849426,0.3728812336921692,0.3710786998271942,0.3659687340259552,0.37119248509407043]","[-0.049019118701466774,-0.19217971644579906,1.1110317348816974,2.8825559180792415,0.1589435743175724,-1.5429998466092598,0.038880009204149246,-0.030385009944438934,-0.03416500985622406,-0.03003498911857605,-0.03258999437093735,-0.05515999346971512,-0.14153999090194702,-0.14048998057842255,-0.14468999207019806,-0.14710499346256256,0.36910131573677063,0.36573249101638794,0.36931121349334717,0.3636675179004669,0.3627399802207947,0.3633349537849426,0.3728812336921692,0.3710786998271942,0.3659687340259552,0.37119248509407043]","[1.000240445137024e-05,-4.626810550689697e-05,4.017353057861328e-05,-0.0003299713134765625,3.345310688018799e-05,1.71661376953125e-05,-1.5459954738616943e-06,-1.2777745723724365e-06,-2.763420343399048e-05,6.991066038608551e-05,5.634129047393799e-05,-3.6135315895080566e-07,1.9818544387817383e-06,2.771615982055664e-06,-9.47713851928711e-06,-1.3455748558044434e-05,-2.086162567138672e-06,-2.8014183044433594e-06,-3.635883331298828e-06,-6.440281867980957e-05,-3.975629806518555e-05,-1.341104507446289e-06,-1.1265277862548828e-05,-6.705522537231445e-06,4.553794860839844e-05,2.384185791015625e-05]","[0.12090854346752167,-0.31796684861183167,1.0200788974761963]","[0.025979258120059967,0.023782555013895035,-0.6743882298469543,0.7375363707542419]","[0.0001303043682128191,0.00025882889167405665,0.0009761534165591002]","[-0.005608748644590378,0.004369914997369051,-0.00018096562416758388]","[-0.1599999964237213,-0.30000001192092896,0.7400000095367432]","[0.7070000171661377,0.7070000171661377,0.0,0.0]","[-0.04902898147702217,-0.19213338196277618,1.1109914779663086]","[0.14705520868301392,0.7014896273612976,0.6965506076812744,-0.03322955220937729]","[""right_finger2_link3"",""right_finger2_link4"",""right_finger3_link3"",""right_finger3_link4"",""right_finger4_link3"",""right_finger4_link4""]","[[0.002343101892620325,-0.23964227735996246,0.9864735007286072],[0.0046121785417199135,-0.23975148797035217,0.9570611119270325],[-0.026675162836909294,-0.24458301067352295,0.9860205054283142],[-0.02579244039952755,-0.24475428462028503,0.9565341472625732],[-0.053089916706085205,-0.23985570669174194,0.9865031242370605],[-0.0544937439262867,-0.23954547941684723,0.957038164138794]]","[0.0,0.0,0.0,0.0,0.0,0.0]","[[0.0,0.0,0.0],[0.0,0.0,0.0],[0.0,0.0,0.0],[0.0,0.0,0.0],[0.0,0.0,0.0],[0.0,0.0,0.0]]",0.0,"[0.0,0.0,0.0]",0.0,"[0.0,0.0,0.0]",[],[],False,False,False,False,False,[],0.0018484599218798747,0.019716724574632014,6.520520497023412,0.03513408749802799,6.520520497023412,0.0,0.0,0,0,0,True,FRAME_JUMP,True
73,correction_1,FAILED,"[-0.049029093235731125,-0.19213345646858215,1.1109915971755981,2.8828866481781006,0.15890969336032867,-1.5430169105529785,0.03888091817498207,-0.030384691432118416,-0.0341363325715065,-0.030107740312814713,-0.03264833241701126,-0.05515957251191139,-0.14154188334941864,-0.1404939740896225,-0.14468027651309967,-0.14709040522575378,0.3691028952598572,0.36573389172554016,0.36931297183036804,0.36373236775398254,0.36278054118156433,0.3633362948894501,0.3728924095630646,0.37108537554740906,0.36592239141464233,0.37116745114326477]","[-0.049019116908311844,-0.19217970967292786,1.1110317707061768,2.8825559616088867,0.15894357860088348,-1.5429998636245728,0.038880009204149246,-0.030385009944438934,-0.03416500985622406,-0.03003498911857605,-0.03258999437093735,-0.05515999346971512,-0.14153999090194702,-0.14048998057842255,-0.14468999207019806,-0.14710499346256256,0.36910131573677063,0.36573249101638794,0.36931121349334717,0.3636675179004669,0.3627399802207947,0.3633349537849426,0.3728812336921692,0.3710786998271942,0.3659687340259552,0.37119248509407043]","[-0.049019118701466774,-0.19217971644579906,1.1110317348816974,2.8825559180792415,0.1589435743175724,-1.5429998466092598,0.038880009204149246,-0.030385009944438934,-0.03416500985622406,-0.03003498911857605,-0.03258999437093735,-0.05515999346971512,-0.14153999090194702,-0.14048998057842255,-0.14468999207019806,-0.14710499346256256,0.36910131573677063,0.36573249101638794,0.36931121349334717,0.3636675179004669,0.3627399802207947,0.3633349537849426,0.3728812336921692,0.3710786998271942,0.3659687340259552,0.37119248509407043]","[9.976327419281006e-06,-4.6253204345703125e-05,4.017353057861328e-05,-0.0003306865692138672,3.388524055480957e-05,1.704692840576172e-05,-9.08970832824707e-07,-3.1851232051849365e-07,-2.8677284717559814e-05,7.275119423866272e-05,5.8338046073913574e-05,-4.209578037261963e-07,1.8924474716186523e-06,3.993511199951172e-06,-9.715557098388672e-06,-1.4588236808776855e-05,-1.5795230865478516e-06,-1.4007091522216797e-06,-1.7583370208740234e-06,-6.4849853515625e-05,-4.056096076965332e-05,-1.341104507446289e-06,-1.1175870895385742e-05,-6.67572021484375e-06,4.634261131286621e-05,2.5033950805664062e-05]","[0.12090888619422913,-0.31796854734420776,1.0200693607330322]","[0.025996336713433266,0.02379746176302433,-0.6743885278701782,0.7375350594520569]","[-0.0003348922182340175,-0.0004791461688000709,-0.0006132968701422215]","[0.00346871605142951,-0.002748392056673765,-0.001330320374108851]","[-0.1599999964237213,-0.30000001192092896,0.7400000095367432]","[0.7070000171661377,0.7070000171661377,0.0,0.0]","[-0.04902895539999008,-0.19213339686393738,1.1109914779663086]","[0.14705471694469452,0.7014898657798767,0.6965504884719849,-0.0332295298576355]","[""right_finger2_link3"",""right_finger2_link4"",""right_finger3_link3"",""right_finger3_link4"",""right_finger4_link3"",""right_finger4_link4""]","[[0.0023430464789271355,-0.23964227735996246,0.9864733815193176],[0.004612129647284746,-0.23975153267383575,0.9570609927177429],[-0.026675287634134293,-0.2445828914642334,0.9860204458236694],[-0.025792619213461876,-0.24475419521331787,0.9565340876579285],[-0.05308998376131058,-0.23985570669174194,0.9865031838417053],[-0.054493825882673264,-0.2395455241203308,0.9570382237434387]]","[0.0,0.0,0.0,0.0,0.0,0.0]","[[0.0,0.0,0.0],[0.0,0.0,0.0],[0.0,0.0,0.0],[0.0,0.0,0.0],[0.0,0.0,0.0],[0.0,0.0,0.0]]",0.0,"[0.0,0.0,0.0]",0.0,"[0.0,0.0,0.0]",[],[],False,False,False,False,False,[],0.00184040516658468,0.01971863901465808,6.522029016849424,0.035127018039790125,6.522029016849424,0.0,0.0,0,0,0,True,FRAME_JUMP,True
74,correction_1,FAILED,"[-0.04902936518192291,-0.19213269650936127,1.1109915971755981,2.8828887939453125,0.15890951454639435,-1.5430169105529785,0.0388813279569149,-0.030384279787540436,-0.034136757254600525,-0.030106740072369576,-0.03264760598540306,-0.05515953153371811,-0.1415422111749649,-0.14049360156059265,-0.14468027651309967,-0.14709052443504333,0.36910316348075867,0.3657348155975342,0.3693135380744934,0.36373284459114075,0.36278045177459717,0.3633362948894501,0.3728925287723541,0.3710852861404419,0.3659226894378662,0.3711676597595215]","[-0.049019116908311844,-0.19217970967292786,1.1110317707061768,2.8825559616088867,0.15894357860088348,-1.5429998636245728,0.038880009204149246,-0.030385009944438934,-0.03416500985622406,-0.03003498911857605,-0.03258999437093735,-0.05515999346971512,-0.14153999090194702,-0.14048998057842255,-0.14468999207019806,-0.14710499346256256,0.36910131573677063,0.36573249101638794,0.36931121349334717,0.3636675179004669,0.3627399802207947,0.3633349537849426,0.3728812336921692,0.3710786998271942,0.3659687340259552,0.37119248509407043]","[-0.049019118701466774,-0.19217971644579906,1.1110317348816974,2.8825559180792415,0.1589435743175724,-1.5429998466092598,0.038880009204149246,-0.030385009944438934,-0.03416500985622406,-0.03003498911857605,-0.03258999437093735,-0.05515999346971512,-0.14153999090194702,-0.14048998057842255,-0.14468999207019806,-0.14710499346256256,0.36910131573677063,0.36573249101638794,0.36931121349334717,0.3636675179004669,0.3627399802207947,0.3633349537849426,0.3728812336921692,0.3710786998271942,0.3659687340259552,0.37119248509407043]","[1.0248273611068726e-05,-4.7013163566589355e-05,4.017353057861328e-05,-0.00033283233642578125,3.406405448913574e-05,1.704692840576172e-05,-1.3187527656555176e-06,-7.301568984985352e-07,-2.8252601623535156e-05,7.17509537935257e-05,5.76116144657135e-05,-4.6193599700927734e-07,2.2202730178833008e-06,3.6209821701049805e-06,-9.715557098388672e-06,-1.4469027519226074e-05,-1.8477439880371094e-06,-2.3245811462402344e-06,-2.3245811462402344e-06,-6.532669067382812e-05,-4.0471553802490234e-05,-1.341104507446289e-06,-1.1295080184936523e-05,-6.586313247680664e-06,4.604458808898926e-05,2.4825334548950195e-05]","[0.12090809643268585,-0.3179683983325958,1.0200732946395874]","[0.02597779594361782,0.02378065511584282,-0.6743900775909424,0.7375348806381226]","[-0.00013369265070650727,0.0002954259980469942,-0.0003559772449079901]","[0.0018374938517808914,-0.0007975393673405051,0.00027842907002195716]","[-0.1599999964237213,-0.30000001192092896,0.7400000095367432]","[0.7070000171661377,0.7070000171661377,0.0,0.0]","[-0.04902922734618187,-0.1921326369047165,1.1109914779663086]","[0.14705395698547363,0.701490044593811,0.6965506076812744,-0.033228762447834015]","[""right_finger2_link3"",""right_finger2_link4"",""right_finger3_link3"",""right_finger3_link4"",""right_finger4_link3"",""right_finger4_link4""]","[[0.002342760795727372,-0.2396412193775177,0.9864731431007385],[0.0046118274331092834,-0.23975038528442383,0.9570607542991638],[-0.026675546541810036,-0.24458187818527222,0.9860203266143799],[-0.025792863219976425,-0.24475309252738953,0.9565339684486389],[-0.05309026315808296,-0.23985466361045837,0.9865028858184814],[-0.05449410527944565,-0.23954437673091888,0.9570379257202148]]","[0.0,0.0,0.0,0.0,0.0,0.0]","[[0.0,0.0,0.0],[0.0,0.0,0.0],[0.0,0.0,0.0],[0.0,0.0,0.0],[0.0,0.0,0.0],[0.0,0.0,0.0]]",0.0,"[0.0,0.0,0.0]",0.0,"[0.0,0.0,0.0]",[],[],False,False,False,False,False,[],0.0018430414064151135,0.01971858975902044,6.520139530249187,0.03513034995919057,6.520139530249187,0.0,0.0,0,0,0,True,FRAME_JUMP,True
75,correction_1,FAILED,"[-0.04902949929237366,-0.19213226437568665,1.1109915971755981,2.8828911781311035,0.15890942513942719,-1.5430169105529785,0.03888121247291565,-0.030384711921215057,-0.03413650020956993,-0.030108001083135605,-0.03264869749546051,-0.05515947937965393,-0.1415422111749649,-0.14049361646175385,-0.14468026161193848,-0.14709033071994781,0.3691031336784363,0.36573439836502075,0.36931297183036804,0.36373287439346313,0.36278077960014343,0.3633362948894501,0.37289246916770935,0.3710852265357971,0.36592230200767517,0.37116777896881104]","[-0.049019116908311844,-0.19217970967292786,1.1110317707061768,2.8825559616088867,0.15894357860088348,-1.5429998636245728,0.038880009204149246,-0.030385009944438934,-0.03416500985622406,-0.03003498911857605,-0.03258999437093735,-0.05515999346971512,-0.14153999090194702,-0.14048998057842255,-0.14468999207019806,-0.14710499346256256,0.36910131573677063,0.36573249101638794,0.36931121349334717,0.3636675179004669,0.3627399802207947,0.3633349537849426,0.3728812336921692,0.3710786998271942,0.3659687340259552,0.37119248509407043]","[-0.049019118701466774,-0.19217971644579906,1.1110317348816974,2.8825559180792415,0.1589435743175724,-1.5429998466092598,0.038880009204149246,-0.030385009944438934,-0.03416500985622406,-0.03003498911857605,-0.03258999437093735,-0.05515999346971512,-0.14153999090194702,-0.14048998057842255,-0.14468999207019806,-0.14710499346256256,0.36910131573677063,0.36573249101638794,0.36931121349334717,0.3636675179004669,0.3627399802207947,0.3633349537849426,0.3728812336921692,0.3710786998271942,0.3659687340259552,0.37119248509407043]","[1.0382384061813354e-05,-4.744529724121094e-05,4.017353057861328e-05,-0.0003352165222167969,3.415346145629883e-05,1.704692840576172e-05,-1.2032687664031982e-06,-2.980232238769531e-07,-2.850964665412903e-05,7.301196455955505e-05,5.870312452316284e-05,-5.140900611877441e-07,2.2202730178833008e-06,3.635883331298828e-06,-9.73045825958252e-06,-1.4662742614746094e-05,-1.817941665649414e-06,-1.9073486328125e-06,-1.7583370208740234e-06,-6.535649299621582e-05,-4.079937934875488e-05,-1.341104507446289e-06,-1.1235475540161133e-05,-6.5267086029052734e-06,4.64320182800293e-05,2.4706125259399414e-05]","[0.12090766429901123,-0.3179694414138794,1.0200715065002441]","[0.02596992254257202,0.023773279041051865,-0.6743995547294617,0.7375268340110779]","[0.0005615372210741043,0.00013455435691867024,-0.0006551923579536378]","[0.003310292260721326,-0.0022689395118504763,-0.001841434626840055]","[-0.1599999964237213,-0.30000001192092896,0.7400000095367432]","[0.7070000171661377,0.7070000171661377,0.0,0.0]","[-0.049029361456632614,-0.19213220477104187,1.1109914779663086]","[0.14705313742160797,0.7014901638031006,0.6965506672859192,-0.03322797641158104]","[""right_finger2_link3"",""right_finger2_link4"",""right_finger3_link3"",""right_finger3_link4"",""right_finger4_link3"",""right_finger4_link4""]","[[0.002342628315091133,-0.2396405041217804,0.9864730834960938],[0.004611699376255274,-0.23974964022636414,0.957060694694519],[-0.02667568065226078,-0.24458114802837372,0.9860202074050903],[-0.025793001055717468,-0.24475230276584625,0.9565339088439941],[-0.053090400993824005,-0.23985399305820465,0.9865027666091919],[-0.05449424311518669,-0.23954366147518158,0.9570378065109253]]","[0.0,0.0,0.0,0.0,0.0,0.0]","[[0.0,0.0,0.0],[0.0,0.0,0.0],[0.0,0.0,0.0],[0.0,0.0,0.0],[0.0,0.0,0.0],[0.0,0.0,0.0]]",0.0,"[0.0,0.0,0.0]",0.0,"[0.0,0.0,0.0]",[],[],False,False,False,False,False,[],0.00184233506286402,0.019719799428150817,6.518255533453715,0.03512950195059072,6.518255533453715,0.0,0.0,0,0,0,True,FRAME_JUMP,True
76,correction_1,FAILED,"[-0.049029383808374405,-0.1921314150094986,1.1109915971755981,2.8828938007354736,0.1589100956916809,-1.5430169105529785,0.038881685584783554,-0.030383601784706116,-0.03413684293627739,-0.030106239020824432,-0.03264722228050232,-0.05515957251191139,-0.14154194295406342,-0.14049284160137177,-0.14468035101890564,-0.14709092676639557,0.3691035807132721,0.36573541164398193,0.36931508779525757,0.3637332320213318,0.3627801537513733,0.3633362948894501,0.3728923499584198,0.37108513712882996,0.3659225106239319,0.37116849422454834]","[-0.049019116908311844,-0.19217970967292786,1.1110317707061768,2.8825559616088867,0.15894357860088348,-1.5429998636245728,0.038880009204149246,-0.030385009944438934,-0.03416500985622406,-0.03003498911857605,-0.03258999437093735,-0.05515999346971512,-0.14153999090194702,-0.14048998057842255,-0.14468999207019806,-0.14710499346256256,0.36910131573677063,0.36573249101638794,0.36931121349334717,0.3636675179004669,0.3627399802207947,0.3633349537849426,0.3728812336921692,0.3710786998271942,0.3659687340259552,0.37119248509407043]","[-0.049019118701466774,-0.19217971644579906,1.1110317348816974,2.8825559180792415,0.1589435743175724,-1.5429998466092598,0.038880009204149246,-0.030385009944438934,-0.03416500985622406,-0.03003498911857605,-0.03258999437093735,-0.05515999346971512,-0.14153999090194702,-0.14048998057842255,-0.14468999207019806,-0.14710499346256256,0.36910131573677063,0.36573249101638794,0.36931121349334717,0.3636675179004669,0.3627399802207947,0.3633349537849426,0.3728812336921692,0.3710786998271942,0.3659687340259552,0.37119248509407043]","[1.0266900062561035e-05,-4.8294663429260254e-05,4.017353057861328e-05,-0.00033783912658691406,3.3482909202575684e-05,1.704692840576172e-05,-1.6763806343078613e-06,-1.4081597328186035e-06,-2.8166919946670532e-05,7.124990224838257e-05,5.7227909564971924e-05,-4.209578037261963e-07,1.952052116394043e-06,2.86102294921875e-06,-9.641051292419434e-06,-1.4066696166992188e-05,-2.2649765014648438e-06,-2.9206275939941406e-06,-3.874301910400391e-06,-6.571412086486816e-05,-4.017353057861328e-05,-1.341104507446289e-06,-1.1116266250610352e-05,-6.4373016357421875e-06,4.622340202331543e-05,2.3990869522094727e-05]","[0.12090815603733063,-0.3179704248905182,1.02006196975708]","[0.02598326839506626,0.023785226047039032,-0.6744031310081482,0.737522542476654]","[0.00012651864381041378,0.0001975530612980947,0.0010322162415832281]","[-0.005875331349670887,0.0046523879282176495,-3.3373380574630573e-05]","[-0.1599999964237213,-0.30000001192092896,0.7400000095367432]","[0.7070000171661377,0.7070000171661377,0.0,0.0]","[-0.04902924969792366,-0.19213135540485382,1.1109914779663086]","[0.14705248177051544,0.7014902830123901,0.6965506672859192,-0.033226799219846725]","[""right_finger2_link3"",""right_finger2_link4"",""right_finger3_link3"",""right_finger3_link4"",""right_finger4_link3"",""right_finger4_link4""]","[[0.0023428339045494795,-0.2396392971277237,0.9864730834960938],[0.0046119107864797115,-0.2397482693195343,0.957060694694519],[-0.026675431057810783,-0.2445799857378006,0.9860201478004456],[-0.02579270489513874,-0.24475102126598358,0.9565338492393494],[-0.05309019237756729,-0.23985272645950317,0.9865026473999023],[-0.054494015872478485,-0.23954226076602936,0.9570377469062805]]","[0.0,0.0,0.0,0.0,0.0,0.0]","[[0.0,0.0,0.0],[0.0,0.0,0.0],[0.0,0.0,0.0],[0.0,0.0,0.0],[0.0,0.0,0.0],[0.0,0.0,0.0]]",0.0,"[0.0,0.0,0.0]",0.0,"[0.0,0.0,0.0]",[],[],False,False,False,False,False,[],0.0018346170093238579,0.01972099545740974,6.519028407543495,0.03512202834477803,6.519028407543495,0.0,0.0,0,0,0,True,FRAME_JUMP,True
77,correction_1,FAILED,"[-0.04902958497405052,-0.19213150441646576,1.1109915971755981,2.882896661758423,0.1589106321334839,-1.5430169105529785,0.03888123109936714,-0.030384400859475136,-0.03413599357008934,-0.030108831822872162,-0.03264956548810005,-0.05515945702791214,-0.14154203236103058,-0.14049209654331207,-0.14468100666999817,-0.14709074795246124,0.3691031336784363,0.36573493480682373,0.3693139851093292,0.36373385787010193,0.3627815246582031,0.3633362948894501,0.37289270758628845,0.3710853159427643,0.3659219741821289,0.3711673319339752]","[-0.049019116908311844,-0.19217970967292786,1.1110317707061768,2.8825559616088867,0.15894357860088348,-1.5429998636245728,0.038880009204149246,-0.030385009944438934,-0.03416500985622406,-0.03003498911857605,-0.03258999437093735,-0.05515999346971512,-0.14153999090194702,-0.14048998057842255,-0.14468999207019806,-0.14710499346256256,0.36910131573677063,0.36573249101638794,0.36931121349334717,0.3636675179004669,0.3627399802207947,0.3633349537849426,0.3728812336921692,0.3710786998271942,0.3659687340259552,0.37119248509407043]","[-0.049019118701466774,-0.19217971644579906,1.1110317348816974,2.8825559180792415,0.1589435743175724,-1.5429998466092598,0.038880009204149246,-0.030385009944438934,-0.03416500985622406,-0.03003498911857605,-0.03258999437093735,-0.05515999346971512,-0.14153999090194702,-0.14048998057842255,-0.14468999207019806,-0.14710499346256256,0.36910131573677063,0.36573249101638794,0.36931121349334717,0.3636675179004669,0.3627399802207947,0.3633349537849426,0.3728812336921692,0.3710786998271942,0.3659687340259552,0.37119248509407043]","[1.0468065738677979e-05,-4.820525646209717e-05,4.017353057861328e-05,-0.0003407001495361328,3.294646739959717e-05,1.704692840576172e-05,-1.2218952178955078e-06,-6.09084963798523e-07,-2.901628613471985e-05,7.384270429611206e-05,5.957111716270447e-05,-5.364418029785156e-07,2.041459083557129e-06,2.115964889526367e-06,-8.985400199890137e-06,-1.424551010131836e-05,-1.817941665649414e-06,-2.4437904357910156e-06,-2.771615982055664e-06,-6.633996963500977e-05,-4.1544437408447266e-05,-1.341104507446289e-06,-1.1473894119262695e-05,-6.616115570068359e-06,4.6759843826293945e-05,2.5153160095214844e-05]","[0.12090789526700974,-0.3179706335067749,1.0200660228729248]","[0.025965208187699318,0.0237697996199131,-0.6744033098220825,0.7375235557556152]","[-0.00040094461292028427,-0.0005648436490446329,-0.0004562692774925381]","[0.003203766420483589,-0.0014521008124575019,-0.0019727754406630993]","[-0.1599999964237213,-0.30000001192092896,0.7400000095367432]","[0.7070000171661377,0.7070000171661377,0.0,0.0]","[-0.04902944713830948,-0.19213144481182098,1.1109914779663086]","[0.14705155789852142,0.7014905214309692,0.696550726890564,-0.03322562575340271]","[""right_finger2_link3"",""right_finger2_link4"",""right_finger3_link3"",""right_finger3_link4"",""right_finger4_link3"",""right_finger4_link4""]","[[0.0023426832631230354,-0.2396390438079834,0.9864729642868042],[0.0046117790043354034,-0.23974797129631042,0.9570605754852295],[-0.026675550267100334,-0.24457965791225433,0.9860199093818665],[-0.025792796164751053,-0.24475061893463135,0.9565336108207703],[-0.053090378642082214,-0.23985257744789124,0.9865026473999023],[-0.05449420213699341,-0.23954208195209503,0.9570377469062805]]","[0.0,0.0,0.0,0.0,0.0,0.0]","[[0.0,0.0,0.0],[0.0,0.0,0.0],[0.0,0.0,0.0],[0.0,0.0,0.0],[0.0,0.0,0.0],[0.0,0.0,0.0]]",0.0,"[0.0,0.0,0.0]",0.0,"[0.0,0.0,0.0]",[],[],False,False,False,False,False,[],0.001837204054363717,0.01972109180918763,6.517393767654606,0.03512554429923196,6.517393767654606,0.0,0.0,0,0,0,True,FRAME_JUMP,True
78,correction_1,FAILED,"[-0.049029309302568436,-0.19213101267814636,1.1109915971755981,2.8828980922698975,0.15891045331954956,-1.5430169105529785,0.03888125717639923,-0.030384443700313568,-0.034136462956666946,-0.030108146369457245,-0.03264905512332916,-0.05515950173139572,-0.1415414661169052,-0.14049339294433594,-0.1446807086467743,-0.14709000289440155,0.3691031038761139,0.36573460698127747,0.3693132698535919,0.3637334704399109,0.3627815842628479,0.3633362948894501,0.3728925287723541,0.3710852563381195,0.3659217953681946,0.37116751074790955]","[-0.049019116908311844,-0.19217970967292786,1.1110317707061768,2.8825559616088867,0.15894357860088348,-1.5429998636245728,0.038880009204149246,-0.030385009944438934,-0.03416500985622406,-0.03003498911857605,-0.03258999437093735,-0.05515999346971512,-0.14153999090194702,-0.14048998057842255,-0.14468999207019806,-0.14710499346256256,0.36910131573677063,0.36573249101638794,0.36931121349334717,0.3636675179004669,0.3627399802207947,0.3633349537849426,0.3728812336921692,0.3710786998271942,0.3659687340259552,0.37119248509407043]","[-0.049019118701466774,-0.19217971644579906,1.1110317348816974,2.8825559180792415,0.1589435743175724,-1.5429998466092598,0.038880009204149246,-0.030385009944438934,-0.03416500985622406,-0.03003498911857605,-0.03258999437093735,-0.05515999346971512,-0.14153999090194702,-0.14048998057842255,-0.14468999207019806,-0.14710499346256256,0.36910131573677063,0.36573249101638794,0.36931121349334717,0.3636675179004669,0.3627399802207947,0.3633349537849426,0.3728812336921692,0.3710786998271942,0.3659687340259552,0.37119248509407043]","[1.0192394256591797e-05,-4.869699478149414e-05,4.017353057861328e-05,-0.0003421306610107422,3.312528133392334e-05,1.704692840576172e-05,-1.2479722499847412e-06,-5.662441253662109e-07,-2.8546899557113647e-05,7.315725088119507e-05,5.9060752391815186e-05,-4.917383193969727e-07,1.475214958190918e-06,3.4123659133911133e-06,-9.28342342376709e-06,-1.4990568161010742e-05,-1.7881393432617188e-06,-2.115964889526367e-06,-2.0563602447509766e-06,-6.595253944396973e-05,-4.1604042053222656e-05,-1.341104507446289e-06,-1.1295080184936523e-05,-6.556510925292969e-06,4.693865776062012e-05,2.4974346160888672e-05]","[0.12090851366519928,-0.3179718852043152,1.0200562477111816]","[0.02597890980541706,0.02378205768764019,-0.6744065880775452,0.7375196218490601]","[0.00020492885960265994,-9.561990736983716e-06,-0.0006931083044037223]","[0.004111720249056816,-0.001929284306243062,0.0014777682954445481]","[-0.1599999964237213,-0.30000001192092896,0.7400000095367432]","[0.7070000171661377,0.7070000171661377,0.0,0.0]","[-0.04902917146682739,-0.1921309530735016,1.1109914779663086]","[0.1470508575439453,0.7014906406402588,0.696550726890564,-0.03322521597146988]","[""right_finger2_link3"",""right_finger2_link4"",""right_finger3_link3"",""right_finger3_link4"",""right_finger4_link3"",""right_finger4_link4""]","[[0.0023429393768310547,-0.2396383434534073,0.9864726662635803],[0.004612044431269169,-0.23974721133708954,0.9570602774620056],[-0.026675386354327202,-0.2445790022611618,0.9860197901725769],[-0.02579268254339695,-0.24474993348121643,0.9565334916114807],[-0.05309014394879341,-0.23985186219215393,0.986502468585968],[-0.0544939860701561,-0.23954132199287415,0.9570375680923462]]","[0.0,0.0,0.0,0.0,0.0,0.0]","[[0.0,0.0,0.0],[0.0,0.0,0.0],[0.0,0.0,0.0],[0.0,0.0,0.0],[0.0,0.0,0.0],[0.0,0.0,0.0]]",0.0,"[0.0,0.0,0.0]",0.0,"[0.0,0.0,0.0]",[],[],False,False,False,False,False,[],0.001829211322534996,0.019722509403907438,6.518241436015675,0.03511799065512614,6.518241436015675,0.0,0.0,0,0,0,True,FRAME_JUMP,True
79,correction_1,FAILED,"[-0.04902932047843933,-0.192130446434021,1.1109915971755981,2.8829009532928467,0.1589105725288391,-1.5430169105529785,0.03888166323304176,-0.03038356453180313,-0.034136813133955,-0.030106250196695328,-0.03264734521508217,-0.05515957996249199,-0.14154180884361267,-0.14049294590950012,-0.1446804702281952,-0.14709043502807617,0.36910349130630493,0.3657352328300476,0.3693148195743561,0.3637334704399109,0.36277973651885986,0.3633362948894501,0.3728925883769989,0.37108519673347473,0.36592215299606323,0.3711685538291931]","[-0.049019116908311844,-0.19217970967292786,1.1110317707061768,2.8825559616088867,0.15894357860088348,-1.5429998636245728,0.038880009204149246,-0.030385009944438934,-0.03416500985622406,-0.03003498911857605,-0.03258999437093735,-0.05515999346971512,-0.14153999090194702,-0.14048998057842255,-0.14468999207019806,-0.14710499346256256,0.36910131573677063,0.36573249101638794,0.36931121349334717,0.3636675179004669,0.3627399802207947,0.3633349537849426,0.3728812336921692,0.3710786998271942,0.3659687340259552,0.37119248509407043]","[-0.049019118701466774,-0.19217971644579906,1.1110317348816974,2.8825559180792415,0.1589435743175724,-1.5429998466092598,0.038880009204149246,-0.030385009944438934,-0.03416500985622406,-0.03003498911857605,-0.03258999437093735,-0.05515999346971512,-0.14153999090194702,-0.14048998057842255,-0.14468999207019806,-0.14710499346256256,0.36910131573677063,0.36573249101638794,0.36931121349334717,0.3636675179004669,0.3627399802207947,0.3633349537849426,0.3728812336921692,0.3710786998271942,0.3659687340259552,0.37119248509407043]","[1.0203570127487183e-05,-4.926323890686035e-05,4.017353057861328e-05,-0.00034499168395996094,3.300607204437256e-05,1.704692840576172e-05,-1.6540288925170898e-06,-1.4454126358032227e-06,-2.8196722269058228e-05,7.126107811927795e-05,5.735084414482117e-05,-4.1350722312927246e-07,1.817941665649414e-06,2.9653310775756836e-06,-9.521842002868652e-06,-1.455843448638916e-05,-2.175569534301758e-06,-2.7418136596679688e-06,-3.606081008911133e-06,-6.595253944396973e-05,-3.975629806518555e-05,-1.341104507446289e-06,-1.1354684829711914e-05,-6.496906280517578e-06,4.6581029891967773e-05,2.3931264877319336e-05]","[0.12090808153152466,-0.31797224283218384,1.020055890083313]","[0.02597115747630596,0.023774605244398117,-0.6744161248207092,0.737511396408081]","[0.00013872821000404656,0.00020126609888393432,0.0010637110099196434]","[-0.006047336384654045,0.004780057817697525,-2.5307297619292513e-05]","[-0.1599999964237213,-0.30000001192092896,0.7400000095367432]","[0.7070000171661377,0.7070000171661377,0.0,0.0]","[-0.049029186367988586,-0.19213038682937622,1.1109914779663086]","[0.14704996347427368,0.7014907598495483,0.6965508460998535,-0.033224042505025864]","[""right_finger2_link3"",""right_finger2_link4"",""right_finger3_link3"",""right_finger3_link4"",""right_finger4_link3"",""right_finger4_link4""]","[[0.00234296265989542,-0.23963738977909088,0.9864726662635803],[0.004612061195075512,-0.23974615335464478,0.9570602774620056],[-0.026675302535295486,-0.2445780634880066,0.9860197305679321],[-0.025792565196752548,-0.24474887549877167,0.9565334320068359],[-0.05309007689356804,-0.23985084891319275,0.9865022897720337],[-0.054493892937898636,-0.23954017460346222,0.9570373296737671]]","[0.0,0.0,0.0,0.0,0.0,0.0]","[[0.0,0.0,0.0],[0.0,0.0,0.0],[0.0,0.0,0.0],[0.0,0.0,0.0],[0.0,0.0,0.0],[0.0,0.0,0.0]]",0.0,"[0.0,0.0,0.0]",0.0,"[0.0,0.0,0.0]",[],[],False,False,False,False,False,[],0.0018299593095169042,0.019723010620351894,6.516345497909009,0.03511796663710335,6.516345497909009,0.0,0.0,0,0,0,True,FRAME_JUMP,True
80,correction_1,FAILED,"[-0.049029216170310974,-0.19213050603866577,1.1109915971755981,2.8828959465026855,0.15891070663928986,-1.543016791343689,0.038881171494722366,-0.030384333804249763,-0.03413620591163635,-0.030108006671071053,-0.03264860808849335,-0.05515951290726662,-0.14154164493083954,-0.14049354195594788,-0.14468064904212952,-0.14709031581878662,0.3691025376319885,0.3657342195510864,0.3693138062953949,0.3637332022190094,0.36278036236763,0.3633362948894501,0.3728924095630646,0.37108510732650757,0.36592167615890503,0.37116751074790955]","[-0.049019116908311844,-0.19217970967292786,1.1110317707061768,2.8825559616088867,0.15894357860088348,-1.5429998636245728,0.038880009204149246,-0.030385009944438934,-0.03416500985622406,-0.03003498911857605,-0.03258999437093735,-0.05515999346971512,-0.14153999090194702,-0.14048998057842255,-0.14468999207019806,-0.14710499346256256,0.36910131573677063,0.36573249101638794,0.36931121349334717,0.3636675179004669,0.3627399802207947,0.3633349537849426,0.3728812336921692,0.3710786998271942,0.3659687340259552,0.37119248509407043]","[-0.049019118701466774,-0.19217971644579906,1.1110317348816974,2.8825559180792415,0.1589435743175724,-1.5429998466092598,0.038880009204149246,-0.030385009944438934,-0.03416500985622406,-0.03003498911857605,-0.03258999437093735,-0.05515999346971512,-0.14153999090194702,-0.14048998057842255,-0.14468999207019806,-0.14710499346256256,0.36910131573677063,0.36573249101638794,0.36931121349334717,0.3636675179004669,0.3627399802207947,0.3633349537849426,0.3728812336921692,0.3710786998271942,0.3659687340259552,0.37119248509407043]","[1.0099261999130249e-05,-4.920363426208496e-05,4.017353057861328e-05,-0.0003399848937988281,3.287196159362793e-05,1.6927719116210938e-05,-1.1622905731201172e-06,-6.761401891708374e-07,-2.880394458770752e-05,7.301755249500275e-05,5.8613717555999756e-05,-4.805624485015869e-07,1.6540288925170898e-06,3.56137752532959e-06,-9.34302806854248e-06,-1.4677643775939941e-05,-1.2218952178955078e-06,-1.7285346984863281e-06,-2.592802047729492e-06,-6.568431854248047e-05,-4.038214683532715e-05,-1.341104507446289e-06,-1.1175870895385742e-05,-6.407499313354492e-06,4.70578670501709e-05,2.4974346160888672e-05]","[0.12090840935707092,-0.31797316670417786,1.0200523138046265]","[0.025976745411753654,0.02378017269074917,-0.6744083166122437,0.7375181913375854]","[3.3186130167450756e-05,-0.0002657748991623521,0.00015263335080817342]","[-0.0009458228596486151,0.0006572429556399584,-0.00021813098283018917]","[-0.1599999964237213,-0.30000001192092896,0.7400000095367432]","[0.7070000171661377,0.7070000171661377,0.0,0.0]","[-0.04902907833456993,-0.192130446434021,1.1109914779663086]","[0.14705179631710052,0.7014904022216797,0.6965508460998535,-0.033225882798433304]","[""right_finger2_link3"",""right_finger2_link4"",""right_finger3_link3"",""right_finger3_link4"",""right_finger4_link3"",""right_finger4_link4""]","[[0.002343085827305913,-0.23963813483715057,0.9864729642868042],[0.004612195771187544,-0.2397470921278,0.9570605754852295],[-0.026675237342715263,-0.2445787489414215,0.986020028591156],[-0.025792524218559265,-0.24474970996379852,0.9565337300300598],[-0.053089968860149384,-0.23985163867473602,0.9865026473999023],[-0.05449378862977028,-0.239541158080101,0.9570377469062805]]","[0.0,0.0,0.0,0.0,0.0,0.0]","[[0.0,0.0,0.0],[0.0,0.0,0.0],[0.0,0.0,0.0],[0.0,0.0,0.0],[0.0,0.0,0.0],[0.0,0.0,0.0]]",0.0,"[0.0,0.0,0.0]",0.0,"[0.0,0.0,0.0]",[],[],False,False,False,False,False,[],0.0018254191220293814,0.019723932208054653,6.51783608992808,0.035115429056483634,6.51783608992808,0.0,0.0,0,0,0,True,FRAME_JUMP,True
81,correction_1,FAILED,"[-0.0490291602909565,-0.1921302229166031,1.1109915971755981,2.882896900177002,0.15891027450561523,-1.543016791343689,0.03888148069381714,-0.030383989214897156,-0.03413712978363037,-0.030105778947472572,-0.032646797597408295,-0.05515953153371811,-0.14154180884361267,-0.1404939442873001,-0.14468032121658325,-0.14709067344665527,0.36910280585289,0.3657349944114685,0.3693142831325531,0.36373183131217957,0.3627792298793793,0.3633362948894501,0.37289226055145264,0.3710850477218628,0.36592212319374084,0.37116822600364685]","[-0.049019116908311844,-0.19217970967292786,1.1110317707061768,2.8825559616088867,0.15894357860088348,-1.5429998636245728,0.038880009204149246,-0.030385009944438934,-0.03416500985622406,-0.03003498911857605,-0.03258999437093735,-0.05515999346971512,-0.14153999090194702,-0.14048998057842255,-0.14468999207019806,-0.14710499346256256,0.36910131573677063,0.36573249101638794,0.36931121349334717,0.3636675179004669,0.3627399802207947,0.3633349537849426,0.3728812336921692,0.3710786998271942,0.3659687340259552,0.37119248509407043]","[-0.049019118701466774,-0.19217971644579906,1.1110317348816974,2.8825559180792415,0.1589435743175724,-1.5429998466092598,0.038880009204149246,-0.030385009944438934,-0.03416500985622406,-0.03003498911857605,-0.03258999437093735,-0.05515999346971512,-0.14153999090194702,-0.14048998057842255,-0.14468999207019806,-0.14710499346256256,0.36910131573677063,0.36573249101638794,0.36931121349334717,0.3636675179004669,0.3627399802207947,0.3633349537849426,0.3728812336921692,0.3710786998271942,0.3659687340259552,0.37119248509407043]","[1.004338264465332e-05,-4.9486756324768066e-05,4.017353057861328e-05,-0.0003409385681152344,3.330409526824951e-05,1.6927719116210938e-05,-1.471489667892456e-06,-1.0207295417785645e-06,-2.7880072593688965e-05,7.078982889652252e-05,5.6803226470947266e-05,-4.6193599700927734e-07,1.817941665649414e-06,3.9637088775634766e-06,-9.670853614807129e-06,-1.4320015907287598e-05,-1.4901161193847656e-06,-2.5033950805664062e-06,-3.069639205932617e-06,-6.431341171264648e-05,-3.9249658584594727e-05,-1.341104507446289e-06,-1.1026859283447266e-05,-6.3478946685791016e-06,4.661083221435547e-05,2.4259090423583984e-05]","[0.12090809643268585,-0.3179738223552704,1.020052433013916]","[0.02597033977508545,0.02377365157008171,-0.6744164228439331,0.7375112175941467]","[-2.4439756089122966e-05,0.0003048611688427627,-0.0002940456906799227]","[0.0017884334083646536,-0.0005057442467659712,0.0002393560716882348]","[-0.1599999964237213,-0.30000001192092896,0.7400000095367432]","[0.7070000171661377,0.7070000171661377,0.0,0.0]","[-0.04902902618050575,-0.1921301633119583,1.1109914779663086]","[0.14705128967761993,0.7014905214309692,0.696550726890564,-0.03322560712695122]","[""right_finger2_link3"",""right_finger2_link4"",""right_finger3_link3"",""right_finger3_link4"",""right_finger4_link3"",""right_finger4_link4""]","[[0.002343075582757592,-0.23963768780231476,0.9864729642868042],[0.004612167831510305,-0.2397465854883194,0.9570605754852295],[-0.026675254106521606,-0.24457836151123047,0.9860199093818665],[-0.0257925633341074,-0.24474933743476868,0.9565336108207703],[-0.05308995395898819,-0.23985110223293304,0.9865025877952576],[-0.05449378117918968,-0.23954056203365326,0.9570376873016357]]","[0.0,0.0,0.0,0.0,0.0,0.0]","[[0.0,0.0,0.0],[0.0,0.0,0.0],[0.0,0.0,0.0],[0.0,0.0,0.0],[0.0,0.0,0.0],[0.0,0.0,0.0]]",0.0,"[0.0,0.0,0.0]",0.0,"[0.0,0.0,0.0]",[],[],False,False,False,False,False,[],0.0018264743302512931,0.019724649156492694,6.516226280250008,0.035115933605374926,6.516226280250008,0.0,0.0,0,0,0,True,FRAME_JUMP,True
82,correction_1,FAILED,"[-0.04902932792901993,-0.1921302229166031,1.1109915971755981,2.8828999996185303,0.15891018509864807,-1.5430166721343994,0.03888128697872162,-0.030384592711925507,-0.034136928617954254,-0.03010682575404644,-0.0326477512717247,-0.055159442126750946,-0.141541987657547,-0.1404935121536255,-0.1446801871061325,-0.14709070324897766,0.3691028952598572,0.3657345175743103,0.36931321024894714,0.36373287439346313,0.3627794086933136,0.3633362948894501,0.3728926479816437,0.37108519673347473,0.3659220039844513,0.3711685538291931]","[-0.049019116908311844,-0.19217970967292786,1.1110317707061768,2.8825559616088867,0.15894357860088348,-1.5429998636245728,0.038880009204149246,-0.030385009944438934,-0.03416500985622406,-0.03003498911857605,-0.03258999437093735,-0.05515999346971512,-0.14153999090194702,-0.14048998057842255,-0.14468999207019806,-0.14710499346256256,0.36910131573677063,0.36573249101638794,0.36931121349334717,0.3636675179004669,0.3627399802207947,0.3633349537849426,0.3728812336921692,0.3710786998271942,0.3659687340259552,0.37119248509407043]","[-0.049019118701466774,-0.19217971644579906,1.1110317348816974,2.8825559180792415,0.1589435743175724,-1.5429998466092598,0.038880009204149246,-0.030385009944438934,-0.03416500985622406,-0.03003498911857605,-0.03258999437093735,-0.05515999346971512,-0.14153999090194702,-0.14048998057842255,-0.14468999207019806,-0.14710499346256256,0.36910131573677063,0.36573249101638794,0.36931121349334717,0.3636675179004669,0.3627399802207947,0.3633349537849426,0.3728812336921692,0.3710786998271942,0.3659687340259552,0.37119248509407043]","[1.0211020708084106e-05,-4.9486756324768066e-05,4.017353057861328e-05,-0.0003440380096435547,3.33935022354126e-05,1.6808509826660156e-05,-1.2777745723724365e-06,-4.172325134277344e-07,-2.8081238269805908e-05,7.183663547039032e-05,5.7756900787353516e-05,-5.513429641723633e-07,1.996755599975586e-06,3.5315752029418945e-06,-9.804964065551758e-06,-1.4290213584899902e-05,-1.5795230865478516e-06,-2.0265579223632812e-06,-1.996755599975586e-06,-6.535649299621582e-05,-3.94284725189209e-05,-1.341104507446289e-06,-1.1414289474487305e-05,-6.496906280517578e-06,4.673004150390625e-05,2.3931264877319336e-05]","[0.12090751528739929,-0.31797313690185547,1.0200591087341309]","[0.025953004136681557,0.023757891729474068,-0.6744160056114197,0.7375127077102661]","[0.0002855209750123322,6.775854853913188e-05,-0.0007143692928366363]","[0.003619489260017872,-0.002606907393783331,-0.0006447193445637822]","[-0.1599999964237213,-0.30000001192092896,0.7400000095367432]","[0.7070000171661377,0.7070000171661377,0.0,0.0]","[-0.04902919381856918,-0.1921301633119583,1.1109914779663086]","[0.14705021679401398,0.7014907598495483,0.6965507864952087,-0.03322456777095795]","[""right_finger2_link3"",""right_finger2_link4"",""right_finger3_link3"",""right_finger3_link4"",""right_finger4_link3"",""right_finger4_link4""]","[[0.0023428965359926224,-0.2396373301744461,0.9864726662635803],[0.004611988551914692,-0.23974618315696716,0.9570602774620056],[-0.026675404980778694,-0.24457797408103943,0.9860197305679321],[-0.02579270303249359,-0.24474887549877167,0.9565334320068359],[-0.05309011787176132,-0.23985077440738678,0.9865022897720337],[-0.05449393391609192,-0.23954014480113983,0.9570373296737671]]","[0.0,0.0,0.0,0.0,0.0,0.0]","[[0.0,0.0,0.0],[0.0,0.0,0.0],[0.0,0.0,0.0],[0.0,0.0,0.0],[0.0,0.0,0.0],[0.0,0.0,0.0]]",0.0,"[0.0,0.0,0.0]",0.0,"[0.0,0.0,0.0]",[],[],False,False,False,False,False,[],0.0018315895165863516,0.019723892835351853,6.514682362427635,0.035121211545499215,6.514682362427635,0.0,0.0,0,0,0,True,FRAME_JUMP,True
83,correction_1,FAILED,"[-0.04902910441160202,-0.1921297311782837,1.1109915971755981,2.8829002380371094,0.1589108556509018,-1.5430166721343994,0.03888162598013878,-0.030383648350834846,-0.03413717821240425,-0.030105378478765488,-0.03264661505818367,-0.055159591138362885,-0.1415419727563858,-0.14049266278743744,-0.14468027651309967,-0.14709152281284332,0.3691031336784363,0.3657349646091461,0.36931443214416504,0.3637321889400482,0.36278003454208374,0.3633362948894501,0.3728923797607422,0.37108492851257324,0.3659222722053528,0.3711685836315155]","[-0.049019116908311844,-0.19217970967292786,1.1110317707061768,2.8825559616088867,0.15894357860088348,-1.5429998636245728,0.038880009204149246,-0.030385009944438934,-0.03416500985622406,-0.03003498911857605,-0.03258999437093735,-0.05515999346971512,-0.14153999090194702,-0.14048998057842255,-0.14468999207019806,-0.14710499346256256,0.36910131573677063,0.36573249101638794,0.36931121349334717,0.3636675179004669,0.3627399802207947,0.3633349537849426,0.3728812336921692,0.3710786998271942,0.3659687340259552,0.37119248509407043]","[-0.049019118701466774,-0.19217971644579906,1.1110317348816974,2.8825559180792415,0.1589435743175724,-1.5429998466092598,0.038880009204149246,-0.030385009944438934,-0.03416500985622406,-0.03003498911857605,-0.03258999437093735,-0.05515999346971512,-0.14153999090194702,-0.14048998057842255,-0.14468999207019806,-0.14710499346256256,0.36910131573677063,0.36573249101638794,0.36931121349334717,0.3636675179004669,0.3627399802207947,0.3633349537849426,0.3728812336921692,0.3710786998271942,0.3659687340259552,0.37119248509407043]","[9.987503290176392e-06,-4.997849464416504e-05,4.017353057861328e-05,-0.00034427642822265625,3.272294998168945e-05,1.6808509826660156e-05,-1.6167759895324707e-06,-1.3615936040878296e-06,-2.783164381980896e-05,7.038936018943787e-05,5.662068724632263e-05,-4.023313522338867e-07,1.9818544387817383e-06,2.682209014892578e-06,-9.715557098388672e-06,-1.3470649719238281e-05,-1.817941665649414e-06,-2.473592758178711e-06,-3.2186508178710938e-06,-6.467103958129883e-05,-4.00543212890625e-05,-1.341104507446289e-06,-1.1146068572998047e-05,-6.22868537902832e-06,4.646182060241699e-05,2.390146255493164e-05]","[0.1209082156419754,-0.31797370314598083,1.020051121711731]","[0.025967488065361977,0.02377099171280861,-0.6744182109832764,0.7375097870826721]","[0.00010968263813992962,0.00018855438975151628,0.0011238432489335537]","[-0.006330809555947781,0.005032702814787626,-0.00015073982649482787]","[-0.1599999964237213,-0.30000001192092896,0.7400000095367432]","[0.7070000171661377,0.7070000171661377,0.0,0.0]","[-0.04902896657586098,-0.19212967157363892,1.1109914779663086]","[0.14705035090446472,0.7014907002449036,0.6965509057044983,-0.03322416916489601]","[""right_finger2_link3"",""right_finger2_link4"",""right_finger3_link3"",""right_finger3_link4"",""right_finger4_link3"",""right_finger4_link4""]","[[0.002343205502256751,-0.23963674902915955,0.9864726662635803],[0.004612305201590061,-0.23974554240703583,0.9570602774620056],[-0.026675047352910042,-0.24457746744155884,0.9860197305679321],[-0.025792302563786507,-0.2447483241558075,0.9565334320068359],[-0.05308978632092476,-0.23985017836093903,0.9865022897720337],[-0.054493583738803864,-0.2395395189523697,0.9570373296737671]]","[0.0,0.0,0.0,0.0,0.0,0.0]","[[0.0,0.0,0.0],[0.0,0.0,0.0],[0.0,0.0,0.0],[0.0,0.0,0.0],[0.0,0.0,0.0],[0.0,0.0,0.0]]",0.0,"[0.0,0.0,0.0]",0.0,"[0.0,0.0,0.0]",[],[],False,False,False,False,False,[],0.0018252490630155105,0.01972455828978868,6.515743865773018,0.03511476228349752,6.515743865773018,0.0,0.0,0,0,0,True,FRAME_JUMP,True
84,correction_1,FAILED,"[-0.049029309302568436,-0.1921299397945404,1.1109915971755981,2.8829009532928467,0.15891142189502716,-1.5430166721343994,0.038881223648786545,-0.030384372919797897,-0.03413635492324829,-0.030107829719781876,-0.03264877200126648,-0.05515949800610542,-0.1415420025587082,-0.14049237966537476,-0.14468108117580414,-0.1470915526151657,0.3691023290157318,0.36573392152786255,0.36931318044662476,0.36373281478881836,0.3627811670303345,0.3633362948894501,0.3728925287723541,0.3710855543613434,0.3659217059612274,0.37116679549217224]","[-0.049019116908311844,-0.19217970967292786,1.1110317707061768,2.8825559616088867,0.15894357860088348,-1.5429998636245728,0.038880009204149246,-0.030385009944438934,-0.03416500985622406,-0.03003498911857605,-0.03258999437093735,-0.05515999346971512,-0.14153999090194702,-0.14048998057842255,-0.14468999207019806,-0.14710499346256256,0.36910131573677063,0.36573249101638794,0.36931121349334717,0.3636675179004669,0.3627399802207947,0.3633349537849426,0.3728812336921692,0.3710786998271942,0.3659687340259552,0.37119248509407043]","[-0.049019118701466774,-0.19217971644579906,1.1110317348816974,2.8825559180792415,0.1589435743175724,-1.5429998466092598,0.038880009204149246,-0.030385009944438934,-0.03416500985622406,-0.03003498911857605,-0.03258999437093735,-0.05515999346971512,-0.14153999090194702,-0.14048998057842255,-0.14468999207019806,-0.14710499346256256,0.36910131573677063,0.36573249101638794,0.36931121349334717,0.3636675179004669,0.3627399802207947,0.3633349537849426,0.3728812336921692,0.3710786998271942,0.3659687340259552,0.37119248509407043]","[1.0192394256591797e-05,-4.976987838745117e-05,4.017353057861328e-05,-0.00034499168395996094,3.215670585632324e-05,1.6808509826660156e-05,-1.214444637298584e-06,-6.370246410369873e-07,-2.8654932975769043e-05,7.28406012058258e-05,5.877763032913208e-05,-4.954636096954346e-07,2.0116567611694336e-06,2.3990869522094727e-06,-8.910894393920898e-06,-1.3440847396850586e-05,-1.0132789611816406e-06,-1.430511474609375e-06,-1.9669532775878906e-06,-6.529688835144043e-05,-4.118680953979492e-05,-1.341104507446289e-06,-1.1295080184936523e-05,-6.854534149169922e-06,4.70280647277832e-05,2.568960189819336e-05]","[0.12090778350830078,-0.3179744482040405,1.0200554132461548]","[0.025950198993086815,0.023755814880132675,-0.6744178533554077,0.7375112175941467]","[-5.5008007620926946e-05,-0.0003392219077795744,1.704200440144632e-05]","[-2.9533654014812782e-05,0.00017086361185647547,-0.0007693027146160603]","[-0.1599999964237213,-0.30000001192092896,0.7400000095367432]","[0.7070000171661377,0.7070000171661377,0.0,0.0]","[-0.04902917519211769,-0.19212988018989563,1.1109914779663086]","[0.14705021679401398,0.7014908194541931,0.6965508460998535,-0.033223774284124374]","[""right_finger2_link3"",""right_finger2_link4"",""right_finger3_link3"",""right_finger3_link4"",""right_finger4_link3"",""right_finger4_link4""]","[[0.0023430653382092714,-0.23963689804077148,0.9864726662635803],[0.0046121892519295216,-0.23974570631980896,0.9570602774620056],[-0.02667519822716713,-0.2445775419473648,0.9860197305679321],[-0.02579243667423725,-0.24474838376045227,0.9565334320068359],[-0.053090013563632965,-0.23985041677951813,0.9865022897720337],[-0.05449383333325386,-0.23953980207443237,0.9570373296737671]]","[0.0,0.0,0.0,0.0,0.0,0.0]","[[0.0,0.0,0.0],[0.0,0.0,0.0],[0.0,0.0,0.0],[0.0,0.0,0.0],[0.0,0.0,0.0],[0.0,0.0,0.0]]",0.0,"[0.0,0.0,0.0]",0.0,"[0.0,0.0,0.0]",[],[],False,False,False,False,False,[],0.0018280209310685969,0.019725203183501457,6.514222760460036,0.03511879074220971,6.514222760460036,0.0,0.0,0,0,0,True,FRAME_JUMP,True
85,correction_1,FAILED,"[-0.04902924597263336,-0.1921297162771225,1.1109915971755981,2.882904052734375,0.15891119837760925,-1.5430166721343994,0.038880981504917145,-0.030384855344891548,-0.03413619473576546,-0.030108751729130745,-0.03264957666397095,-0.05515945702791214,-0.14154158532619476,-0.14049319922924042,-0.14468087255954742,-0.14709056913852692,0.3691025972366333,0.36573362350463867,0.3693120777606964,0.36373329162597656,0.3627817928791046,0.3633362948894501,0.372892826795578,0.37108561396598816,0.36592137813568115,0.3711666762828827]","[-0.049019116908311844,-0.19217970967292786,1.1110317707061768,2.8825559616088867,0.15894357860088348,-1.5429998636245728,0.038880009204149246,-0.030385009944438934,-0.03416500985622406,-0.03003498911857605,-0.03258999437093735,-0.05515999346971512,-0.14153999090194702,-0.14048998057842255,-0.14468999207019806,-0.14710499346256256,0.36910131573677063,0.36573249101638794,0.36931121349334717,0.3636675179004669,0.3627399802207947,0.3633349537849426,0.3728812336921692,0.3710786998271942,0.3659687340259552,0.37119248509407043]","[-0.049019118701466774,-0.19217971644579906,1.1110317348816974,2.8825559180792415,0.1589435743175724,-1.5429998466092598,0.038880009204149246,-0.030385009944438934,-0.03416500985622406,-0.03003498911857605,-0.03258999437093735,-0.05515999346971512,-0.14153999090194702,-0.14048998057842255,-0.14468999207019806,-0.14710499346256256,0.36910131573677063,0.36573249101638794,0.36931121349334717,0.3636675179004669,0.3627399802207947,0.3633349537849426,0.3728812336921692,0.3710786998271942,0.3659687340259552,0.37119248509407043]","[1.0129064321517944e-05,-4.999339580535889e-05,4.017353057861328e-05,-0.00034809112548828125,3.238022327423096e-05,1.6808509826660156e-05,-9.723007678985596e-07,-1.5459954738616943e-07,-2.8815120458602905e-05,7.376261055469513e-05,5.9582293033599854e-05,-5.364418029785156e-07,1.5944242477416992e-06,3.2186508178710938e-06,-9.119510650634766e-06,-1.4424324035644531e-05,-1.2814998626708984e-06,-1.1324882507324219e-06,-8.642673492431641e-07,-6.577372550964355e-05,-4.1812658309936523e-05,-1.341104507446289e-06,-1.1593103408813477e-05,-6.9141387939453125e-06,4.735589027404785e-05,2.580881118774414e-05]","[0.12090735137462616,-0.31797581911087036,1.0200533866882324]","[0.025943191722035408,0.023748720064759254,-0.6744272112846375,0.7375031113624573]","[-0.00023864209651947021,9.951882384484634e-05,-0.0003361663257237524]","[0.0013765936018899083,-0.000629336922429502,0.001338643953204155]","[-0.1599999964237213,-0.30000001192092896,0.7400000095367432]","[0.7070000171661377,0.7070000171661377,0.0,0.0]","[-0.04902911186218262,-0.19212965667247772,1.1109914779663086]","[0.14704908430576324,0.7014909982681274,0.6965509057044983,-0.03322288393974304]","[""right_finger2_link3"",""right_finger2_link4"",""right_finger3_link3"",""right_finger3_link4"",""right_finger4_link3"",""right_finger4_link4""]","[[0.002343106549233198,-0.23963633179664612,0.9864725470542908],[0.004612237215042114,-0.23974508047103882,0.9570601582527161],[-0.02667519822716713,-0.24457693099975586,0.9860196113586426],[-0.02579246461391449,-0.24474772810935974,0.9565333127975464],[-0.05308997258543968,-0.23984986543655396,0.9865022897720337],[-0.05449379235506058,-0.23953916132450104,0.9570373296737671]]","[0.0,0.0,0.0,0.0,0.0,0.0]","[[0.0,0.0,0.0],[0.0,0.0,0.0],[0.0,0.0,0.0],[0.0,0.0,0.0],[0.0,0.0,0.0],[0.0,0.0,0.0]]",0.0,"[0.0,0.0,0.0]",0.0,"[0.0,0.0,0.0]",[],[],False,False,False,False,False,[],0.0018271148368877999,0.01972673294159006,6.512402095844814,0.03511791881131584,6.512402095844814,0.0,0.0,0,0,0,True,FRAME_JUMP,True
86,correction_1,FAILED,"[-0.04902921989560127,-0.19212910532951355,1.1109915971755981,2.8829050064086914,0.15891133248806,-1.5430166721343994,0.0388815812766552,-0.03038366325199604,-0.03413673862814903,-0.03010651469230652,-0.032647669315338135,-0.055159587413072586,-0.14154165983200073,-0.1404927521944046,-0.14468088746070862,-0.1470910757780075,0.3691031038761139,0.3657350242137909,0.36931443214416504,0.3637326955795288,0.3627811074256897,0.3633362948894501,0.37289243936538696,0.37108543515205383,0.3659217357635498,0.37116727232933044]","[-0.049019116908311844,-0.19217970967292786,1.1110317707061768,2.8825559616088867,0.15894357860088348,-1.5429998636245728,0.038880009204149246,-0.030385009944438934,-0.03416500985622406,-0.03003498911857605,-0.03258999437093735,-0.05515999346971512,-0.14153999090194702,-0.14048998057842255,-0.14468999207019806,-0.14710499346256256,0.36910131573677063,0.36573249101638794,0.36931121349334717,0.3636675179004669,0.3627399802207947,0.3633349537849426,0.3728812336921692,0.3710786998271942,0.3659687340259552,0.37119248509407043]","[-0.049019118701466774,-0.19217971644579906,1.1110317348816974,2.8825559180792415,0.1589435743175724,-1.5429998466092598,0.038880009204149246,-0.030385009944438934,-0.03416500985622406,-0.03003498911857605,-0.03258999437093735,-0.05515999346971512,-0.14153999090194702,-0.14048998057842255,-0.14468999207019806,-0.14710499346256256,0.36910131573677063,0.36573249101638794,0.36931121349334717,0.3636675179004669,0.3627399802207947,0.3633349537849426,0.3728812336921692,0.3710786998271942,0.3659687340259552,0.37119248509407043]","[1.0102987289428711e-05,-5.060434341430664e-05,4.017353057861328e-05,-0.0003490447998046875,3.224611282348633e-05,1.6808509826660156e-05,-1.5720725059509277e-06,-1.346692442893982e-06,-2.8271228075027466e-05,7.152557373046875e-05,5.7674944400787354e-05,-4.0605664253234863e-07,1.6689300537109375e-06,2.771615982055664e-06,-9.104609489440918e-06,-1.3917684555053711e-05,-1.7881393432617188e-06,-2.5331974029541016e-06,-3.2186508178710938e-06,-6.517767906188965e-05,-4.112720489501953e-05,-1.341104507446289e-06,-1.1205673217773438e-05,-6.735324859619141e-06,4.699826240539551e-05,2.5212764739990234e-05]","[0.12090781331062317,-0.3179766833782196,1.0200446844100952]","[0.025956863537430763,0.02376069314777851,-0.6744304299354553,0.7374993562698364]","[0.00013724065502174199,0.0002050334878731519,0.0010744130704551935]","[-0.006142869591712952,0.004848567768931389,-5.86647329328116e-05]","[-0.1599999964237213,-0.30000001192092896,0.7400000095367432]","[0.7070000171661377,0.7070000171661377,0.0,0.0]","[-0.04902908205986023,-0.19212904572486877,1.1109914779663086]","[0.14704889059066772,0.7014910578727722,0.6965509057044983,-0.033222489058971405]","[""right_finger2_link3"",""right_finger2_link4"",""right_finger3_link3"",""right_finger3_link4"",""right_finger4_link3"",""right_finger4_link4""]","[[0.0023431547451764345,-0.23963558673858643,0.9864725470542908],[0.004612276330590248,-0.23974423110485077,0.9570601582527161],[-0.02667512185871601,-0.24457624554634094,0.9860196113586426],[-0.02579236775636673,-0.24474696815013885,0.9565333127975464],[-0.05308989807963371,-0.2398490309715271,0.9865022301673889],[-0.05449370667338371,-0.2395382523536682,0.9570372700691223]]","[0.0,0.0,0.0,0.0,0.0,0.0]","[[0.0,0.0,0.0],[0.0,0.0,0.0],[0.0,0.0,0.0],[0.0,0.0,0.0],[0.0,0.0,0.0],[0.0,0.0,0.0]]",0.0,"[0.0,0.0,0.0]",0.0,"[0.0,0.0,0.0]",[],[],False,False,False,False,False,[],0.001820157459096139,0.019727796385110487,6.513249002400232,0.0351110814788366,6.513249002400232,0.0,0.0,0,0,0,True,FRAME_JUMP,True
87,correction_1,FAILED,"[-0.04902920871973038,-0.1921292245388031,1.1109915971755981,2.882906198501587,0.15891200304031372,-1.5430166721343994,0.038881026208400726,-0.030384588986635208,-0.03413550183176994,-0.030110172927379608,-0.03265080600976944,-0.05515948310494423,-0.14154180884361267,-0.14049233496189117,-0.14468161761760712,-0.14709089696407318,0.36910250782966614,0.3657344579696655,0.3693128824234009,0.3637341856956482,0.3627829849720001,0.3633362948894501,0.3728926181793213,0.37108561396598816,0.3659209907054901,0.37116551399230957]","[-0.049019116908311844,-0.19217970967292786,1.1110317707061768,2.8825559616088867,0.15894357860088348,-1.5429998636245728,0.038880009204149246,-0.030385009944438934,-0.03416500985622406,-0.03003498911857605,-0.03258999437093735,-0.05515999346971512,-0.14153999090194702,-0.14048998057842255,-0.14468999207019806,-0.14710499346256256,0.36910131573677063,0.36573249101638794,0.36931121349334717,0.3636675179004669,0.3627399802207947,0.3633349537849426,0.3728812336921692,0.3710786998271942,0.3659687340259552,0.37119248509407043]","[-0.049019118701466774,-0.19217971644579906,1.1110317348816974,2.8825559180792415,0.1589435743175724,-1.5429998466092598,0.038880009204149246,-0.030385009944438934,-0.03416500985622406,-0.03003498911857605,-0.03258999437093735,-0.05515999346971512,-0.14153999090194702,-0.14048998057842255,-0.14468999207019806,-0.14710499346256256,0.36910131573677063,0.36573249101638794,0.36931121349334717,0.3636675179004669,0.3627399802207947,0.3633349537849426,0.3728812336921692,0.3710786998271942,0.3659687340259552,0.37119248509407043]","[1.0091811418533325e-05,-5.048513412475586e-05,4.017353057861328e-05,-0.0003502368927001953,3.1575560569763184e-05,1.6808509826660156e-05,-1.0170042514801025e-06,-4.209578037261963e-07,-2.950802445411682e-05,7.518380880355835e-05,6.0811638832092285e-05,-5.103647708892822e-07,1.817941665649414e-06,2.3543834686279297e-06,-8.374452590942383e-06,-1.4096498489379883e-05,-1.1920928955078125e-06,-1.9669532775878906e-06,-1.6689300537109375e-06,-6.666779518127441e-05,-4.3004751205444336e-05,-1.341104507446289e-06,-1.138448715209961e-05,-6.9141387939453125e-06,4.774332046508789e-05,2.6971101760864258e-05]","[0.12090753018856049,-0.3179769515991211,1.020048975944519]","[0.02593899331986904,0.023745352402329445,-0.6744303107261658,0.7375006079673767]","[-0.0004044931847602129,-0.0005691908881999552,-0.0004441775963641703]","[0.003055312903597951,-0.0014513290952891111,-0.0026608745101839304]","[-0.1599999964237213,-0.30000001192092896,0.7400000095367432]","[0.7070000171661377,0.7070000171661377,0.0,0.0]","[-0.049029070883989334,-0.19212916493415833,1.1109914779663086]","[0.14704865217208862,0.7014910578727722,0.6965509057044983,-0.033221688121557236]","[""right_finger2_link3"",""right_finger2_link4"",""right_finger3_link3"",""right_finger3_link4"",""right_finger4_link3"",""right_finger4_link4""]","[[0.0023432928137481213,-0.23963552713394165,0.9864725470542908],[0.004612449090927839,-0.2397441864013672,0.9570601582527161],[-0.026674985885620117,-0.244576096534729,0.986019492149353],[-0.025792201980948448,-0.24474677443504333,0.9565331935882568],[-0.05308983102440834,-0.23984912037849426,0.9865021109580994],[-0.05449363589286804,-0.23953835666179657,0.9570371508598328]]","[0.0,0.0,0.0,0.0,0.0,0.0]","[[0.0,0.0,0.0],[0.0,0.0,0.0],[0.0,0.0,0.0],[0.0,0.0,0.0],[0.0,0.0,0.0],[0.0,0.0,0.0]]",0.0,"[0.0,0.0,0.0]",0.0,"[0.0,0.0,0.0]",[],[],False,False,False,False,False,[],0.0018229413486204882,0.01972794149869752,6.511662976039708,0.035114829634252616,6.511662976039708,0.0,0.0,0,0,0,True,FRAME_JUMP,True
88,correction_1,FAILED,"[-0.0490291565656662,-0.1921287328004837,1.1109915971755981,2.8829071521759033,0.15891166031360626,-1.5430166721343994,0.03888111561536789,-0.03038463555276394,-0.03413582593202591,-0.03010978177189827,-0.03265046700835228,-0.05515948310494423,-0.14154168963432312,-0.1404934674501419,-0.14468105137348175,-0.1470898687839508,0.36910271644592285,0.36573466658592224,0.36931273341178894,0.3637346029281616,0.36278295516967773,0.3633362948894501,0.37289246916770935,0.3710854947566986,0.3659208416938782,0.37116560339927673]","[-0.049019116908311844,-0.19217970967292786,1.1110317707061768,2.8825559616088867,0.15894357860088348,-1.5429998636245728,0.038880009204149246,-0.030385009944438934,-0.03416500985622406,-0.03003498911857605,-0.03258999437093735,-0.05515999346971512,-0.14153999090194702,-0.14048998057842255,-0.14468999207019806,-0.14710499346256256,0.36910131573677063,0.36573249101638794,0.36931121349334717,0.3636675179004669,0.3627399802207947,0.3633349537849426,0.3728812336921692,0.3710786998271942,0.3659687340259552,0.37119248509407043]","[-0.049019118701466774,-0.19217971644579906,1.1110317348816974,2.8825559180792415,0.1589435743175724,-1.5429998466092598,0.038880009204149246,-0.030385009944438934,-0.03416500985622406,-0.03003498911857605,-0.03258999437093735,-0.05515999346971512,-0.14153999090194702,-0.14048998057842255,-0.14468999207019806,-0.14710499346256256,0.36910131573677063,0.36573249101638794,0.36931121349334717,0.3636675179004669,0.3627399802207947,0.3633349537849426,0.3728812336921692,0.3710786998271942,0.3659687340259552,0.37119248509407043]","[1.0039657354354858e-05,-5.097687244415283e-05,4.017353057861328e-05,-0.00035119056701660156,3.191828727722168e-05,1.6808509826660156e-05,-1.1064112186431885e-06,-3.7439167499542236e-07,-2.9183924198150635e-05,7.479265332221985e-05,6.047263741493225e-05,-5.103647708892822e-07,1.6987323760986328e-06,3.4868717193603516e-06,-8.940696716308594e-06,-1.5124678611755371e-05,-1.4007091522216797e-06,-2.175569534301758e-06,-1.519918441772461e-06,-6.708502769470215e-05,-4.297494888305664e-05,-1.341104507446289e-06,-1.1235475540161133e-05,-6.794929504394531e-06,4.789233207702637e-05,2.6881694793701172e-05]","[0.12090809643268585,-0.3179783523082733,1.0200392007827759]","[0.025952991098165512,0.023757847025990486,-0.6744332909584045,0.7374969720840454]","[0.00015041284495964646,-0.00027894697268493474,-0.0005551974172703922]","[0.003605398815125227,-0.0016200094250962138,0.0033288535196334124]","[-0.1599999964237213,-0.30000001192092896,0.7400000095367432]","[0.7070000171661377,0.7070000171661377,0.0,0.0]","[-0.049029022455215454,-0.19212867319583893,1.1109914779663086]","[0.1470482349395752,0.7014911770820618,0.6965509057044983,-0.03322155401110649]","[""right_finger2_link3"",""right_finger2_link4"",""right_finger3_link3"",""right_finger3_link4"",""right_finger4_link3"",""right_finger4_link4""]","[[0.002343282336369157,-0.2396349459886551,0.986472487449646],[0.004612423945218325,-0.23974357545375824,0.9570600986480713],[-0.026675032451748848,-0.24457554519176483,0.9860194325447083],[-0.025792287662625313,-0.24474619328975677,0.9565331339836121],[-0.05308980867266655,-0.2398485243320465,0.9865021109580994],[-0.054493602365255356,-0.23953774571418762,0.9570371508598328]]","[0.0,0.0,0.0,0.0,0.0,0.0]","[[0.0,0.0,0.0],[0.0,0.0,0.0],[0.0,0.0,0.0],[0.0,0.0,0.0],[0.0,0.0,0.0],[0.0,0.0,0.0]]",0.0,"[0.0,0.0,0.0]",0.0,"[0.0,0.0,0.0]",[],[],False,False,False,False,False,[],0.0018149122843760246,0.01972952511010319,6.512575076975172,0.03510736725862759,6.512575076975172,0.0,0.0,0,0,0,True,FRAME_JUMP,True
89,correction_1,FAILED,"[-0.04902919754385948,-0.1921280473470688,1.1109915971755981,2.882908344268799,0.15891112387180328,-1.5430166721343994,0.038881588727235794,-0.030383596196770668,-0.034136418253183365,-0.03010733425617218,-0.03264832869172096,-0.0551595501601696,-0.1415417641401291,-0.14049319922924042,-0.14468078315258026,-0.14709040522575378,0.36910322308540344,0.36573541164398193,0.36931464076042175,0.3637335002422333,0.3627814054489136,0.3633362948894501,0.3728921115398407,0.37108543515205383,0.3659211993217468,0.37116697430610657]","[-0.049019116908311844,-0.19217970967292786,1.1110317707061768,2.8825559616088867,0.15894357860088348,-1.5429998636245728,0.038880009204149246,-0.030385009944438934,-0.03416500985622406,-0.03003498911857605,-0.03258999437093735,-0.05515999346971512,-0.14153999090194702,-0.14048998057842255,-0.14468999207019806,-0.14710499346256256,0.36910131573677063,0.36573249101638794,0.36931121349334717,0.3636675179004669,0.3627399802207947,0.3633349537849426,0.3728812336921692,0.3710786998271942,0.3659687340259552,0.37119248509407043]","[-0.049019118701466774,-0.19217971644579906,1.1110317348816974,2.8825559180792415,0.1589435743175724,-1.5429998466092598,0.038880009204149246,-0.030385009944438934,-0.03416500985622406,-0.03003498911857605,-0.03258999437093735,-0.05515999346971512,-0.14153999090194702,-0.14048998057842255,-0.14468999207019806,-0.14710499346256256,0.36910131573677063,0.36573249101638794,0.36931121349334717,0.3636675179004669,0.3627399802207947,0.3633349537849426,0.3728812336921692,0.3710786998271942,0.3659687340259552,0.37119248509407043]","[1.008063554763794e-05,-5.1662325859069824e-05,4.017353057861328e-05,-0.0003523826599121094,3.2454729080200195e-05,1.6808509826660156e-05,-1.5795230865478516e-06,-1.4137476682662964e-06,-2.859160304069519e-05,7.234513759613037e-05,5.833432078361511e-05,-4.4330954551696777e-07,1.773238182067871e-06,3.2186508178710938e-06,-9.208917617797852e-06,-1.4588236808776855e-05,-1.9073486328125e-06,-2.9206275939941406e-06,-3.427267074584961e-06,-6.598234176635742e-05,-4.1425228118896484e-05,-1.341104507446289e-06,-1.0877847671508789e-05,-6.735324859619141e-06,4.7534704208374023e-05,2.5510787963867188e-05]","[0.12090741097927094,-0.3179788589477539,1.0200390815734863]","[0.02594553306698799,0.023750245571136475,-0.6744426488876343,0.7374889254570007]","[0.00012335821520537138,0.00020116381347179413,0.0010806478094309568]","[-0.00612499937415123,0.004840923007577658,-3.910222585545853e-05]","[-0.1599999964237213,-0.30000001192092896,0.7400000095367432]","[0.7070000171661377,0.7070000171661377,0.0,0.0]","[-0.04902906343340874,-0.192127987742424,1.1109914779663086]","[0.14704757928848267,0.7014912962913513,0.6965509653091431,-0.03322144225239754]","[""right_finger2_link3"",""right_finger2_link4"",""right_finger3_link3"",""right_finger3_link4"",""right_finger4_link3"",""right_finger4_link4""]","[[0.002343137050047517,-0.23963408172130585,0.9864723682403564],[0.004612245596945286,-0.23974262177944183,0.9570599794387817],[-0.026675164699554443,-0.24457477033138275,0.9860191941261292],[-0.025792429223656654,-0.2447453737258911,0.956532895565033],[-0.0530899278819561,-0.2398475855588913,0.9865019917488098],[-0.0544937439262867,-0.23953671753406525,0.9570370316505432]]","[0.0,0.0,0.0,0.0,0.0,0.0]","[[0.0,0.0,0.0],[0.0,0.0,0.0],[0.0,0.0,0.0],[0.0,0.0,0.0],[0.0,0.0,0.0],[0.0,0.0,0.0]]",0.0,"[0.0,0.0,0.0]",0.0,"[0.0,0.0,0.0]",[],[],False,False,False,False,False,[],0.0018158675358693754,0.01973024224310004,6.5107101135188925,0.035107668409850294,6.5107101135188925,0.0,0.0,0,0,0,True,FRAME_JUMP,True
90,correction_1,FAILED,"[-0.0490291565656662,-0.19212813675403595,1.1109915971755981,2.8829076290130615,0.15891070663928986,-1.5430165529251099,0.0388810932636261,-0.030384264886379242,-0.03413594141602516,-0.03010879084467888,-0.03264933452010155,-0.055159542709589005,-0.14154180884361267,-0.14049364626407623,-0.14468063414096832,-0.1470903754234314,0.3691027760505676,0.3657352328300476,0.36931368708610535,0.3637334406375885,0.36278122663497925,0.3633362948894501,0.37289223074913025,0.3710854947566986,0.36592090129852295,0.3711666464805603]","[-0.049019116908311844,-0.19217970967292786,1.1110317707061768,2.8825559616088867,0.15894357860088348,-1.5429998636245728,0.038880009204149246,-0.030385009944438934,-0.03416500985622406,-0.03003498911857605,-0.03258999437093735,-0.05515999346971512,-0.14153999090194702,-0.14048998057842255,-0.14468999207019806,-0.14710499346256256,0.36910131573677063,0.36573249101638794,0.36931121349334717,0.3636675179004669,0.3627399802207947,0.3633349537849426,0.3728812336921692,0.3710786998271942,0.3659687340259552,0.37119248509407043]","[-0.049019118701466774,-0.19217971644579906,1.1110317348816974,2.8825559180792415,0.1589435743175724,-1.5429998466092598,0.038880009204149246,-0.030385009944438934,-0.03416500985622406,-0.03003498911857605,-0.03258999437093735,-0.05515999346971512,-0.14153999090194702,-0.14048998057842255,-0.14468999207019806,-0.14710499346256256,0.36910131573677063,0.36573249101638794,0.36931121349334717,0.3636675179004669,0.3627399802207947,0.3633349537849426,0.3728812336921692,0.3710786998271942,0.3659687340259552,0.37119248509407043]","[1.0039657354354858e-05,-5.157291889190674e-05,4.017353057861328e-05,-0.0003516674041748047,3.287196159362793e-05,1.6689300537109375e-05,-1.084059476852417e-06,-7.450580596923828e-07,-2.9068440198898315e-05,7.380172610282898e-05,5.934014916419983e-05,-4.507601261138916e-07,1.817941665649414e-06,3.6656856536865234e-06,-9.357929229736328e-06,-1.461803913116455e-05,-1.4603137969970703e-06,-2.7418136596679688e-06,-2.473592758178711e-06,-6.592273712158203e-05,-4.124641418457031e-05,-1.341104507446289e-06,-1.099705696105957e-05,-6.794929504394531e-06,4.7832727432250977e-05,2.5838613510131836e-05]","[0.12090790271759033,-0.31797975301742554,1.0200355052947998]","[0.0259507205337286,0.023755695670843124,-0.6744349598884583,0.737495481967926]","[4.054575038026087e-05,-0.0003530594694893807,0.0001251452777069062]","[-0.0005167810013517737,0.000467848964035511,0.00014579437265638262]","[-0.1599999964237213,-0.30000001192092896,0.7400000095367432]","[0.7070000171661377,0.7070000171661377,0.0,0.0]","[-0.049029022455215454,-0.19212807714939117,1.1109914779663086]","[0.1470477283000946,0.7014913558959961,0.6965507864952087,-0.03322181478142738]","[""right_finger2_link3"",""right_finger2_link4"",""right_finger3_link3"",""right_finger3_link4"",""right_finger4_link3"",""right_finger4_link4""]","[[0.0023431286681443453,-0.23963433504104614,0.986472487449646],[0.004612235352396965,-0.2397429347038269,0.9570600986480713],[-0.026675185188651085,-0.2445749193429947,0.9860193133354187],[-0.025792468339204788,-0.24474555253982544,0.9565330147743225],[-0.053089939057826996,-0.23984785377979279,0.9865021109580994],[-0.05449375510215759,-0.2395370453596115,0.9570371508598328]]","[0.0,0.0,0.0,0.0,0.0,0.0]","[[0.0,0.0,0.0],[0.0,0.0,0.0],[0.0,0.0,0.0],[0.0,0.0,0.0],[0.0,0.0,0.0],[0.0,0.0,0.0]]",0.0,"[0.0,0.0,0.0]",0.0,"[0.0,0.0,0.0]",[],[],False,False,False,False,False,[],0.0018113417284880695,0.019731082348471873,6.5121519955045954,0.03510508447683295,6.5121519955045954,0.0,0.0,0,0,0,True,FRAME_JUMP,True
91,correction_1,FAILED,"[-0.049029070883989334,-0.19212836027145386,1.1109915971755981,2.882906198501587,0.15891091525554657,-1.5430165529251099,0.0388815775513649,-0.03038383647799492,-0.03413694351911545,-0.03010641038417816,-0.03264748305082321,-0.05515950173139572,-0.14154185354709625,-0.1404929906129837,-0.14468048512935638,-0.14709074795246124,0.36910346150398254,0.3657355308532715,0.3693144917488098,0.36373206973075867,0.3627804219722748,0.3633362948894501,0.3728924095630646,0.37108543515205383,0.3659214377403259,0.37116771936416626]","[-0.049019116908311844,-0.19217970967292786,1.1110317707061768,2.8825559616088867,0.15894357860088348,-1.5429998636245728,0.038880009204149246,-0.030385009944438934,-0.03416500985622406,-0.03003498911857605,-0.03258999437093735,-0.05515999346971512,-0.14153999090194702,-0.14048998057842255,-0.14468999207019806,-0.14710499346256256,0.36910131573677063,0.36573249101638794,0.36931121349334717,0.3636675179004669,0.3627399802207947,0.3633349537849426,0.3728812336921692,0.3710786998271942,0.3659687340259552,0.37119248509407043]","[-0.049019118701466774,-0.19217971644579906,1.1110317348816974,2.8825559180792415,0.1589435743175724,-1.5429998466092598,0.038880009204149246,-0.030385009944438934,-0.03416500985622406,-0.03003498911857605,-0.03258999437093735,-0.05515999346971512,-0.14153999090194702,-0.14048998057842255,-0.14468999207019806,-0.14710499346256256,0.36910131573677063,0.36573249101638794,0.36931121349334717,0.3636675179004669,0.3627399802207947,0.3633349537849426,0.3728812336921692,0.3710786998271942,0.3659687340259552,0.37119248509407043]","[9.953975677490234e-06,-5.1349401473999023e-05,4.017353057861328e-05,-0.0003502368927001953,3.266334533691406e-05,1.6689300537109375e-05,-1.5683472156524658e-06,-1.173466444015503e-06,-2.806633710861206e-05,7.142126560211182e-05,5.748867988586426e-05,-4.917383193969727e-07,1.862645149230957e-06,3.0100345611572266e-06,-9.506940841674805e-06,-1.424551010131836e-05,-2.1457672119140625e-06,-3.039836883544922e-06,-3.2782554626464844e-06,-6.455183029174805e-05,-4.044175148010254e-05,-1.341104507446289e-06,-1.1175870895385742e-05,-6.735324859619141e-06,4.729628562927246e-05,2.4765729904174805e-05]","[0.12090758979320526,-0.31798049807548523,1.0200353860855103]","[0.025942998006939888,0.023748094215989113,-0.6744446158409119,0.737487256526947]","[-0.00020811744616366923,0.001026904210448265,-0.0001487512927269563]","[0.0002927039749920368,-0.0010741190053522587,-0.0009452401427552104]","[-0.1599999964237213,-0.30000001192092896,0.7400000095367432]","[0.7070000171661377,0.7070000171661377,0.0,0.0]","[-0.04902893304824829,-0.19212830066680908,1.1109914779663086]","[0.1470482498407364,0.7014913558959961,0.6965507864952087,-0.03322206065058708]","[""right_finger2_link3"",""right_finger2_link4"",""right_finger3_link3"",""right_finger3_link4"",""right_finger4_link3"",""right_finger4_link4""]","[[0.0023432555608451366,-0.2396346777677536,0.986472487449646],[0.004612368997186422,-0.23974327743053436,0.9570600986480713],[-0.026675047352910042,-0.24457533657550812,0.986019492149353],[-0.025792308151721954,-0.24474601447582245,0.9565331935882568],[-0.05308979004621506,-0.2398480921983719,0.9865021109580994],[-0.05449359491467476,-0.2395372986793518,0.9570371508598328]]","[0.0,0.0,0.0,0.0,0.0,0.0]","[[0.0,0.0,0.0],[0.0,0.0,0.0],[0.0,0.0,0.0],[0.0,0.0,0.0],[0.0,0.0,0.0],[0.0,0.0,0.0]]",0.0,"[0.0,0.0,0.0]",0.0,"[0.0,0.0,0.0]",[],[],False,False,False,False,False,[],0.0018123342898042072,0.019731894437395696,6.51024237543891,0.03510543905172749,6.51024237543891,0.0,0.0,0,0,0,True,FRAME_JUMP,True
92,correction_1,FAILED,"[-0.04902900755405426,-0.1921282708644867,1.1109915971755981,2.8829050064086914,0.1589110642671585,-1.5430165529251099,0.03888129070401192,-0.03038441389799118,-0.034136757254600525,-0.03010733053088188,-0.03264830261468887,-0.05515946075320244,-0.1415417641401291,-0.1404930055141449,-0.14468039572238922,-0.14709098637104034,0.36910322308540344,0.36573511362075806,0.3693138659000397,0.36373206973075867,0.3627801835536957,0.3633362948894501,0.3728923499584198,0.3710857629776001,0.3659213185310364,0.3711676597595215]","[-0.049019116908311844,-0.19217970967292786,1.1110317707061768,2.8825559616088867,0.15894357860088348,-1.5429998636245728,0.038880009204149246,-0.030385009944438934,-0.03416500985622406,-0.03003498911857605,-0.03258999437093735,-0.05515999346971512,-0.14153999090194702,-0.14048998057842255,-0.14468999207019806,-0.14710499346256256,0.36910131573677063,0.36573249101638794,0.36931121349334717,0.3636675179004669,0.3627399802207947,0.3633349537849426,0.3728812336921692,0.3710786998271942,0.3659687340259552,0.37119248509407043]","[-0.049019118701466774,-0.19217971644579906,1.1110317348816974,2.8825559180792415,0.1589435743175724,-1.5429998466092598,0.038880009204149246,-0.030385009944438934,-0.03416500985622406,-0.03003498911857605,-0.03258999437093735,-0.05515999346971512,-0.14153999090194702,-0.14048998057842255,-0.14468999207019806,-0.14710499346256256,0.36910131573677063,0.36573249101638794,0.36931121349334717,0.3636675179004669,0.3627399802207947,0.3633349537849426,0.3728812336921692,0.3710786998271942,0.3659687340259552,0.37119248509407043]","[9.890645742416382e-06,-5.143880844116211e-05,4.017353057861328e-05,-0.0003490447998046875,3.2514333724975586e-05,1.6689300537109375e-05,-1.2814998626708984e-06,-5.960464477539062e-07,-2.8252601623535156e-05,7.234141230583191e-05,5.830824375152588e-05,-5.327165126800537e-07,1.773238182067871e-06,3.0249357223510742e-06,-9.59634780883789e-06,-1.4007091522216797e-05,-1.9073486328125e-06,-2.6226043701171875e-06,-2.652406692504883e-06,-6.455183029174805e-05,-4.0203332901000977e-05,-1.341104507446289e-06,-1.1116266250610352e-05,-7.063150405883789e-06,4.741549491882324e-05,2.4825334548950195e-05]","[0.12090744078159332,-0.31798094511032104,1.0200366973876953]","[0.025938039645552635,0.023742979392409325,-0.6744509935379028,0.7374817132949829]","[0.00021529177320189774,0.0003562325146049261,-0.000386716186767444]","[0.0018493675161153078,-0.0010924885282292962,-6.209358252817765e-05]","[-0.1599999964237213,-0.30000001192092896,0.7400000095367432]","[0.7070000171661377,0.7070000171661377,0.0,0.0]","[-0.049028873443603516,-0.19212821125984192,1.1109914779663086]","[0.14704877138137817,0.7014911770820618,0.6965507864952087,-0.03322260081768036]","[""right_finger2_link3"",""right_finger2_link4"",""right_finger3_link3"",""right_finger3_link4"",""right_finger4_link3"",""right_finger4_link4""]","[[0.00234332331456244,-0.23963476717472076,0.9864725470542908],[0.00461244024336338,-0.2397434562444687,0.9570601582527161],[-0.02667497843503952,-0.24457542598247528,0.9860196113586426],[-0.02579224482178688,-0.2447461634874344,0.9565333127975464],[-0.053089726716279984,-0.23984822630882263,0.9865022301673889],[-0.05449353903532028,-0.23953749239444733,0.9570372700691223]]","[0.0,0.0,0.0,0.0,0.0,0.0]","[[0.0,0.0,0.0],[0.0,0.0,0.0],[0.0,0.0,0.0],[0.0,0.0,0.0],[0.0,0.0,0.0],[0.0,0.0,0.0]]",0.0,"[0.0,0.0,0.0]",0.0,"[0.0,0.0,0.0]",[],[],False,False,False,False,False,[],0.0018143911631849363,0.019732301843375318,6.5089775177486775,0.03510678861837412,6.5089775177486775,0.0,0.0,0,0,0,True,FRAME_JUMP,True
93,correction_1,FAILED,"[-0.04902881383895874,-0.192127987742424,1.1109915971755981,2.882906913757324,0.15891136229038239,-1.5430165529251099,0.038881413638591766,-0.030384110286831856,-0.034136850386857986,-0.030106864869594574,-0.03264794498682022,-0.05515948683023453,-0.14154188334941864,-0.14049257338047028,-0.14468038082122803,-0.14709113538265228,0.3691036105155945,0.3657356798648834,0.3693145215511322,0.36373257637023926,0.36278000473976135,0.3633362948894501,0.37289249897003174,0.37108519673347473,0.3659214973449707,0.371167927980423]","[-0.049019116908311844,-0.19217970967292786,1.1110317707061768,2.8825559616088867,0.15894357860088348,-1.5429998636245728,0.038880009204149246,-0.030385009944438934,-0.03416500985622406,-0.03003498911857605,-0.03258999437093735,-0.05515999346971512,-0.14153999090194702,-0.14048998057842255,-0.14468999207019806,-0.14710499346256256,0.36910131573677063,0.36573249101638794,0.36931121349334717,0.3636675179004669,0.3627399802207947,0.3633349537849426,0.3728812336921692,0.3710786998271942,0.3659687340259552,0.37119248509407043]","[-0.049019118701466774,-0.19217971644579906,1.1110317348816974,2.8825559180792415,0.1589435743175724,-1.5429998466092598,0.038880009204149246,-0.030385009944438934,-0.03416500985622406,-0.03003498911857605,-0.03258999437093735,-0.05515999346971512,-0.14153999090194702,-0.14048998057842255,-0.14468999207019806,-0.14710499346256256,0.36910131573677063,0.36573249101638794,0.36931121349334717,0.3636675179004669,0.3627399802207947,0.3633349537849426,0.3728812336921692,0.3710786998271942,0.3659687340259552,0.37119248509407043]","[9.696930646896362e-06,-5.1721930503845215e-05,4.017353057861328e-05,-0.0003509521484375,3.221631050109863e-05,1.6689300537109375e-05,-1.4044344425201416e-06,-8.996576070785522e-07,-2.815946936607361e-05,7.187575101852417e-05,5.7950615882873535e-05,-5.066394805908203e-07,1.8924474716186523e-06,2.592802047729492e-06,-9.611248970031738e-06,-1.385807991027832e-05,-2.294778823852539e-06,-3.1888484954833984e-06,-3.3080577850341797e-06,-6.505846977233887e-05,-4.0024518966674805e-05,-1.341104507446289e-06,-1.1265277862548828e-05,-6.496906280517578e-06,4.723668098449707e-05,2.4557113647460938e-05]","[0.12090779095888138,-0.3179803490638733,1.020035743713379]","[0.02594473585486412,0.023749105632305145,-0.6744421124458313,0.7374894618988037]","[-0.00010540262155700475,0.00040341741987504065,-0.0007617360097356141]","[0.0034192223101854324,-0.002566294278949499,-0.0004838591266889125]","[-0.1599999964237213,-0.30000001192092896,0.7400000095367432]","[0.7070000171661377,0.7070000171661377,0.0,0.0]","[-0.0490286760032177,-0.19212792813777924,1.1109914779663086]","[0.14704811573028564,0.7014913558959961,0.6965507864952087,-0.03322166949510574]","[""right_finger2_link3"",""right_finger2_link4"",""right_finger3_link3"",""right_finger3_link4"",""right_finger4_link3"",""right_finger4_link4""]","[[0.0023435628972947598,-0.2396342009305954,0.986472487449646],[0.004612687975168228,-0.23974278569221497,0.9570600986480713],[-0.026674721390008926,-0.24457485973834991,0.9860194325447083],[-0.025791963562369347,-0.24474549293518066,0.9565331339836121],[-0.05308948829770088,-0.23984766006469727,0.9865021109580994],[-0.05449328199028969,-0.2395368367433548,0.9570371508598328]]","[0.0,0.0,0.0,0.0,0.0,0.0]","[[0.0,0.0,0.0],[0.0,0.0,0.0],[0.0,0.0,0.0],[0.0,0.0,0.0],[0.0,0.0,0.0],[0.0,0.0,0.0]]",0.0,"[0.0,0.0,0.0]",0.0,"[0.0,0.0,0.0]",[],[],False,False,False,False,False,[],0.0018123418539041092,0.019731668151482272,6.51068203666047,0.035105617479804646,6.51068203666047,0.0,0.0,0,0,0,True,FRAME_JUMP,True
94,correction_1,FAILED,"[-0.049028728157281876,-0.19212834537029266,1.1109915971755981,2.882906675338745,0.15891161561012268,-1.5430165529251099,0.038881566375494,-0.030383724719285965,-0.0341372936964035,-0.030105402693152428,-0.03264673799276352,-0.05515950545668602,-0.14154186844825745,-0.14049206674098969,-0.14468041062355042,-0.14709147810935974,0.3691035509109497,0.3657356798648834,0.36931532621383667,0.3637322187423706,0.3627793490886688,0.3633362948894501,0.3728926181793213,0.3710853159427643,0.3659217953681946,0.3711686432361603]","[-0.049019116908311844,-0.19217970967292786,1.1110317707061768,2.8825559616088867,0.15894357860088348,-1.5429998636245728,0.038880009204149246,-0.030385009944438934,-0.03416500985622406,-0.03003498911857605,-0.03258999437093735,-0.05515999346971512,-0.14153999090194702,-0.14048998057842255,-0.14468999207019806,-0.14710499346256256,0.36910131573677063,0.36573249101638794,0.36931121349334717,0.3636675179004669,0.3627399802207947,0.3633349537849426,0.3728812336921692,0.3710786998271942,0.3659687340259552,0.37119248509407043]","[-0.049019118701466774,-0.19217971644579906,1.1110317348816974,2.8825559180792415,0.1589435743175724,-1.5429998466092598,0.038880009204149246,-0.030385009944438934,-0.03416500985622406,-0.03003498911857605,-0.03258999437093735,-0.05515999346971512,-0.14153999090194702,-0.14048998057842255,-0.14468999207019806,-0.14710499346256256,0.36910131573677063,0.36573249101638794,0.36931121349334717,0.3636675179004669,0.3627399802207947,0.3633349537849426,0.3728812336921692,0.3710786998271942,0.3659687340259552,0.37119248509407043]","[9.611248970031738e-06,-5.136430263519287e-05,4.017353057861328e-05,-0.00035071372985839844,3.196299076080322e-05,1.6689300537109375e-05,-1.55717134475708e-06,-1.2852251529693604e-06,-2.771615982055664e-05,7.041357457637787e-05,5.6743621826171875e-05,-4.880130290985107e-07,1.8775463104248047e-06,2.086162567138672e-06,-9.581446647644043e-06,-1.3515353202819824e-05,-2.2351741790771484e-06,-3.1888484954833984e-06,-4.112720489501953e-06,-6.470084190368652e-05,-3.936886787414551e-05,-1.341104507446289e-06,-1.138448715209961e-05,-6.616115570068359e-06,4.693865776062012e-05,2.384185791015625e-05]","[0.12090780586004257,-0.3179807662963867,1.0200364589691162]","[0.025937901809811592,0.023742960765957832,-0.6744506359100342,0.7374821305274963]","[5.7624543842393905e-05,0.0006096428842283785,-0.0005680711474269629]","[0.0016891495324671268,-0.0024951519444584846,0.0007806387729942799]","[-0.1599999964237213,-0.30000001192092896,0.7400000095367432]","[0.7070000171661377,0.7070000171661377,0.0,0.0]","[-0.04902859032154083,-0.1921282857656479,1.1109914779663086]","[0.14704838395118713,0.7014912366867065,0.6965507864952087,-0.033221662044525146]","[""right_finger2_link3"",""right_finger2_link4"",""right_finger3_link3"",""right_finger3_link4"",""right_finger4_link3"",""right_finger4_link4""]","[[0.0023437044583261013,-0.23963458836078644,0.986472487449646],[0.004612836521118879,-0.239743173122406,0.9570600986480713],[-0.0266745463013649,-0.24457527697086334,0.986019492149353],[-0.025791756808757782,-0.2447459101676941,0.9565331935882568],[-0.05308931693434715,-0.23984798789024353,0.9865021109580994],[-0.054493095725774765,-0.23953714966773987,0.9570371508598328]]","[0.0,0.0,0.0,0.0,0.0,0.0]","[[0.0,0.0,0.0],[0.0,0.0,0.0],[0.0,0.0,0.0],[0.0,0.0,0.0],[0.0,0.0,0.0],[0.0,0.0,0.0]]",0.0,"[0.0,0.0,0.0]",0.0,"[0.0,0.0,0.0]",[],[],False,False,False,False,False,[],0.001814071231589498,0.019732019725882073,6.509018359663316,0.03510642631207259,6.509018359663316,0.0,0.0,0,0,0,True,FRAME_JUMP,True
95,correction_1,FAILED,"[-0.0490286648273468,-0.19212840497493744,1.1109915971755981,2.882906913757324,0.15891128778457642,-1.5430165529251099,0.03888092562556267,-0.030384834855794907,-0.03413647413253784,-0.030108105391263962,-0.03264893963932991,-0.05515948310494423,-0.14154179394245148,-0.14049285650253296,-0.14468024671077728,-0.1470905989408493,0.3691032826900482,0.36573463678359985,0.3693140149116516,0.3637325167655945,0.3627799153327942,0.3633362948894501,0.37289273738861084,0.3710855543613434,0.36592116951942444,0.37116819620132446]","[-0.049019116908311844,-0.19217970967292786,1.1110317707061768,2.8825559616088867,0.15894357860088348,-1.5429998636245728,0.038880009204149246,-0.030385009944438934,-0.03416500985622406,-0.03003498911857605,-0.03258999437093735,-0.05515999346971512,-0.14153999090194702,-0.14048998057842255,-0.14468999207019806,-0.14710499346256256,0.36910131573677063,0.36573249101638794,0.36931121349334717,0.3636675179004669,0.3627399802207947,0.3633349537849426,0.3728812336921692,0.3710786998271942,0.3659687340259552,0.37119248509407043]","[-0.049019118701466774,-0.19217971644579906,1.1110317348816974,2.8825559180792415,0.1589435743175724,-1.5429998466092598,0.038880009204149246,-0.030385009944438934,-0.03416500985622406,-0.03003498911857605,-0.03258999437093735,-0.05515999346971512,-0.14153999090194702,-0.14048998057842255,-0.14468999207019806,-0.14710499346256256,0.36910131573677063,0.36573249101638794,0.36931121349334717,0.3636675179004669,0.3627399802207947,0.3633349537849426,0.3728812336921692,0.3710786998271942,0.3659687340259552,0.37119248509407043]","[9.547919034957886e-06,-5.130469799041748e-05,4.017353057861328e-05,-0.0003509521484375,3.229081630706787e-05,1.6689300537109375e-05,-9.164214134216309e-07,-1.7508864402770996e-07,-2.8535723686218262e-05,7.311627268791199e-05,5.8945268392562866e-05,-5.103647708892822e-07,1.8030405044555664e-06,2.8759241104125977e-06,-9.745359420776367e-06,-1.4394521713256836e-05,-1.9669532775878906e-06,-2.1457672119140625e-06,-2.8014183044433594e-06,-6.499886512756348e-05,-3.993511199951172e-05,-1.341104507446289e-06,-1.150369644165039e-05,-6.854534149169922e-06,4.756450653076172e-05,2.428889274597168e-05]","[0.12090809643268585,-0.3179805874824524,1.020035743713379]","[0.02594560757279396,0.02374964766204357,-0.6744407415390015,0.7374905347824097]","[0.00014180492144078016,-0.00046456913696601987,-0.00028391650994308293]","[0.0016237226082012057,-0.001162944477982819,-0.0010713404044508934]","[-0.1599999964237213,-0.30000001192092896,0.7400000095367432]","[0.7070000171661377,0.7070000171661377,0.0,0.0]","[-0.04902852699160576,-0.19212834537029266,1.1109914779663086]","[0.14704811573028564,0.7014913558959961,0.6965507864952087,-0.03322166949510574]","[""right_finger2_link3"",""right_finger2_link4"",""right_finger3_link3"",""right_finger3_link4"",""right_finger4_link3"",""right_finger4_link4""]","[[0.0023437151685357094,-0.23963463306427002,0.986472487449646],[0.004612848628312349,-0.23974327743053436,0.9570600986480713],[-0.02667457051575184,-0.24457526206970215,0.986019492149353],[-0.025791814550757408,-0.24474592506885529,0.9565331935882568],[-0.05308932811021805,-0.23984812200069427,0.9865021109580994],[-0.05449311435222626,-0.2395373284816742,0.9570371508598328]]","[0.0,0.0,0.0,0.0,0.0,0.0]","[[0.0,0.0,0.0],[0.0,0.0,0.0],[0.0,0.0,0.0],[0.0,0.0,0.0],[0.0,0.0,0.0],[0.0,0.0,0.0]]",0.0,"[0.0,0.0,0.0]",0.0,"[0.0,0.0,0.0]",[],[],False,False,False,False,False,[],0.0018121594631143045,0.019731786245551764,6.5109101155259825,0.03510568385658213,6.5109101155259825,0.0,0.0,0,0,0,True,FRAME_JUMP,True
96,correction_1,FAILED,"[-0.04902861639857292,-0.19212815165519714,1.1109915971755981,2.882904529571533,0.15891174972057343,-1.5430165529251099,0.03888149559497833,-0.030383719131350517,-0.034137140959501266,-0.03010568395256996,-0.03264690563082695,-0.05515957996249199,-0.14154170453548431,-0.14049223065376282,-0.1446802318096161,-0.14709115028381348,0.3691035807132721,0.36573565006256104,0.36931538581848145,0.36373230814933777,0.36278024315834045,0.3633362948894501,0.3728925585746765,0.37108534574508667,0.3659217953681946,0.37116917967796326]","[-0.049019116908311844,-0.19217970967292786,1.1110317707061768,2.8825559616088867,0.15894357860088348,-1.5429998636245728,0.038880009204149246,-0.030385009944438934,-0.03416500985622406,-0.03003498911857605,-0.03258999437093735,-0.05515999346971512,-0.14153999090194702,-0.14048998057842255,-0.14468999207019806,-0.14710499346256256,0.36910131573677063,0.36573249101638794,0.36931121349334717,0.3636675179004669,0.3627399802207947,0.3633349537849426,0.3728812336921692,0.3710786998271942,0.3659687340259552,0.37119248509407043]","[-0.049019118701466774,-0.19217971644579906,1.1110317348816974,2.8825559180792415,0.1589435743175724,-1.5429998466092598,0.038880009204149246,-0.030385009944438934,-0.03416500985622406,-0.03003498911857605,-0.03258999437093735,-0.05515999346971512,-0.14153999090194702,-0.14048998057842255,-0.14468999207019806,-0.14710499346256256,0.36910131573677063,0.36573249101638794,0.36931121349334717,0.3636675179004669,0.3627399802207947,0.3633349537849426,0.3728812336921692,0.3710786998271942,0.3659687340259552,0.37119248509407043]","[9.499490261077881e-06,-5.155801773071289e-05,4.017353057861328e-05,-0.0003485679626464844,3.1828880310058594e-05,1.6689300537109375e-05,-1.4863908290863037e-06,-1.2908130884170532e-06,-2.786889672279358e-05,7.069483399391174e-05,5.691125988960266e-05,-4.1350722312927246e-07,1.7136335372924805e-06,2.250075340270996e-06,-9.760260581970215e-06,-1.3843178749084473e-05,-2.2649765014648438e-06,-3.159046173095703e-06,-4.172325134277344e-06,-6.479024887084961e-05,-4.026293754577637e-05,-1.341104507446289e-06,-1.1324882507324219e-05,-6.645917892456055e-06,4.693865776062012e-05,2.3305416107177734e-05]","[0.12090785801410675,-0.31798091530799866,1.0200365781784058]","[0.02593856304883957,0.02374269813299179,-0.674449622631073,0.7374829649925232]","[5.2587893151212484e-05,-0.0008215915877372026,-0.0010313556995242834]","[0.0064222123473882675,-0.0029031827580183744,0.0007158580119721591]","[-0.1599999964237213,-0.30000001192092896,0.7400000095367432]","[0.7070000171661377,0.7070000171661377,0.0,0.0]","[-0.04902848228812218,-0.19212809205055237,1.1109914779663086]","[0.14704914391040802,0.7014910578727722,0.6965507864952087,-0.033222440630197525]","[""right_finger2_link3"",""right_finger2_link4"",""right_finger3_link3"",""right_finger3_link4"",""right_finger4_link3"",""right_finger4_link4""]","[[0.002343802945688367,-0.2396346628665924,0.9864725470542908],[0.004612931981682777,-0.23974330723285675,0.9570601582527161],[-0.026674453169107437,-0.2445753663778305,0.9860196113586426],[-0.025791674852371216,-0.24474607408046722,0.9565333127975464],[-0.053089212626218796,-0.23984810709953308,0.9865022301673889],[-0.05449298769235611,-0.2395373284816742,0.9570372700691223]]","[0.0,0.0,0.0,0.0,0.0,0.0]","[[0.0,0.0,0.0],[0.0,0.0,0.0],[0.0,0.0,0.0],[0.0,0.0,0.0],[0.0,0.0,0.0],[0.0,0.0,0.0]]",0.0,"[0.0,0.0,0.0]",0.0,"[0.0,0.0,0.0]",[],[],False,False,False,False,False,[],0.001814021028850643,0.019732135682998777,6.509158532359662,0.03510659335669057,6.509158532359662,0.0,0.0,0,0,0,True,FRAME_JUMP,True
97,correction_1,FAILED,"[-0.04902857542037964,-0.19212830066680908,1.1109915971755981,2.8829047679901123,0.15891127288341522,-1.5430165529251099,0.03888089582324028,-0.030384937301278114,-0.03413640335202217,-0.03010828234255314,-0.03264904394745827,-0.05515948310494423,-0.14154209196567535,-0.14049294590950012,-0.14468003809452057,-0.1470905989408493,0.36910340189933777,0.3657347857952118,0.36931362748146057,0.36373263597488403,0.3627800941467285,0.3633362948894501,0.37289267778396606,0.3710854947566986,0.36592116951942444,0.3711685836315155]","[-0.049019116908311844,-0.19217970967292786,1.1110317707061768,2.8825559616088867,0.15894357860088348,-1.5429998636245728,0.038880009204149246,-0.030385009944438934,-0.03416500985622406,-0.03003498911857605,-0.03258999437093735,-0.05515999346971512,-0.14153999090194702,-0.14048998057842255,-0.14468999207019806,-0.14710499346256256,0.36910131573677063,0.36573249101638794,0.36931121349334717,0.3636675179004669,0.3627399802207947,0.3633349537849426,0.3728812336921692,0.3710786998271942,0.3659687340259552,0.37119248509407043]","[-0.049019118701466774,-0.19217971644579906,1.1110317348816974,2.8825559180792415,0.1589435743175724,-1.5429998466092598,0.038880009204149246,-0.030385009944438934,-0.03416500985622406,-0.03003498911857605,-0.03258999437093735,-0.05515999346971512,-0.14153999090194702,-0.14048998057842255,-0.14468999207019806,-0.14710499346256256,0.36910131573677063,0.36573249101638794,0.36931121349334717,0.3636675179004669,0.3627399802207947,0.3633349537849426,0.3728812336921692,0.3710786998271942,0.3659687340259552,0.37119248509407043]","[9.4585120677948e-06,-5.1409006118774414e-05,4.017353057861328e-05,-0.00034880638122558594,3.230571746826172e-05,1.6689300537109375e-05,-8.866190910339355e-07,-7.264316082000732e-08,-2.8606504201889038e-05,7.329322397708893e-05,5.90495765209198e-05,-5.103647708892822e-07,2.1010637283325195e-06,2.9653310775756836e-06,-9.953975677490234e-06,-1.4394521713256836e-05,-2.086162567138672e-06,-2.294778823852539e-06,-2.4139881134033203e-06,-6.511807441711426e-05,-4.011392593383789e-05,-1.341104507446289e-06,-1.1444091796875e-05,-6.794929504394531e-06,4.756450653076172e-05,2.390146255493164e-05]","[0.12090802192687988,-0.3179808259010315,1.020036220550537]","[0.02594650536775589,0.023749439045786858,-0.6744393706321716,0.7374919056892395]","[0.0002649618254508823,-0.00044443251681514084,-0.00019549716671463102]","[0.001323151751421392,-0.0004118265933357179,0.0019045231165364385]","[-0.1599999964237213,-0.30000001192092896,0.7400000095367432]","[0.7070000171661377,0.7070000171661377,0.0,0.0]","[-0.049028441309928894,-0.1921282410621643,1.1109914779663086]","[0.14704887568950653,0.7014911770820618,0.6965507864952087,-0.033222462981939316]","[""right_finger2_link3"",""right_finger2_link4"",""right_finger3_link3"",""right_finger3_link4"",""right_finger4_link3"",""right_finger4_link4""]","[[0.002343794796615839,-0.23963482677936554,0.9864725470542908],[0.004612921271473169,-0.23974354565143585,0.9570601582527161],[-0.026674482971429825,-0.24457544088363647,0.9860196113586426],[-0.025791728869080544,-0.24474617838859558,0.9565333127975464],[-0.053089242428541183,-0.2398483157157898,0.9865022301673889],[-0.05449302867054939,-0.23953759670257568,0.9570372700691223]]","[0.0,0.0,0.0,0.0,0.0,0.0]","[[0.0,0.0,0.0],[0.0,0.0,0.0],[0.0,0.0,0.0],[0.0,0.0,0.0],[0.0,0.0,0.0],[0.0,0.0,0.0]]",0.0,"[0.0,0.0,0.0]",0.0,"[0.0,0.0,0.0]",[],[],False,False,False,False,False,[],0.0018123911790735026,0.019732012511285077,6.511121199209657,0.0351062185171395,6.511121199209657,0.0,0.0,0,0,0,True,FRAME_JUMP,True
98,correction_1,FAILED,"[-0.049028534442186356,-0.1921280026435852,1.1109915971755981,2.8829054832458496,0.1589117795228958,-1.5430165529251099,0.038881562650203705,-0.030383726581931114,-0.0341370552778244,-0.030105924233794212,-0.032647036015987396,-0.055159565061330795,-0.14154192805290222,-0.14049239456653595,-0.1446804255247116,-0.1470911055803299,0.3691038489341736,0.3657357692718506,0.3693152368068695,0.3637325167655945,0.36278146505355835,0.3633362948894501,0.37289249897003174,0.3710852265357971,0.36592164635658264,0.3711693584918976]","[-0.049019116908311844,-0.19217970967292786,1.1110317707061768,2.8825559616088867,0.15894357860088348,-1.5429998636245728,0.038880009204149246,-0.030385009944438934,-0.03416500985622406,-0.03003498911857605,-0.03258999437093735,-0.05515999346971512,-0.14153999090194702,-0.14048998057842255,-0.14468999207019806,-0.14710499346256256,0.36910131573677063,0.36573249101638794,0.36931121349334717,0.3636675179004669,0.3627399802207947,0.3633349537849426,0.3728812336921692,0.3710786998271942,0.3659687340259552,0.37119248509407043]","[-0.049019118701466774,-0.19217971644579906,1.1110317348816974,2.8825559180792415,0.1589435743175724,-1.5429998466092598,0.038880009204149246,-0.030385009944438934,-0.03416500985622406,-0.03003498911857605,-0.03258999437093735,-0.05515999346971512,-0.14153999090194702,-0.14048998057842255,-0.14468999207019806,-0.14710499346256256,0.36910131573677063,0.36573249101638794,0.36931121349334717,0.3636675179004669,0.3627399802207947,0.3633349537849426,0.3728812336921692,0.3710786998271942,0.3659687340259552,0.37119248509407043]","[9.417533874511719e-06,-5.170702934265137e-05,4.017353057861328e-05,-0.0003495216369628906,3.17990779876709e-05,1.6689300537109375e-05,-1.5534460544586182e-06,-1.2833625078201294e-06,-2.7954578399658203e-05,7.093511521816254e-05,5.704164505004883e-05,-4.284083843231201e-07,1.9371509552001953e-06,2.4139881134033203e-06,-9.566545486450195e-06,-1.3887882232666016e-05,-2.5331974029541016e-06,-3.2782554626464844e-06,-4.023313522338867e-06,-6.499886512756348e-05,-4.1484832763671875e-05,-1.341104507446289e-06,-1.1265277862548828e-05,-6.5267086029052734e-06,4.7087669372558594e-05,2.3126602172851562e-05]","[0.12090779095888138,-0.31798115372657776,1.0200365781784058]","[0.025938987731933594,0.023742269724607468,-0.6744486093521118,0.7374839782714844]","[0.00014227358042262495,0.00015907494525890797,0.001111975871026516]","[-0.0062730321660637856,0.005000258330255747,-0.0004307326744310558]","[-0.1599999964237213,-0.30000001192092896,0.7400000095367432]","[0.7070000171661377,0.7070000171661377,0.0,0.0]","[-0.04902839660644531,-0.19212794303894043,1.1109914779663086]","[0.14704877138137817,0.7014912366867065,0.6965507864952087,-0.03322205692529678]","[""right_finger2_link3"",""right_finger2_link4"",""right_finger3_link3"",""right_finger3_link4"",""right_finger4_link3"",""right_finger4_link4""]","[[0.0023438953794538975,-0.23963437974452972,0.9864725470542908],[0.004613025113940239,-0.23974297940731049,0.9570601582527161],[-0.026674367487430573,-0.24457505345344543,0.986019492149353],[-0.025791585445404053,-0.24474573135375977,0.9565331935882568],[-0.053089141845703125,-0.2398478090763092,0.9865022301673889],[-0.054492924362421036,-0.23953700065612793,0.9570372700691223]]","[0.0,0.0,0.0,0.0,0.0,0.0]","[[0.0,0.0,0.0],[0.0,0.0,0.0],[0.0,0.0,0.0],[0.0,0.0,0.0],[0.0,0.0,0.0],[0.0,0.0,0.0]]",0.0,"[0.0,0.0,0.0]",0.0,"[0.0,0.0,0.0]",[],[],False,False,False,False,False,[],0.0018138181837691336,0.019732382303846472,6.509288944500334,0.03510673197386664,6.509288944500334,0.0,0.0,0,0,0,True,FRAME_JUMP,True
99,correction_1,FAILED,"[-0.04902847483754158,-0.19212821125984192,1.1109915971755981,2.8829076290130615,0.15891143679618835,-1.5430164337158203,0.03888101130723953,-0.03038448467850685,-0.03413604944944382,-0.030108537524938583,-0.032649002969264984,-0.05515952780842781,-0.14154161512851715,-0.14049312472343445,-0.14468038082122803,-0.14709074795246124,0.36910280585289,0.36573562026023865,0.36931395530700684,0.3637332618236542,0.3627813458442688,0.3633362948894501,0.3728928864002228,0.371085524559021,0.3659210503101349,0.3711680769920349]","[-0.049019116908311844,-0.19217970967292786,1.1110317707061768,2.8825559616088867,0.15894357860088348,-1.5429998636245728,0.038880009204149246,-0.030385009944438934,-0.03416500985622406,-0.03003498911857605,-0.03258999437093735,-0.05515999346971512,-0.14153999090194702,-0.14048998057842255,-0.14468999207019806,-0.14710499346256256,0.36910131573677063,0.36573249101638794,0.36931121349334717,0.3636675179004669,0.3627399802207947,0.3633349537849426,0.3728812336921692,0.3710786998271942,0.3659687340259552,0.37119248509407043]","[-0.049019118701466774,-0.19217971644579906,1.1110317348816974,2.8825559180792415,0.1589435743175724,-1.5429998466092598,0.038880009204149246,-0.030385009944438934,-0.03416500985622406,-0.03003498911857605,-0.03258999437093735,-0.05515999346971512,-0.14153999090194702,-0.14048998057842255,-0.14468999207019806,-0.14710499346256256,0.36910131573677063,0.36573249101638794,0.36931121349334717,0.3636675179004669,0.3627399802207947,0.3633349537849426,0.3728812336921692,0.3710786998271942,0.3659687340259552,0.37119248509407043]","[9.357929229736328e-06,-5.14984130859375e-05,4.017353057861328e-05,-0.0003516674041748047,3.2141804695129395e-05,1.6570091247558594e-05,-1.0021030902862549e-06,-5.252659320831299e-07,-2.896040678024292e-05,7.354840636253357e-05,5.900859832763672e-05,-4.6566128730773926e-07,1.6242265701293945e-06,3.1441450119018555e-06,-9.611248970031738e-06,-1.424551010131836e-05,-1.4901161193847656e-06,-3.129243850708008e-06,-2.7418136596679688e-06,-6.574392318725586e-05,-4.1365623474121094e-05,-1.341104507446289e-06,-1.1652708053588867e-05,-6.8247318267822266e-06,4.76837158203125e-05,2.440810203552246e-05]","[0.12090842425823212,-0.31798210740089417,1.0200330018997192]","[0.025945257395505905,0.023748833686113358,-0.6744400262832642,0.7374913692474365]","[4.425656879902817e-05,-0.00037668852019123733,1.2244183380971663e-05]","[-1.5229021528284648e-06,-0.00025644569541327655,-0.0006501420866698027]","[-0.1599999964237213,-0.30000001192092896,0.7400000095367432]","[0.7070000171661377,0.7070000171661377,0.0,0.0]","[-0.04902833700180054,-0.19212815165519714,1.1109914779663086]","[0.1470479965209961,0.7014912962913513,0.6965508460998535,-0.033221546560525894]","[""right_finger2_link3"",""right_finger2_link4"",""right_finger3_link3"",""right_finger3_link4"",""right_finger4_link3"",""right_finger4_link4""]","[[0.0023439135402441025,-0.23963439464569092,0.986472487449646],[0.004613041412085295,-0.23974297940731049,0.9570600986480713],[-0.026674389839172363,-0.24457499384880066,0.9860194325447083],[-0.02579164318740368,-0.2447456270456314,0.9565331339836121],[-0.05308915674686432,-0.23984792828559875,0.9865021109580994],[-0.054492950439453125,-0.23953711986541748,0.9570371508598328]]","[0.0,0.0,0.0,0.0,0.0,0.0]","[[0.0,0.0,0.0],[0.0,0.0,0.0],[0.0,0.0,0.0],[0.0,0.0,0.0],[0.0,0.0,0.0],[0.0,0.0,0.0]]",0.0,"[0.0,0.0,0.0]",0.0,"[0.0,0.0,0.0]",[],[],False,False,False,False,False,[],0.0018092152646389525,0.019733229923945873,6.510950743085898,0.03510415224741766,6.510950743085898,0.0,0.0,0,0,0,True,FRAME_JUMP,True
100,correction_1,FAILED,"[-0.049028340727090836,-0.1921282708644867,1.1109915971755981,2.8829078674316406,0.15891186892986298,-1.5430164337158203,0.038881633430719376,-0.030383702367544174,-0.034137070178985596,-0.030105868354439735,-0.03264696151018143,-0.05515948310494423,-0.14154182374477386,-0.14049243927001953,-0.14468030631542206,-0.1470911204814911,0.369103342294693,0.36573606729507446,0.369314968585968,0.3637329936027527,0.3627801537513733,0.3633362948894501,0.3728930354118347,0.37108534574508667,0.3659215271472931,0.371168851852417]","[-0.049019116908311844,-0.19217970967292786,1.1110317707061768,2.8825559616088867,0.15894357860088348,-1.5429998636245728,0.038880009204149246,-0.030385009944438934,-0.03416500985622406,-0.03003498911857605,-0.03258999437093735,-0.05515999346971512,-0.14153999090194702,-0.14048998057842255,-0.14468999207019806,-0.14710499346256256,0.36910131573677063,0.36573249101638794,0.36931121349334717,0.3636675179004669,0.3627399802207947,0.3633349537849426,0.3728812336921692,0.3710786998271942,0.3659687340259552,0.37119248509407043]","[-0.049019118701466774,-0.19217971644579906,1.1110317348816974,2.8825559180792415,0.1589435743175724,-1.5429998466092598,0.038880009204149246,-0.030385009944438934,-0.03416500985622406,-0.03003498911857605,-0.03258999437093735,-0.05515999346971512,-0.14153999090194702,-0.14048998057842255,-0.14468999207019806,-0.14710499346256256,0.36910131573677063,0.36573249101638794,0.36931121349334717,0.3636675179004669,0.3627399802207947,0.3633349537849426,0.3728812336921692,0.3710786998271942,0.3659687340259552,0.37119248509407043]","[9.2238187789917e-06,-5.143880844116211e-05,4.017353057861328e-05,-0.00035190582275390625,3.170967102050781e-05,1.6570091247558594e-05,-1.6242265701293945e-06,-1.3075768947601318e-06,-2.7939677238464355e-05,7.087923586368561e-05,5.696713924407959e-05,-5.103647708892822e-07,1.8328428268432617e-06,2.4586915969848633e-06,-9.685754776000977e-06,-1.3872981071472168e-05,-2.0265579223632812e-06,-3.5762786865234375e-06,-3.7550926208496094e-06,-6.54757022857666e-05,-4.017353057861328e-05,-1.341104507446289e-06,-1.1801719665527344e-05,-6.645917892456055e-06,4.7206878662109375e-05,2.3633241653442383e-05]","[0.12090802192687988,-0.31798282265663147,1.0200324058532715]","[0.025937745347619057,0.02374144457280636,-0.6744499206542969,0.7374827861785889]","[2.485166987753473e-07,0.00042181156459264457,-0.0005912128835916519]","[0.0023137135431170464,-0.0028590743895620108,-0.0006777786184102297]","[-0.1599999964237213,-0.30000001192092896,0.7400000095367432]","[0.7070000171661377,0.7070000171661377,0.0,0.0]","[-0.04902820661664009,-0.19212821125984192,1.1109914779663086]","[0.1470479965209961,0.7014913558959961,0.6965508460998535,-0.0332212820649147]","[""right_finger2_link3"",""right_finger2_link4"",""right_finger3_link3"",""right_finger3_link4"",""right_finger4_link3"",""right_finger4_link4""]","[[0.002344087464734912,-0.23963436484336853,0.986472487449646],[0.00461321696639061,-0.23974290490150452,0.9570600986480713],[-0.02667418122291565,-0.24457505345344543,0.9860193133354187],[-0.02579140104353428,-0.24474568665027618,0.9565330147743225],[-0.05308893695473671,-0.2398478090763092,0.9865021109580994],[-0.054492708295583725,-0.23953691124916077,0.9570371508598328]]","[0.0,0.0,0.0,0.0,0.0,0.0]","[[0.0,0.0,0.0],[0.0,0.0,0.0],[0.0,0.0,0.0],[0.0,0.0,0.0],[0.0,0.0,0.0],[0.0,0.0,0.0]]",0.0,"[0.0,0.0,0.0]",0.0,"[0.0,0.0,0.0]",[],[],False,False,False,False,False,[],0.001809806657479207,0.019734067929804807,6.509024980919939,0.03510411394765364,6.509024980919939,0.0,0.0,0,0,0,True,FRAME_JUMP,True
101,correction_1,FAILED,"[-0.04902806878089905,-0.19212865829467773,1.1109915971755981,2.882904052734375,0.1589125394821167,-1.5430164337158203,0.03888146951794624,-0.0303842481225729,-0.03413717821240425,-0.030106211081147194,-0.03264741599559784,-0.05515944957733154,-0.14154170453548431,-0.14049220085144043,-0.14468039572238922,-0.14709149301052094,0.3691033124923706,0.36573541164398193,0.36931413412094116,0.36373189091682434,0.3627796471118927,0.3633362948894501,0.37289294600486755,0.3710857033729553,0.3659215271472931,0.3711690306663513]","[-0.049019116908311844,-0.19217970967292786,1.1110317707061768,2.8825559616088867,0.15894357860088348,-1.5429998636245728,0.038880009204149246,-0.030385009944438934,-0.03416500985622406,-0.03003498911857605,-0.03258999437093735,-0.05515999346971512,-0.14153999090194702,-0.14048998057842255,-0.14468999207019806,-0.14710499346256256,0.36910131573677063,0.36573249101638794,0.36931121349334717,0.3636675179004669,0.3627399802207947,0.3633349537849426,0.3728812336921692,0.3710786998271942,0.3659687340259552,0.37119248509407043]","[-0.049019118701466774,-0.19217971644579906,1.1110317348816974,2.8825559180792415,0.1589435743175724,-1.5429998466092598,0.038880009204149246,-0.030385009944438934,-0.03416500985622406,-0.03003498911857605,-0.03258999437093735,-0.05515999346971512,-0.14153999090194702,-0.14048998057842255,-0.14468999207019806,-0.14710499346256256,0.36910131573677063,0.36573249101638794,0.36931121349334717,0.3636675179004669,0.3627399802207947,0.3633349537849426,0.3728812336921692,0.3710786998271942,0.3659687340259552,0.37119248509407043]","[8.95187258720398e-06,-5.105137825012207e-05,4.017353057861328e-05,-0.00034809112548828125,3.103911876678467e-05,1.6570091247558594e-05,-1.4603137969970703e-06,-7.618218660354614e-07,-2.783164381980896e-05,7.12219625711441e-05,5.742162466049194e-05,-5.438923835754395e-07,1.7136335372924805e-06,2.2202730178833008e-06,-9.59634780883789e-06,-1.3500452041625977e-05,-1.996755599975586e-06,-2.9206275939941406e-06,-2.9206275939941406e-06,-6.437301635742188e-05,-3.966689109802246e-05,-1.341104507446289e-06,-1.1712312698364258e-05,-7.0035457611083984e-06,4.7206878662109375e-05,2.345442771911621e-05]","[0.12090814113616943,-0.3179832100868225,1.020033359527588]","[0.02593166194856167,0.023736098781228065,-0.6744574904441833,0.7374762892723083]","[-6.893317186040804e-05,0.0007486359681934118,-0.00048669290845282376]","[0.002546891802921891,-0.0011856778291985393,-0.0007214713841676712]","[-0.1599999964237213,-0.30000001192092896,0.7400000095367432]","[0.7070000171661377,0.7070000171661377,0.0,0.0]","[-0.049027930945158005,-0.19212858378887177,1.1109914779663086]","[0.14704953134059906,0.701491117477417,0.696550726890564,-0.03322231024503708]","[""right_finger2_link3"",""right_finger2_link4"",""right_finger3_link3"",""right_finger3_link4"",""right_finger4_link3"",""right_finger4_link4""]","[[0.0023444544058293104,-0.23963524401187897,0.9864726662635803],[0.004613613244146109,-0.2397439181804657,0.9570602774620056],[-0.02667381428182125,-0.24457591772079468,0.9860196113586426],[-0.025791015475988388,-0.24474665522575378,0.9565333127975464],[-0.05308859050273895,-0.23984865844249725,0.9865022301673889],[-0.05449235439300537,-0.23953792452812195,0.9570372700691223]]","[0.0,0.0,0.0,0.0,0.0,0.0]","[[0.0,0.0,0.0],[0.0,0.0,0.0],[0.0,0.0,0.0],[0.0,0.0,0.0],[0.0,0.0,0.0],[0.0,0.0,0.0]]",0.0,"[0.0,0.0,0.0]",0.0,"[0.0,0.0,0.0]",[],[],False,False,False,False,False,[],0.0018116644090421241,0.01973434398079064,6.507552889718904,0.03510508413040556,6.507552889718904,0.0,0.0,0,0,0,True,FRAME_JUMP,True
102,correction_1,FAILED,"[-0.04902800917625427,-0.1921284794807434,1.1109915971755981,2.882906913757324,0.15891236066818237,-1.5430164337158203,0.038881007581949234,-0.030384792014956474,-0.03413618355989456,-0.030108720064163208,-0.032649412751197815,-0.05515947937965393,-0.14154145121574402,-0.1404925286769867,-0.14468041062355042,-0.14709068834781647,0.36910364031791687,0.3657352924346924,0.36931338906288147,0.3637336492538452,0.362779825925827,0.3633362948894501,0.3728930950164795,0.37108564376831055,0.3659205436706543,0.37116825580596924]","[-0.049019116908311844,-0.19217970967292786,1.1110317707061768,2.8825559616088867,0.15894357860088348,-1.5429998636245728,0.038880009204149246,-0.030385009944438934,-0.03416500985622406,-0.03003498911857605,-0.03258999437093735,-0.05515999346971512,-0.14153999090194702,-0.14048998057842255,-0.14468999207019806,-0.14710499346256256,0.36910131573677063,0.36573249101638794,0.36931121349334717,0.3636675179004669,0.3627399802207947,0.3633349537849426,0.3728812336921692,0.3710786998271942,0.3659687340259552,0.37119248509407043]","[-0.049019118701466774,-0.19217971644579906,1.1110317348816974,2.8825559180792415,0.1589435743175724,-1.5429998466092598,0.038880009204149246,-0.030385009944438934,-0.03416500985622406,-0.03003498911857605,-0.03258999437093735,-0.05515999346971512,-0.14153999090194702,-0.14048998057842255,-0.14468999207019806,-0.14710499346256256,0.36910131573677063,0.36573249101638794,0.36931121349334717,0.3636675179004669,0.3627399802207947,0.3633349537849426,0.3728812336921692,0.3710786998271942,0.3659687340259552,0.37119248509407043]","[8.892267942428589e-06,-5.123019218444824e-05,4.017353057861328e-05,-0.0003509521484375,3.121793270111084e-05,1.6570091247558594e-05,-9.98377799987793e-07,-2.1792948246002197e-07,-2.882629632949829e-05,7.37309455871582e-05,5.941838026046753e-05,-5.140900611877441e-07,1.4603137969970703e-06,2.5480985641479492e-06,-9.581446647644043e-06,-1.430511474609375e-05,-2.3245811462402344e-06,-2.8014183044433594e-06,-2.175569534301758e-06,-6.61313533782959e-05,-3.984570503234863e-05,-1.341104507446289e-06,-1.1861324310302734e-05,-6.943941116333008e-06,4.819035530090332e-05,2.422928810119629e-05]","[0.12090880423784256,-0.3179827332496643,1.0200330018997192]","[0.02593953348696232,0.02374395541846752,-0.6744464039802551,0.7374858856201172]","[0.00013700716954190284,0.00044070673175156116,-0.0001655801897868514]","[0.0008995982352644205,-0.00019486791279632598,0.0003268857253715396]","[-0.1599999964237213,-0.30000001192092896,0.7400000095367432]","[0.7070000171661377,0.7070000171661377,0.0,0.0]","[-0.04902787506580353,-0.19212841987609863,1.1109914779663086]","[0.14704851806163788,0.7014912366867065,0.6965508460998535,-0.033221274614334106]","[""right_finger2_link3"",""right_finger2_link4"",""right_finger3_link3"",""right_finger3_link4"",""right_finger4_link3"",""right_finger4_link4""]","[[0.002344540785998106,-0.239634707570076,0.9864725470542908],[0.0046137128956615925,-0.23974332213401794,0.9570601582527161],[-0.02667373977601528,-0.24457532167434692,0.9860194325447083],[-0.02579094097018242,-0.24474598467350006,0.9565331339836121],[-0.05308853089809418,-0.23984822630882263,0.9865021109580994],[-0.054492294788360596,-0.23953741788864136,0.9570371508598328]]","[0.0,0.0,0.0,0.0,0.0,0.0]","[[0.0,0.0,0.0],[0.0,0.0,0.0],[0.0,0.0,0.0],[0.0,0.0,0.0],[0.0,0.0,0.0],[0.0,0.0,0.0]]",0.0,"[0.0,0.0,0.0]",0.0,"[0.0,0.0,0.0]",[],[],False,False,False,False,False,[],0.0018099383462282237,0.019733685511646632,6.509660702437178,0.03510440835067781,6.509660702437178,0.0,0.0,0,0,0,True,FRAME_JUMP,True
103,correction_1,FAILED,"[-0.04902796074748039,-0.19212812185287476,1.1109915971755981,2.882906913757324,0.1589125692844391,-1.5430164337158203,0.03888152539730072,-0.03038371354341507,-0.034136828035116196,-0.030106358230113983,-0.03264744579792023,-0.0551595576107502,-0.14154145121574402,-0.14049209654331207,-0.144680455327034,-0.1470911204814911,0.3691037893295288,0.36573588848114014,0.36931517720222473,0.36373329162597656,0.3627811372280121,0.3633362948894501,0.37289270758628845,0.37108558416366577,0.3659209609031677,0.371168851852417]","[-0.049019116908311844,-0.19217970967292786,1.1110317707061768,2.8825559616088867,0.15894357860088348,-1.5429998636245728,0.038880009204149246,-0.030385009944438934,-0.03416500985622406,-0.03003498911857605,-0.03258999437093735,-0.05515999346971512,-0.14153999090194702,-0.14048998057842255,-0.14468999207019806,-0.14710499346256256,0.36910131573677063,0.36573249101638794,0.36931121349334717,0.3636675179004669,0.3627399802207947,0.3633349537849426,0.3728812336921692,0.3710786998271942,0.3659687340259552,0.37119248509407043]","[-0.049019118701466774,-0.19217971644579906,1.1110317348816974,2.8825559180792415,0.1589435743175724,-1.5429998466092598,0.038880009204149246,-0.030385009944438934,-0.03416500985622406,-0.03003498911857605,-0.03258999437093735,-0.05515999346971512,-0.14153999090194702,-0.14048998057842255,-0.14468999207019806,-0.14710499346256256,0.36910131573677063,0.36573249101638794,0.36931121349334717,0.3636675179004669,0.3627399802207947,0.3633349537849426,0.3728812336921692,0.3710786998271942,0.3659687340259552,0.37119248509407043]","[8.843839168548584e-06,-5.1587820053100586e-05,4.017353057861328e-05,-0.0003509521484375,3.100931644439697e-05,1.6570091247558594e-05,-1.516193151473999e-06,-1.296401023864746e-06,-2.818182110786438e-05,7.136911153793335e-05,5.745142698287964e-05,-4.3585896492004395e-07,1.4603137969970703e-06,2.115964889526367e-06,-9.5367431640625e-06,-1.3872981071472168e-05,-2.473592758178711e-06,-3.3974647521972656e-06,-3.9637088775634766e-06,-6.577372550964355e-05,-4.1157007217407227e-05,-1.341104507446289e-06,-1.1473894119262695e-05,-6.884336471557617e-06,4.7773122787475586e-05,2.3633241653442383e-05]","[0.1209084689617157,-0.3179832696914673,1.0200321674346924]","[0.025931674987077713,0.02373654581606388,-0.674457311630249,0.7374764680862427]","[0.00013644206046592444,0.00021963921608403325,0.0011692198459059]","[-0.006620453670620918,0.0052351453341543674,6.813560844420863e-07]","[-0.1599999964237213,-0.30000001192092896,0.7400000095367432]","[0.7070000171661377,0.7070000171661377,0.0,0.0]","[-0.04902782663702965,-0.19212806224822998,1.1109914779663086]","[0.14704851806163788,0.7014912366867065,0.6965508460998535,-0.033221274614334106]","[""right_finger2_link3"",""right_finger2_link4"",""right_finger3_link3"",""right_finger3_link4"",""right_finger4_link3"",""right_finger4_link4""]","[[0.0023445889819413424,-0.23963427543640137,0.986472487449646],[0.00461374968290329,-0.23974283039569855,0.9570600986480713],[-0.026673678308725357,-0.24457499384880066,0.9860194325447083],[-0.02579086646437645,-0.2447456270456314,0.9565331339836121],[-0.0530884824693203,-0.23984777927398682,0.9865021109580994],[-0.05449223890900612,-0.23953692615032196,0.9570371508598328]]","[0.0,0.0,0.0,0.0,0.0,0.0]","[[0.0,0.0,0.0],[0.0,0.0,0.0],[0.0,0.0,0.0],[0.0,0.0,0.0],[0.0,0.0,0.0],[0.0,0.0,0.0]]",0.0,"[0.0,0.0,0.0]",0.0,"[0.0,0.0,0.0]",[],[],False,False,False,False,False,[],0.0018104589067603483,0.019734344271700118,6.507597673296039,0.03510406554390727,6.507597673296039,0.0,0.0,0,0,0,True,FRAME_JUMP,True
104,correction_1,FAILED,"[-0.04902767390012741,-0.19212834537029266,1.1109915971755981,2.8829100131988525,0.15891233086585999,-1.5430163145065308,0.03888115659356117,-0.03038422204554081,-0.034136008471250534,-0.030108464881777763,-0.0326489619910717,-0.055159591138362885,-0.1415412575006485,-0.1404934674501419,-0.14468027651309967,-0.1470905840396881,0.369101881980896,0.36573511362075806,0.3693145215511322,0.36373406648635864,0.36278122663497925,0.3633362948894501,0.3728930354118347,0.37108615040779114,0.36592036485671997,0.37116801738739014]","[-0.049019116908311844,-0.19217970967292786,1.1110317707061768,2.8825559616088867,0.15894357860088348,-1.5429998636245728,0.038880009204149246,-0.030385009944438934,-0.03416500985622406,-0.03003498911857605,-0.03258999437093735,-0.05515999346971512,-0.14153999090194702,-0.14048998057842255,-0.14468999207019806,-0.14710499346256256,0.36910131573677063,0.36573249101638794,0.36931121349334717,0.3636675179004669,0.3627399802207947,0.3633349537849426,0.3728812336921692,0.3710786998271942,0.3659687340259552,0.37119248509407043]","[-0.049019118701466774,-0.19217971644579906,1.1110317348816974,2.8825559180792415,0.1589435743175724,-1.5429998466092598,0.038880009204149246,-0.030385009944438934,-0.03416500985622406,-0.03003498911857605,-0.03258999437093735,-0.05515999346971512,-0.14153999090194702,-0.14048998057842255,-0.14468999207019806,-0.14710499346256256,0.36910131573677063,0.36573249101638794,0.36931121349334717,0.3636675179004669,0.3627399802207947,0.3633349537849426,0.3728812336921692,0.3710786998271942,0.3659687340259552,0.37119248509407043]","[8.556991815567017e-06,-5.136430263519287e-05,4.017353057861328e-05,-0.0003540515899658203,3.1247735023498535e-05,1.6450881958007812e-05,-1.1473894119262695e-06,-7.878988981246948e-07,-2.9001384973526e-05,7.347576320171356e-05,5.896762013435364e-05,-4.023313522338867e-07,1.2665987014770508e-06,3.4868717193603516e-06,-9.715557098388672e-06,-1.4409422874450684e-05,-5.662441253662109e-07,-2.6226043701171875e-06,-3.3080577850341797e-06,-6.654858589172363e-05,-4.124641418457031e-05,-1.341104507446289e-06,-1.1801719665527344e-05,-7.450580596923828e-06,4.836916923522949e-05,2.446770668029785e-05]","[0.12090909481048584,-0.31798410415649414,1.0200287103652954]","[0.025938844308257103,0.023743383586406708,-0.6744477152824402,0.7374846935272217]","[7.962535892147571e-05,-0.00039853673661127687,8.769254782237113e-05]","[-0.0004546718264464289,0.00017919595120474696,-0.000681424280628562]","[-0.1599999964237213,-0.30000001192092896,0.7400000095367432]","[0.7070000171661377,0.7070000171661377,0.0,0.0]","[-0.04902753606438637,-0.1921282857656479,1.1109914779663086]","[0.14704746007919312,0.7014914751052856,0.6965509653091431,-0.03322023153305054]","[""right_finger2_link3"",""right_finger2_link4"",""right_finger3_link3"",""right_finger3_link4"",""right_finger4_link3"",""right_finger4_link4""]","[[0.0023448774591088295,-0.2396341860294342,0.9864722490310669],[0.004614048171788454,-0.239742711186409,0.9570598602294922],[-0.02667345106601715,-0.24457480013370514,0.9860191941261292],[-0.025790680199861526,-0.24474531412124634,0.956532895565033],[-0.05308818817138672,-0.23984771966934204,0.9865019917488098],[-0.05449194088578224,-0.23953679203987122,0.9570370316505432]]","[0.0,0.0,0.0,0.0,0.0,0.0]","[[0.0,0.0,0.0],[0.0,0.0,0.0],[0.0,0.0,0.0],[0.0,0.0,0.0],[0.0,0.0,0.0],[0.0,0.0,0.0]]",0.0,"[0.0,0.0,0.0]",0.0,"[0.0,0.0,0.0]",[],[],False,False,False,False,False,[],0.0018058397813797145,0.01973507778000512,6.509437774747737,0.035101523395658876,6.509437774747737,0.0,0.0,0,0,0,True,FRAME_JUMP,True
105,correction_1,FAILED,"[-0.049027688801288605,-0.19212830066680908,1.1109915971755981,2.8829100131988525,0.15891195833683014,-1.5430163145065308,0.03888124227523804,-0.03038463182747364,-0.03413626551628113,-0.03010866418480873,-0.032649289816617966,-0.055159494280815125,-0.14154158532619476,-0.14049310982227325,-0.14468009769916534,-0.1470908224582672,0.3691028356552124,0.36573514342308044,0.3693135976791382,0.3637336790561676,0.36278101801872253,0.3633362948894501,0.3728928864002228,0.37108585238456726,0.3659202456474304,0.3711680769920349]","[-0.049019116908311844,-0.19217970967292786,1.1110317707061768,2.8825559616088867,0.15894357860088348,-1.5429998636245728,0.038880009204149246,-0.030385009944438934,-0.03416500985622406,-0.03003498911857605,-0.03258999437093735,-0.05515999346971512,-0.14153999090194702,-0.14048998057842255,-0.14468999207019806,-0.14710499346256256,0.36910131573677063,0.36573249101638794,0.36931121349334717,0.3636675179004669,0.3627399802207947,0.3633349537849426,0.3728812336921692,0.3710786998271942,0.3659687340259552,0.37119248509407043]","[-0.049019118701466774,-0.19217971644579906,1.1110317348816974,2.8825559180792415,0.1589435743175724,-1.5429998466092598,0.038880009204149246,-0.030385009944438934,-0.03416500985622406,-0.03003498911857605,-0.03258999437093735,-0.05515999346971512,-0.14153999090194702,-0.14048998057842255,-0.14468999207019806,-0.14710499346256256,0.36910131573677063,0.36573249101638794,0.36931121349334717,0.3636675179004669,0.3627399802207947,0.3633349537849426,0.3728812336921692,0.3710786998271942,0.3659687340259552,0.37119248509407043]","[8.571892976760864e-06,-5.1409006118774414e-05,4.017353057861328e-05,-0.0003540515899658203,3.1620264053344727e-05,1.6450881958007812e-05,-1.2330710887908936e-06,-3.781169652938843e-07,-2.874433994293213e-05,7.367506623268127e-05,5.9295445680618286e-05,-4.991888999938965e-07,1.5944242477416992e-06,3.129243850708008e-06,-9.894371032714844e-06,-1.4171004295349121e-05,-1.519918441772461e-06,-2.652406692504883e-06,-2.384185791015625e-06,-6.61611557006836e-05,-4.1037797927856445e-05,-1.341104507446289e-06,-1.1652708053588867e-05,-7.152557373046875e-06,4.8488378524780273e-05,2.440810203552246e-05]","[0.12090878188610077,-0.31798499822616577,1.0200283527374268]","[0.02593183144927025,0.023736657574772835,-0.6744564175605774,0.7374771237373352]","[0.0002789572754409164,0.0002203068434027955,-0.0006437390111386776]","[0.003623188240453601,-0.0017872764728963375,0.00038273591781035066]","[-0.1599999964237213,-0.30000001192092896,0.7400000095367432]","[0.7070000171661377,0.7070000171661377,0.0,0.0]","[-0.04902755096554756,-0.1921282410621643,1.1109914779663086]","[0.14704735577106476,0.7014914751052856,0.6965508460998535,-0.033220354467630386]","[""right_finger2_link3"",""right_finger2_link4"",""right_finger3_link3"",""right_finger3_link4"",""right_finger4_link3"",""right_finger4_link4""]","[[0.0023448008578270674,-0.23963414132595062,0.9864723682403564],[0.00461395550519228,-0.2397426813840866,0.9570599794387817],[-0.02667349763214588,-0.24457477033138275,0.9860191941261292],[-0.025790728628635406,-0.24474534392356873,0.956532895565033],[-0.053088247776031494,-0.23984768986701965,0.9865019917488098],[-0.054492007941007614,-0.2395368069410324,0.9570370316505432]]","[0.0,0.0,0.0,0.0,0.0,0.0]","[[0.0,0.0,0.0],[0.0,0.0,0.0],[0.0,0.0,0.0],[0.0,0.0,0.0],[0.0,0.0,0.0],[0.0,0.0,0.0]]",0.0,"[0.0,0.0,0.0]",0.0,"[0.0,0.0,0.0]",[],[],False,False,False,False,False,[],0.0018065029709237734,0.01973604112405077,6.507710722160691,0.03510175937600906,6.507710722160691,0.0,0.0,0,0,0,True,FRAME_JUMP,True
106,correction_1,FAILED,"[-0.04902765154838562,-0.19212791323661804,1.1109915971755981,2.882906436920166,0.15891200304031372,-1.5430163145065308,0.03888159617781639,-0.03038364090025425,-0.03413666412234306,-0.0301066804677248,-0.03264758363366127,-0.055159617215394974,-0.1415417343378067,-0.1404927521944046,-0.14468000829219818,-0.14709116518497467,0.3691032826900482,0.3657357692718506,0.3693152368068695,0.36373311281204224,0.36278030276298523,0.3633362948894501,0.3728927671909332,0.3710857629776001,0.36592063307762146,0.371168851852417]","[-0.049019116908311844,-0.19217970967292786,1.1110317707061768,2.8825559616088867,0.15894357860088348,-1.5429998636245728,0.038880009204149246,-0.030385009944438934,-0.03416500985622406,-0.03003498911857605,-0.03258999437093735,-0.05515999346971512,-0.14153999090194702,-0.14048998057842255,-0.14468999207019806,-0.14710499346256256,0.36910131573677063,0.36573249101638794,0.36931121349334717,0.3636675179004669,0.3627399802207947,0.3633349537849426,0.3728812336921692,0.3710786998271942,0.3659687340259552,0.37119248509407043]","[-0.049019118701466774,-0.19217971644579906,1.1110317348816974,2.8825559180792415,0.1589435743175724,-1.5429998466092598,0.038880009204149246,-0.030385009944438934,-0.03416500985622406,-0.03003498911857605,-0.03258999437093735,-0.05515999346971512,-0.14153999090194702,-0.14048998057842255,-0.14468999207019806,-0.14710499346256256,0.36910131573677063,0.36573249101638794,0.36931121349334717,0.3636675179004669,0.3627399802207947,0.3633349537849426,0.3728812336921692,0.3710786998271942,0.3659687340259552,0.37119248509407043]","[8.534640073776245e-06,-5.179643630981445e-05,4.017353057861328e-05,-0.0003504753112792969,3.1575560569763184e-05,1.6450881958007812e-05,-1.5869736671447754e-06,-1.3690441846847534e-06,-2.8345733880996704e-05,7.16913491487503e-05,5.758926272392273e-05,-3.762543201446533e-07,1.7434358596801758e-06,2.771615982055664e-06,-9.98377799987793e-06,-1.3828277587890625e-05,-1.9669532775878906e-06,-3.2782554626464844e-06,-4.023313522338867e-06,-6.559491157531738e-05,-4.032254219055176e-05,-1.341104507446289e-06,-1.1533498764038086e-05,-7.063150405883789e-06,4.8100948333740234e-05,2.3633241653442383e-05]","[0.12090840935707092,-0.3179854452610016,1.020027756690979]","[0.025924665853381157,0.023729659616947174,-0.6744664311408997,0.7374684810638428]","[0.00016921399219427258,0.00020132635836489499,0.0011715327855199575]","[-0.006577282678335905,0.0052767107263207436,5.2216601034160703e-05]","[-0.1599999964237213,-0.30000001192092896,0.7400000095367432]","[0.7070000171661377,0.7070000171661377,0.0,0.0]","[-0.04902751371264458,-0.19212785363197327,1.1109914779663086]","[0.14704862236976624,0.7014911770820618,0.6965507864952087,-0.03322165831923485]","[""right_finger2_link3"",""right_finger2_link4"",""right_finger3_link3"",""right_finger3_link4"",""right_finger4_link3"",""right_finger4_link4""]","[[0.0023448190186172724,-0.239634171128273,0.986472487449646],[0.004613958764821291,-0.23974275588989258,0.9570600986480713],[-0.02667345479130745,-0.24457485973834991,0.9860194325447083],[-0.025790676474571228,-0.24474549293518066,0.9565331339836121],[-0.05308820679783821,-0.23984766006469727,0.9865021109580994],[-0.05449197068810463,-0.239536851644516,0.9570371508598328]]","[0.0,0.0,0.0,0.0,0.0,0.0]","[[0.0,0.0,0.0],[0.0,0.0,0.0],[0.0,0.0,0.0],[0.0,0.0,0.0],[0.0,0.0,0.0],[0.0,0.0,0.0]]",0.0,"[0.0,0.0,0.0]",0.0,"[0.0,0.0,0.0]",[],[],False,False,False,False,False,[],0.0018071431859848497,0.019736617542903578,6.505810152116523,0.03510157405714166,6.505810152116523,0.0,0.0,0,0,0,True,FRAME_JUMP,True
107,correction_1,FAILED,"[-0.04902785271406174,-0.1921280026435852,1.1109915971755981,2.882908821105957,0.15891213715076447,-1.5430161952972412,0.0388813242316246,-0.030384114012122154,-0.03413575515151024,-0.03010891005396843,-0.03264914080500603,-0.05515959858894348,-0.1415419727563858,-0.140493705868721,-0.1446797102689743,-0.14709079265594482,0.36910393834114075,0.3657350242137909,0.3693143129348755,0.36373448371887207,0.36278054118156433,0.3633362948894501,0.37289315462112427,0.3710862696170807,0.3659200966358185,0.3711678683757782]","[-0.049019116908311844,-0.19217970967292786,1.1110317707061768,2.8825559616088867,0.15894357860088348,-1.5429998636245728,0.038880009204149246,-0.030385009944438934,-0.03416500985622406,-0.03003498911857605,-0.03258999437093735,-0.05515999346971512,-0.14153999090194702,-0.14048998057842255,-0.14468999207019806,-0.14710499346256256,0.36910131573677063,0.36573249101638794,0.36931121349334717,0.3636675179004669,0.3627399802207947,0.3633349537849426,0.3728812336921692,0.3710786998271942,0.3659687340259552,0.37119248509407043]","[-0.049019118701466774,-0.19217971644579906,1.1110317348816974,2.8825559180792415,0.1589435743175724,-1.5429998466092598,0.038880009204149246,-0.030385009944438934,-0.03416500985622406,-0.03003498911857605,-0.03258999437093735,-0.05515999346971512,-0.14153999090194702,-0.14048998057842255,-0.14468999207019806,-0.14710499346256256,0.36910131573677063,0.36573249101638794,0.36931121349334717,0.3636675179004669,0.3627399802207947,0.3633349537849426,0.3728812336921692,0.3710786998271942,0.3659687340259552,0.37119248509407043]","[8.735805749893188e-06,-5.170702934265137e-05,4.017353057861328e-05,-0.0003528594970703125,3.1441450119018555e-05,1.633167266845703e-05,-1.3150274753570557e-06,-8.959323167800903e-07,-2.925470471382141e-05,7.392093539237976e-05,5.914643406867981e-05,-3.948807716369629e-07,1.9818544387817383e-06,3.725290298461914e-06,-1.0281801223754883e-05,-1.4200806617736816e-05,-2.6226043701171875e-06,-2.5331974029541016e-06,-3.0994415283203125e-06,-6.696581840515137e-05,-4.056096076965332e-05,-1.341104507446289e-06,-1.1920928955078125e-05,-7.569789886474609e-06,4.863739013671875e-05,2.4616718292236328e-05]","[0.12090853601694107,-0.3179866671562195,1.0200246572494507]","[0.02593192644417286,0.02373599074780941,-0.6744568943977356,0.7374767065048218]","[0.0001080372603610158,-0.0003913012915290892,0.00011124806042062119]","[-0.0005855419440194964,0.0002947986067738384,-0.0002978005795739591]","[-0.1599999964237213,-0.30000001192092896,0.7400000095367432]","[0.7070000171661377,0.7070000171661377,0.0,0.0]","[-0.049027714878320694,-0.19212794303894043,1.1109914779663086]","[0.1470477133989334,0.7014915347099304,0.696550726890564,-0.03322072699666023]","[""right_finger2_link3"",""right_finger2_link4"",""right_finger3_link3"",""right_finger3_link4"",""right_finger4_link3"",""right_finger4_link4""]","[[0.002344609936699271,-0.2396339625120163,0.9864723682403564],[0.00461374968290329,-0.23974250257015228,0.9570599794387817],[-0.026673713698983192,-0.24457456171512604,0.9860191941261292],[-0.02579096145927906,-0.244745135307312,0.956532895565033],[-0.05308840423822403,-0.23984752595424652,0.9865019917488098],[-0.054492153227329254,-0.23953667283058167,0.9570370316505432]]","[0.0,0.0,0.0,0.0,0.0,0.0]","[[0.0,0.0,0.0],[0.0,0.0,0.0],[0.0,0.0,0.0],[0.0,0.0,0.0],[0.0,0.0,0.0],[0.0,0.0,0.0]]",0.0,"[0.0,0.0,0.0]",0.0,"[0.0,0.0,0.0]",[],[],False,False,False,False,False,[],0.0018028671035951183,0.019737869757992823,6.507626724704169,0.03509962913402277,6.507626724704169,0.0,0.0,0,0,0,True,FRAME_JUMP,True
108,correction_1,FAILED,"[-0.04902780428528786,-0.19212797284126282,1.1109915971755981,2.8829078674316406,0.15891170501708984,-1.5430161952972412,0.03888119384646416,-0.03038470819592476,-0.0341360978782177,-0.030109068378806114,-0.03264949470758438,-0.05515949800610542,-0.14154186844825745,-0.14049391448497772,-0.14467956125736237,-0.14709071815013885,0.3691037595272064,0.36573484539985657,0.3693132996559143,0.3637337386608124,0.36278071999549866,0.3633362948894501,0.37289315462112427,0.3710862100124359,0.36591994762420654,0.3711678683757782]","[-0.049019116908311844,-0.19217970967292786,1.1110317707061768,2.8825559616088867,0.15894357860088348,-1.5429998636245728,0.038880009204149246,-0.030385009944438934,-0.03416500985622406,-0.03003498911857605,-0.03258999437093735,-0.05515999346971512,-0.14153999090194702,-0.14048998057842255,-0.14468999207019806,-0.14710499346256256,0.36910131573677063,0.36573249101638794,0.36931121349334717,0.3636675179004669,0.3627399802207947,0.3633349537849426,0.3728812336921692,0.3710786998271942,0.3659687340259552,0.37119248509407043]","[-0.049019118701466774,-0.19217971644579906,1.1110317348816974,2.8825559180792415,0.1589435743175724,-1.5429998466092598,0.038880009204149246,-0.030385009944438934,-0.03416500985622406,-0.03003498911857605,-0.03258999437093735,-0.05515999346971512,-0.14153999090194702,-0.14048998057842255,-0.14468999207019806,-0.14710499346256256,0.36910131573677063,0.36573249101638794,0.36931121349334717,0.3636675179004669,0.3627399802207947,0.3633349537849426,0.3728812336921692,0.3710786998271942,0.3659687340259552,0.37119248509407043]","[8.687376976013184e-06,-5.173683166503906e-05,4.017353057861328e-05,-0.00035190582275390625,3.187358379364014e-05,1.633167266845703e-05,-1.1846423149108887e-06,-3.0174851417541504e-07,-2.8911978006362915e-05,7.407926023006439e-05,5.950033664703369e-05,-4.954636096954346e-07,1.8775463104248047e-06,3.933906555175781e-06,-1.043081283569336e-05,-1.4275312423706055e-05,-2.4437904357910156e-06,-2.3543834686279297e-06,-2.086162567138672e-06,-6.622076034545898e-05,-4.073977470397949e-05,-1.341104507446289e-06,-1.1920928955078125e-05,-7.510185241699219e-06,4.8786401748657227e-05,2.4616718292236328e-05]","[0.12090824544429779,-0.3179875612258911,1.0200239419937134]","[0.025924857705831528,0.02372908964753151,-0.6744661927223206,0.7374687194824219]","[0.00043862301390618086,-0.00013651045446749777,-0.0008383580134250224]","[0.004238991532474756,-0.0032153609208762646,0.0008580832509323955]","[-0.1599999964237213,-0.30000001192092896,0.7400000095367432]","[0.7070000171661377,0.7070000171661377,0.0,0.0]","[-0.04902767017483711,-0.19212791323661804,1.1109914779663086]","[0.14704802632331848,0.7014914751052856,0.6965506672859192,-0.03322124853730202]","[""right_finger2_link3"",""right_finger2_link4"",""right_finger3_link3"",""right_finger3_link4"",""right_finger4_link3"",""right_finger4_link4""]","[[0.0023446273989975452,-0.23963412642478943,0.986472487449646],[0.004613776225596666,-0.2397427260875702,0.9570600986480713],[-0.026673709973692894,-0.24457472562789917,0.9860194325447083],[-0.025790970772504807,-0.24474535882472992,0.9565331339836121],[-0.053088411688804626,-0.23984763026237488,0.9865021109580994],[-0.05449216812849045,-0.2395368218421936,0.9570371508598328]]","[0.0,0.0,0.0,0.0,0.0,0.0]","[[0.0,0.0,0.0],[0.0,0.0,0.0],[0.0,0.0,0.0],[0.0,0.0,0.0],[0.0,0.0,0.0],[0.0,0.0,0.0]]",0.0,"[0.0,0.0,0.0]",0.0,"[0.0,0.0,0.0]",[],[],False,False,False,False,False,[],0.001803261993644334,0.019738842858537848,6.505823196265999,0.035099565023120505,6.505823196265999,0.0,0.0,0,0,0,True,FRAME_JUMP,True
109,correction_1,FAILED,"[-0.04902777075767517,-0.19212746620178223,1.1109915971755981,2.8829092979431152,0.15891140699386597,-1.5430161952972412,0.03888159990310669,-0.030383700504899025,-0.03413644805550575,-0.03010716661810875,-0.03264789283275604,-0.055159568786621094,-0.14154155552387238,-0.14049333333969116,-0.14467966556549072,-0.14709098637104034,0.3691040575504303,0.36573559045791626,0.36931487917900085,0.3637336194515228,0.36278000473976135,0.3633362948894501,0.3728930652141571,0.37108561396598816,0.36592039465904236,0.3711688220500946]","[-0.049019116908311844,-0.19217970967292786,1.1110317707061768,2.8825559616088867,0.15894357860088348,-1.5429998636245728,0.038880009204149246,-0.030385009944438934,-0.03416500985622406,-0.03003498911857605,-0.03258999437093735,-0.05515999346971512,-0.14153999090194702,-0.14048998057842255,-0.14468999207019806,-0.14710499346256256,0.36910131573677063,0.36573249101638794,0.36931121349334717,0.3636675179004669,0.3627399802207947,0.3633349537849426,0.3728812336921692,0.3710786998271942,0.3659687340259552,0.37119248509407043]","[-0.049019118701466774,-0.19217971644579906,1.1110317348816974,2.8825559180792415,0.1589435743175724,-1.5429998466092598,0.038880009204149246,-0.030385009944438934,-0.03416500985622406,-0.03003498911857605,-0.03258999437093735,-0.05515999346971512,-0.14153999090194702,-0.14048998057842255,-0.14468999207019806,-0.14710499346256256,0.36910131573677063,0.36573249101638794,0.36931121349334717,0.3636675179004669,0.3627399802207947,0.3633349537849426,0.3728812336921692,0.3710786998271942,0.3659687340259552,0.37119248509407043]","[8.653849363327026e-06,-5.224347114562988e-05,4.017353057861328e-05,-0.0003533363342285156,3.217160701751709e-05,1.633167266845703e-05,-1.5906989574432373e-06,-1.3094395399093628e-06,-2.8561800718307495e-05,7.217749953269958e-05,5.789846181869507e-05,-4.246830940246582e-07,1.564621925354004e-06,3.3527612686157227e-06,-1.0326504707336426e-05,-1.4007091522216797e-05,-2.7418136596679688e-06,-3.0994415283203125e-06,-3.6656856536865234e-06,-6.61015510559082e-05,-4.0024518966674805e-05,-1.341104507446289e-06,-1.1831521987915039e-05,-6.9141387939453125e-06,4.83393669128418e-05,2.3663043975830078e-05]","[0.12090839445590973,-0.31798696517944336,1.0200227499008179]","[0.025930600240826607,0.0237339586019516,-0.6744588613510132,0.7374750971794128]","[-0.00031257636146619916,-4.900391286355443e-05,-0.0006808133912272751]","[0.0030705316457897425,-0.003415926592424512,-0.00030892741051502526]","[-0.1599999964237213,-0.30000001192092896,0.7400000095367432]","[0.7070000171661377,0.7070000171661377,0.0,0.0]","[-0.04902763292193413,-0.19212740659713745,1.1109914779663086]","[0.14704732596874237,0.70149165391922,0.696550726890564,-0.03322086110711098]","[""right_finger2_link3"",""right_finger2_link4"",""right_finger3_link3"",""right_finger3_link4"",""right_finger4_link3"",""right_finger4_link4""]","[[0.002344618085771799,-0.23963339626789093,0.9864722490310669],[0.004613752011209726,-0.23974189162254333,0.9570598602294922],[-0.026673709973692894,-0.24457405507564545,0.9860191941261292],[-0.025790970772504807,-0.24474459886550903,0.956532895565033],[-0.05308842286467552,-0.23984688520431519,0.9865019917488098],[-0.05449219420552254,-0.23953597247600555,0.9570370316505432]]","[0.0,0.0,0.0,0.0,0.0,0.0]","[[0.0,0.0,0.0],[0.0,0.0,0.0],[0.0,0.0,0.0],[0.0,0.0,0.0],[0.0,0.0,0.0],[0.0,0.0,0.0]]",0.0,"[0.0,0.0,0.0]",0.0,"[0.0,0.0,0.0]",[],[],False,False,False,False,False,[],0.0018011661681477387,0.01973829080035774,6.507231395015901,0.03509823564745058,6.507231395015901,0.0,0.0,0,0,0,True,FRAME_JUMP,True
110,correction_1,FAILED,"[-0.049027491360902786,-0.19212807714939117,1.1109915971755981,2.882906198501587,0.1589122861623764,-1.5430161952972412,0.03888168931007385,-0.03038397803902626,-0.034136924892663956,-0.030106602236628532,-0.032647617161273956,-0.05515947565436363,-0.14154180884361267,-0.14049261808395386,-0.14468032121658325,-0.14709140360355377,0.3691038191318512,0.36573532223701477,0.36931395530700684,0.3637330234050751,0.3627801239490509,0.3633362948894501,0.3728931248188019,0.37108558416366577,0.3659205436706543,0.3711686134338379]","[-0.049019116908311844,-0.19217970967292786,1.1110317707061768,2.8825559616088867,0.15894357860088348,-1.5429998636245728,0.038880009204149246,-0.030385009944438934,-0.03416500985622406,-0.03003498911857605,-0.03258999437093735,-0.05515999346971512,-0.14153999090194702,-0.14048998057842255,-0.14468999207019806,-0.14710499346256256,0.36910131573677063,0.36573249101638794,0.36931121349334717,0.3636675179004669,0.3627399802207947,0.3633349537849426,0.3728812336921692,0.3710786998271942,0.3659687340259552,0.37119248509407043]","[-0.049019118701466774,-0.19217971644579906,1.1110317348816974,2.8825559180792415,0.1589435743175724,-1.5429998466092598,0.038880009204149246,-0.030385009944438934,-0.03416500985622406,-0.03003498911857605,-0.03258999437093735,-0.05515999346971512,-0.14153999090194702,-0.14048998057842255,-0.14468999207019806,-0.14710499346256256,0.36910131573677063,0.36573249101638794,0.36931121349334717,0.3636675179004669,0.3627399802207947,0.3633349537849426,0.3728812336921692,0.3710786998271942,0.3659687340259552,0.37119248509407043]","[8.374452590942383e-06,-5.163252353668213e-05,4.017353057861328e-05,-0.0003502368927001953,3.129243850708008e-05,1.633167266845703e-05,-1.6801059246063232e-06,-1.0319054126739502e-06,-2.808496356010437e-05,7.16131180524826e-05,5.762279033660889e-05,-5.178153514862061e-07,1.817941665649414e-06,2.637505531311035e-06,-9.670853614807129e-06,-1.3589859008789062e-05,-2.5033950805664062e-06,-2.8312206268310547e-06,-2.7418136596679688e-06,-6.55055046081543e-05,-4.0143728256225586e-05,-1.341104507446289e-06,-1.189112663269043e-05,-6.884336471557617e-06,4.819035530090332e-05,2.3871660232543945e-05]","[0.12090838700532913,-0.3179875314235687,1.0200237035751343]","[0.025923317298293114,0.023727620020508766,-0.6744674444198608,0.7374677658081055]","[5.2380910346983e-05,0.0012478568824008107,-0.00030653958674520254]","[0.0013541297521442175,-0.0006814362131990492,-0.0012081408640369773]","[-0.1599999964237213,-0.30000001192092896,0.7400000095367432]","[0.7070000171661377,0.7070000171661377,0.0,0.0]","[-0.04902735352516174,-0.1921280175447464,1.1109914779663086]","[0.14704863727092743,0.7014912962913513,0.6965506076812744,-0.03322163224220276]","[""right_finger2_link3"",""right_finger2_link4"",""right_finger3_link3"",""right_finger3_link4"",""right_finger4_link3"",""right_finger4_link4""]","[[0.002344982698559761,-0.23963437974452972,0.9864725470542908],[0.004614134319126606,-0.23974299430847168,0.9570601582527161],[-0.026673300191760063,-0.24457503855228424,0.986019492149353],[-0.025790516287088394,-0.24474571645259857,0.9565331935882568],[-0.05308805778622627,-0.2398478090763092,0.9865021109580994],[-0.05449182540178299,-0.23953697085380554,0.9570371508598328]]","[0.0,0.0,0.0,0.0,0.0,0.0]","[[0.0,0.0,0.0],[0.0,0.0,0.0],[0.0,0.0,0.0],[0.0,0.0,0.0],[0.0,0.0,0.0],[0.0,0.0,0.0]]",0.0,"[0.0,0.0,0.0]",0.0,"[0.0,0.0,0.0]",[],[],False,False,False,False,False,[],0.0018031144663664955,0.01973877770794296,6.5055309280369755,0.0350993246047136,6.5055309280369755,0.0,0.0,0,0,0,True,FRAME_JUMP,True
111,correction_1,FAILED,"[-0.049027398228645325,-0.19212797284126282,1.1109915971755981,2.882908344268799,0.1589120477437973,-1.5430161952972412,0.03888111561536789,-0.030384644865989685,-0.034136027097702026,-0.03010878711938858,-0.03264933452010155,-0.05515948683023453,-0.1415415108203888,-0.1404932141304016,-0.14468024671077728,-0.1470903903245926,0.3691035211086273,0.36573508381843567,0.3693130910396576,0.3637339770793915,0.36278024315834045,0.3633362948894501,0.37289321422576904,0.37108564376831055,0.3659197986125946,0.371167927980423]","[-0.049019116908311844,-0.19217970967292786,1.1110317707061768,2.8825559616088867,0.15894357860088348,-1.5429998636245728,0.038880009204149246,-0.030385009944438934,-0.03416500985622406,-0.03003498911857605,-0.03258999437093735,-0.05515999346971512,-0.14153999090194702,-0.14048998057842255,-0.14468999207019806,-0.14710499346256256,0.36910131573677063,0.36573249101638794,0.36931121349334717,0.3636675179004669,0.3627399802207947,0.3633349537849426,0.3728812336921692,0.3710786998271942,0.3659687340259552,0.37119248509407043]","[-0.049019118701466774,-0.19217971644579906,1.1110317348816974,2.8825559180792415,0.1589435743175724,-1.5429998466092598,0.038880009204149246,-0.030385009944438934,-0.03416500985622406,-0.03003498911857605,-0.03258999437093735,-0.05515999346971512,-0.14153999090194702,-0.14048998057842255,-0.14468999207019806,-0.14710499346256256,0.36910131573677063,0.36573249101638794,0.36931121349334717,0.3636675179004669,0.3627399802207947,0.3633349537849426,0.3728812336921692,0.3710786998271942,0.3659687340259552,0.37119248509407043]","[8.281320333480835e-06,-5.173683166503906e-05,4.017353057861328e-05,-0.0003523826599121094,3.153085708618164e-05,1.633167266845703e-05,-1.1064112186431885e-06,-3.650784492492676e-07,-2.898275852203369e-05,7.379800081253052e-05,5.934014916419983e-05,-5.066394805908203e-07,1.519918441772461e-06,3.2335519790649414e-06,-9.745359420776367e-06,-1.4603137969970703e-05,-2.205371856689453e-06,-2.592802047729492e-06,-1.8775463104248047e-06,-6.645917892456055e-05,-4.026293754577637e-05,-1.341104507446289e-06,-1.1980533599853516e-05,-6.943941116333008e-06,4.89354133605957e-05,2.4557113647460938e-05]","[0.12090906500816345,-0.3179871439933777,1.0200234651565552]","[0.025931399315595627,0.023735448718070984,-0.6744565963745117,0.7374770641326904]","[0.0002821155358105898,-7.995617488631979e-05,-0.00017606238543521613]","[0.0009538825252093375,-0.0006009771022945642,-0.0006775715155526996]","[-0.1599999964237213,-0.30000001192092896,0.7400000095367432]","[0.7070000171661377,0.7070000171661377,0.0,0.0]","[-0.04902726039290428,-0.19212791323661804,1.1109914779663086]","[0.1470479965209961,0.7014915347099304,0.6965506672859192,-0.033220987766981125]","[""right_finger2_link3"",""right_finger2_link4"",""right_finger3_link3"",""right_finger3_link4"",""right_finger4_link3"",""right_finger4_link4""]","[[0.00234509096480906,-0.23963406682014465,0.986472487449646],[0.00461425818502903,-0.23974265158176422,0.9570600986480713],[-0.026673223823308945,-0.2445746660232544,0.9860194325447083],[-0.02579045295715332,-0.24474529922008514,0.9565331339836121],[-0.05308796465396881,-0.2398475557565689,0.9865021109580994],[-0.05449172109365463,-0.23953671753406525,0.9570371508598328]]","[0.0,0.0,0.0,0.0,0.0,0.0]","[[0.0,0.0,0.0],[0.0,0.0,0.0],[0.0,0.0,0.0],[0.0,0.0,0.0],[0.0,0.0,0.0],[0.0,0.0,0.0]]",0.0,"[0.0,0.0,0.0]",0.0,"[0.0,0.0,0.0]",[],[],False,False,False,False,False,[],0.0018015662361684504,0.019738192331343652,6.507614608260081,0.035098791627317244,6.507614608260081,0.0,0.0,0,0,0,True,FRAME_JUMP,True
112,correction_1,FAILED,"[-0.04902735352516174,-0.19212782382965088,1.1109915971755981,2.8829078674316406,0.15891239047050476,-1.5430161952972412,0.03888164088129997,-0.03038366511464119,-0.0341368243098259,-0.03010624274611473,-0.032647259533405304,-0.055159565061330795,-0.14154158532619476,-0.14049263298511505,-0.14468011260032654,-0.14709094166755676,0.3691036105155945,0.3657357394695282,0.369314968585968,0.3637336194515228,0.36277973651885986,0.3633362948894501,0.37289294600486755,0.37108561396598816,0.36592045426368713,0.3711688220500946]","[-0.049019116908311844,-0.19217970967292786,1.1110317707061768,2.8825559616088867,0.15894357860088348,-1.5429998636245728,0.038880009204149246,-0.030385009944438934,-0.03416500985622406,-0.03003498911857605,-0.03258999437093735,-0.05515999346971512,-0.14153999090194702,-0.14048998057842255,-0.14468999207019806,-0.14710499346256256,0.36910131573677063,0.36573249101638794,0.36931121349334717,0.3636675179004669,0.3627399802207947,0.3633349537849426,0.3728812336921692,0.3710786998271942,0.3659687340259552,0.37119248509407043]","[-0.049019118701466774,-0.19217971644579906,1.1110317348816974,2.8825559180792415,0.1589435743175724,-1.5429998466092598,0.038880009204149246,-0.030385009944438934,-0.03416500985622406,-0.03003498911857605,-0.03258999437093735,-0.05515999346971512,-0.14153999090194702,-0.14048998057842255,-0.14468999207019806,-0.14710499346256256,0.36910131573677063,0.36573249101638794,0.36931121349334717,0.3636675179004669,0.3627399802207947,0.3633349537849426,0.3728812336921692,0.3710786998271942,0.3659687340259552,0.37119248509407043]","[8.236616849899292e-06,-5.188584327697754e-05,4.017353057861328e-05,-0.00035190582275390625,3.1188130378723145e-05,1.633167266845703e-05,-1.6316771507263184e-06,-1.344829797744751e-06,-2.8185546398162842e-05,7.125362753868103e-05,5.726516246795654e-05,-4.284083843231201e-07,1.5944242477416992e-06,2.652406692504883e-06,-9.879469871520996e-06,-1.405179500579834e-05,-2.294778823852539e-06,-3.248453140258789e-06,-3.7550926208496094e-06,-6.61015510559082e-05,-3.975629806518555e-05,-1.341104507446289e-06,-1.1712312698364258e-05,-6.9141387939453125e-06,4.8279762268066406e-05,2.3663043975830078e-05]","[0.12090879678726196,-0.31798747181892395,1.020024061203003]","[0.025924446061253548,0.023728692904114723,-0.6744652390480042,0.7374696731567383]","[0.00011022733087884262,-6.342910637613386e-05,0.0006201533833518624]","[-0.0030697088222950697,0.003309218678623438,-3.102918708464131e-05]","[-0.1599999964237213,-0.30000001192092896,0.7400000095367432]","[0.7070000171661377,0.7070000171661377,0.0,0.0]","[-0.049027219414711,-0.1921277642250061,1.1109914779663086]","[0.1470482349395752,0.7014914751052856,0.6965506076812744,-0.03322096914052963]","[""right_finger2_link3"",""right_finger2_link4"",""right_finger3_link3"",""right_finger3_link4"",""right_finger4_link3"",""right_finger4_link4""]","[[0.0023451566230505705,-0.23963391780853271,0.986472487449646],[0.004614309873431921,-0.2397424578666687,0.9570600986480713],[-0.02667311765253544,-0.24457460641860962,0.9860194325447083],[-0.025790324434638023,-0.24474520981311798,0.9565331339836121],[-0.053087860345840454,-0.2398473471403122,0.9865021109580994],[-0.05449160560965538,-0.23953644931316376,0.9570371508598328]]","[0.0,0.0,0.0,0.0,0.0,0.0]","[[0.0,0.0,0.0],[0.0,0.0,0.0],[0.0,0.0,0.0],[0.0,0.0,0.0],[0.0,0.0,0.0],[0.0,0.0,0.0]]",0.0,"[0.0,0.0,0.0]",0.0,"[0.0,0.0,0.0]",[],[],False,False,False,False,False,[],0.0018031609322248787,0.01973856311205828,6.505903841752073,0.03509950959350137,6.505903841752073,0.0,0.0,0,0,0,True,FRAME_JUMP,True
113,correction_1,FAILED,"[-0.04902669042348862,-0.1921287178993225,1.1109915971755981,2.882908582687378,0.1589134931564331,-1.5430161952972412,0.0388815775513649,-0.030384089797735214,-0.0341373085975647,-0.0301055908203125,-0.03264688700437546,-0.05515950545668602,-0.1415417343378067,-0.14049264788627625,-0.14468014240264893,-0.14709146320819855,0.3691036105155945,0.3657352328300476,0.3693141043186188,0.36373236775398254,0.36277878284454346,0.3633362948894501,0.3728928864002228,0.3710859417915344,0.3659208416938782,0.371168851852417]","[-0.049019116908311844,-0.19217970967292786,1.1110317707061768,2.8825559616088867,0.15894357860088348,-1.5429998636245728,0.038880009204149246,-0.030385009944438934,-0.03416500985622406,-0.03003498911857605,-0.03258999437093735,-0.05515999346971512,-0.14153999090194702,-0.14048998057842255,-0.14468999207019806,-0.14710499346256256,0.36910131573677063,0.36573249101638794,0.36931121349334717,0.3636675179004669,0.3627399802207947,0.3633349537849426,0.3728812336921692,0.3710786998271942,0.3659687340259552,0.37119248509407043]","[-0.049019118701466774,-0.19217971644579906,1.1110317348816974,2.8825559180792415,0.1589435743175724,-1.5429998466092598,0.038880009204149246,-0.030385009944438934,-0.03416500985622406,-0.03003498911857605,-0.03258999437093735,-0.05515999346971512,-0.14153999090194702,-0.14048998057842255,-0.14468999207019806,-0.14710499346256256,0.36910131573677063,0.36573249101638794,0.36931121349334717,0.3636675179004669,0.3627399802207947,0.3633349537849426,0.3728812336921692,0.3710786998271942,0.3659687340259552,0.37119248509407043]","[7.573515176773071e-06,-5.099177360534668e-05,4.017353057861328e-05,-0.00035262107849121094,3.0085444450378418e-05,1.633167266845703e-05,-1.5683472156524658e-06,-9.201467037200928e-07,-2.7701258659362793e-05,7.06017017364502e-05,5.689263343811035e-05,-4.880130290985107e-07,1.7434358596801758e-06,2.6673078536987305e-06,-9.8496675491333e-06,-1.3530254364013672e-05,-2.294778823852539e-06,-2.7418136596679688e-06,-2.8908252716064453e-06,-6.4849853515625e-05,-3.88026237487793e-05,-1.341104507446289e-06,-1.1652708053588867e-05,-7.241964340209961e-06,4.789233207702637e-05,2.3633241653442383e-05]","[0.120909683406353,-0.31798845529556274,1.0200175046920776]","[0.025940388441085815,0.02374337427318096,-0.6744654178619385,0.737468421459198]","[-1.2843807780882344e-05,0.0006705175619572401,-0.0006444049067795277]","[0.003962333779782057,-0.0018730727024376392,-0.0003564070211723447]","[-0.1599999964237213,-0.30000001192092896,0.7400000095367432]","[0.7070000171661377,0.7070000171661377,0.0,0.0]","[-0.049026552587747574,-0.19212865829467773,1.1109914779663086]","[0.14704839885234833,0.7014914155006409,0.6965507864952087,-0.0332203134894371]","[""right_finger2_link3"",""right_finger2_link4"",""right_finger3_link3"",""right_finger3_link4"",""right_finger4_link3"",""right_finger4_link4""]","[[0.0023459901567548513,-0.2396346926689148,0.986472487449646],[0.0046151853166520596,-0.23974324762821198,0.9570600986480713],[-0.02667229250073433,-0.2445753961801529,0.9860194325447083],[-0.025789467617869377,-0.24474602937698364,0.9565331339836121],[-0.0530870296061039,-0.23984813690185547,0.9865021109580994],[-0.054490745067596436,-0.23953723907470703,0.9570371508598328]]","[0.0,0.0,0.0,0.0,0.0,0.0]","[[0.0,0.0,0.0],[0.0,0.0,0.0],[0.0,0.0,0.0],[0.0,0.0,0.0],[0.0,0.0,0.0],[0.0,0.0,0.0]]",0.0,"[0.0,0.0,0.0]",0.0,"[0.0,0.0,0.0]",[],[],False,False,False,False,False,[],0.0017980164475026594,0.019739499458976323,6.5073538931305075,0.03509443186904435,6.5073538931305075,0.0,0.0,0,0,0,True,FRAME_JUMP,True
114,correction_1,FAILED,"[-0.04902702197432518,-0.19212855398654938,1.1109915971755981,2.8829104900360107,0.15891394019126892,-1.5430160760879517,0.03888101503252983,-0.030384700745344162,-0.034135423600673676,-0.0301103126257658,-0.03265080973505974,-0.05515950545668602,-0.14154188334941864,-0.1404922902584076,-0.14468111097812653,-0.14709173142910004,0.36910292506217957,0.36573371291160583,0.36931300163269043,0.36373481154441833,0.36278149485588074,0.3633362948894501,0.37289324402809143,0.3710862100124359,0.3659193813800812,0.3711664080619812]","[-0.049019116908311844,-0.19217970967292786,1.1110317707061768,2.8825559616088867,0.15894357860088348,-1.5429998636245728,0.038880009204149246,-0.030385009944438934,-0.03416500985622406,-0.03003498911857605,-0.03258999437093735,-0.05515999346971512,-0.14153999090194702,-0.14048998057842255,-0.14468999207019806,-0.14710499346256256,0.36910131573677063,0.36573249101638794,0.36931121349334717,0.3636675179004669,0.3627399802207947,0.3633349537849426,0.3728812336921692,0.3710786998271942,0.3659687340259552,0.37119248509407043]","[-0.049019118701466774,-0.19217971644579906,1.1110317348816974,2.8825559180792415,0.1589435743175724,-1.5429998466092598,0.038880009204149246,-0.030385009944438934,-0.03416500985622406,-0.03003498911857605,-0.03258999437093735,-0.05515999346971512,-0.14153999090194702,-0.14048998057842255,-0.14468999207019806,-0.14710499346256256,0.36910131573677063,0.36573249101638794,0.36931121349334717,0.3636675179004669,0.3627399802207947,0.3633349537849426,0.3728812336921692,0.3710786998271942,0.3659687340259552,0.37119248509407043]","[7.905066013336182e-06,-5.1155686378479004e-05,4.017353057861328e-05,-0.00035452842712402344,2.9638409614562988e-05,1.621246337890625e-05,-1.0058283805847168e-06,-3.0919909477233887e-07,-2.958625555038452e-05,7.532350718975067e-05,6.081536412239075e-05,-4.880130290985107e-07,1.8924474716186523e-06,2.3096799850463867e-06,-8.881092071533203e-06,-1.3262033462524414e-05,-1.6093254089355469e-06,-1.2218952178955078e-06,-1.7881393432617188e-06,-6.729364395141602e-05,-4.151463508605957e-05,-1.341104507446289e-06,-1.2010335922241211e-05,-7.510185241699219e-06,4.935264587402344e-05,2.60770320892334e-05]","[0.12090910971164703,-0.3179888129234314,1.0200221538543701]","[0.02592433989048004,0.02372913993895054,-0.6744634509086609,0.7374712228775024]","[0.0001481905928812921,-0.000254010345088318,0.00013859066530130804]","[-0.0008588337805122137,0.0009783727582544088,-6.615009624511003e-05]","[-0.1599999964237213,-0.30000001192092896,0.7400000095367432]","[0.7070000171661377,0.7070000171661377,0.0,0.0]","[-0.049026887863874435,-0.1921284943819046,1.1109914779663086]","[0.14704786241054535,0.7014915347099304,0.6965507864952087,-0.033219531178474426]","[""right_finger2_link3"",""right_finger2_link4"",""right_finger3_link3"",""right_finger3_link4"",""right_finger4_link3"",""right_finger4_link4""]","[[0.002345717279240489,-0.23963433504104614,0.9864723682403564],[0.004614937584847212,-0.23974290490150452,0.9570599794387817],[-0.026672562584280968,-0.24457493424415588,0.9860191941261292],[-0.025789719074964523,-0.24474547803401947,0.956532895565033],[-0.053087394684553146,-0.23984792828559875,0.9865019917488098],[-0.05449112877249718,-0.2395370453596115,0.9570370316505432]]","[0.0,0.0,0.0,0.0,0.0,0.0]","[[0.0,0.0,0.0],[0.0,0.0,0.0],[0.0,0.0,0.0],[0.0,0.0,0.0],[0.0,0.0,0.0],[0.0,0.0,0.0]]",0.0,"[0.0,0.0,0.0]",0.0,"[0.0,0.0,0.0]",[],[],False,False,False,False,False,[],0.001800943701676272,0.019739805270908344,6.506132779194792,0.035098577908385394,6.506132779194792,0.0,0.0,0,0,0,True,FRAME_JUMP,True
115,correction_1,FAILED,"[-0.0490269772708416,-0.19212815165519714,1.1109915971755981,2.882910966873169,0.15891386568546295,-1.5430160760879517,0.0388810932636261,-0.030384764075279236,-0.03413565456867218,-0.03011014685034752,-0.03265080228447914,-0.05515948310494423,-0.14154186844825745,-0.14049282670021057,-0.14468108117580414,-0.14709070324897766,0.3691030442714691,0.3657340109348297,0.36931297183036804,0.36373472213745117,0.36278223991394043,0.3633362948894501,0.3728930354118347,0.3710859417915344,0.3659193217754364,0.371166467666626]","[-0.049019116908311844,-0.19217970967292786,1.1110317707061768,2.8825559616088867,0.15894357860088348,-1.5429998636245728,0.038880009204149246,-0.030385009944438934,-0.03416500985622406,-0.03003498911857605,-0.03258999437093735,-0.05515999346971512,-0.14153999090194702,-0.14048998057842255,-0.14468999207019806,-0.14710499346256256,0.36910131573677063,0.36573249101638794,0.36931121349334717,0.3636675179004669,0.3627399802207947,0.3633349537849426,0.3728812336921692,0.3710786998271942,0.3659687340259552,0.37119248509407043]","[-0.049019118701466774,-0.19217971644579906,1.1110317348816974,2.8825559180792415,0.1589435743175724,-1.5429998466092598,0.038880009204149246,-0.030385009944438934,-0.03416500985622406,-0.03003498911857605,-0.03258999437093735,-0.05515999346971512,-0.14153999090194702,-0.14048998057842255,-0.14468999207019806,-0.14710499346256256,0.36910131573677063,0.36573249101638794,0.36931121349334717,0.3636675179004669,0.3627399802207947,0.3633349537849426,0.3728812336921692,0.3710786998271942,0.3659687340259552,0.37119248509407043]","[7.860362529754639e-06,-5.155801773071289e-05,4.017353057861328e-05,-0.00035500526428222656,2.9712915420532227e-05,1.621246337890625e-05,-1.084059476852417e-06,-2.4586915969848633e-07,-2.9355287551879883e-05,7.515773177146912e-05,6.080791354179382e-05,-5.103647708892822e-07,1.8775463104248047e-06,2.8461217880249023e-06,-8.910894393920898e-06,-1.4290213584899902e-05,-1.7285346984863281e-06,-1.519918441772461e-06,-1.7583370208740234e-06,-6.720423698425293e-05,-4.225969314575195e-05,-1.341104507446289e-06,-1.1801719665527344e-05,-7.241964340209961e-06,4.941225051879883e-05,2.6017427444458008e-05]","[0.12090887129306793,-0.31799012422561646,1.0200201272964478]","[0.025916680693626404,0.023721827194094658,-0.6744734644889832,0.7374626398086548]","[-0.000312312797177583,0.0006765852449461818,-0.00041057795169763267]","[0.001925954013131559,-0.0008967411704361439,0.0018128533847630024]","[-0.1599999964237213,-0.30000001192092896,0.7400000095367432]","[0.7070000171661377,0.7070000171661377,0.0,0.0]","[-0.049026839435100555,-0.19212809205055237,1.1109914779663086]","[0.1470477133989334,0.7014915943145752,0.6965507864952087,-0.03321939334273338]","[""right_finger2_link3"",""right_finger2_link4"",""right_finger3_link3"",""right_finger3_link4"",""right_finger4_link3"",""right_finger4_link4""]","[[0.0023457540664821863,-0.23963388800621033,0.9864722490310669],[0.004614970646798611,-0.2397424280643463,0.9570598602294922],[-0.026672523468732834,-0.24457448720932007,0.9860191941261292],[-0.025789689272642136,-0.24474503099918365,0.956532895565033],[-0.053087349981069565,-0.23984746634960175,0.9865019917488098],[-0.054491084069013596,-0.2395365834236145,0.9570370316505432]]","[0.0,0.0,0.0,0.0,0.0,0.0]","[[0.0,0.0,0.0],[0.0,0.0,0.0],[0.0,0.0,0.0],[0.0,0.0,0.0],[0.0,0.0,0.0],[0.0,0.0,0.0]]",0.0,"[0.0,0.0,0.0]",0.0,"[0.0,0.0,0.0]",[],[],False,False,False,False,False,[],0.0018001148833184377,0.019741215613516067,6.5041948611562574,0.035097638944544506,6.5041948611562574,0.0,0.0,0,0,0,True,FRAME_JUMP,True
116,correction_1,FAILED,"[-0.04902693256735802,-0.19212761521339417,1.1109915971755981,2.8829100131988525,0.15891407430171967,-1.5430160760879517,0.03888162225484848,-0.03038366138935089,-0.034136198461055756,-0.030107954517006874,-0.032648976892232895,-0.05515959486365318,-0.14154165983200073,-0.14049232006072998,-0.14468112587928772,-0.14709119498729706,0.36910346150398254,0.3657352030277252,0.36931490898132324,0.3637346625328064,0.3627811074256897,0.3633362948894501,0.37289294600486755,0.3710857927799225,0.36591970920562744,0.37116730213165283]","[-0.049019116908311844,-0.19217970967292786,1.1110317707061768,2.8825559616088867,0.15894357860088348,-1.5429998636245728,0.038880009204149246,-0.030385009944438934,-0.03416500985622406,-0.03003498911857605,-0.03258999437093735,-0.05515999346971512,-0.14153999090194702,-0.14048998057842255,-0.14468999207019806,-0.14710499346256256,0.36910131573677063,0.36573249101638794,0.36931121349334717,0.3636675179004669,0.3627399802207947,0.3633349537849426,0.3728812336921692,0.3710786998271942,0.3659687340259552,0.37119248509407043]","[-0.049019118701466774,-0.19217971644579906,1.1110317348816974,2.8825559180792415,0.1589435743175724,-1.5429998466092598,0.038880009204149246,-0.030385009944438934,-0.03416500985622406,-0.03003498911857605,-0.03258999437093735,-0.05515999346971512,-0.14153999090194702,-0.14048998057842255,-0.14468999207019806,-0.14710499346256256,0.36910131573677063,0.36573249101638794,0.36931121349334717,0.3636675179004669,0.3627399802207947,0.3633349537849426,0.3728812336921692,0.3710786998271942,0.3659687340259552,0.37119248509407043]","[7.815659046173096e-06,-5.2094459533691406e-05,4.017353057861328e-05,-0.0003540515899658203,2.950429916381836e-05,1.621246337890625e-05,-1.6130506992340088e-06,-1.3485550880432129e-06,-2.8811395168304443e-05,7.296539843082428e-05,5.8982521295547485e-05,-3.986060619354248e-07,1.6689300537109375e-06,2.339482307434082e-06,-8.866190910339355e-06,-1.379847526550293e-05,-2.1457672119140625e-06,-2.7120113372802734e-06,-3.6954879760742188e-06,-6.714463233947754e-05,-4.112720489501953e-05,-1.341104507446289e-06,-1.1712312698364258e-05,-7.092952728271484e-06,4.902482032775879e-05,2.518296241760254e-05]","[0.12090940773487091,-0.31799086928367615,1.0200119018554688]","[0.025931091979146004,0.023734571412205696,-0.6744759678840637,0.7374594211578369]","[9.751372272148728e-05,0.00016656464140396565,0.0010437255259603262]","[-0.005903750658035278,0.004745017271488905,-0.00028701184783130884]","[-0.1599999964237213,-0.30000001192092896,0.7400000095367432]","[0.7070000171661377,0.7070000171661377,0.0,0.0]","[-0.049026794731616974,-0.1921275556087494,1.1109914779663086]","[0.14704793691635132,0.7014914751052856,0.6965507864952087,-0.03321964293718338]","[""right_finger2_link3"",""right_finger2_link4"",""right_finger3_link3"",""right_finger3_link4"",""right_finger4_link3"",""right_finger4_link4""]","[[0.002345776418223977,-0.23963341116905212,0.9864722490310669],[0.00461497763171792,-0.23974189162254333,0.9570598602294922],[-0.026672478765249252,-0.24457404017448425,0.9860191941261292],[-0.02578962966799736,-0.24474455416202545,0.956532895565033],[-0.05308730527758598,-0.23984691500663757,0.9865019917488098],[-0.054491035640239716,-0.23953595757484436,0.9570370316505432]]","[0.0,0.0,0.0,0.0,0.0,0.0]","[[0.0,0.0,0.0],[0.0,0.0,0.0],[0.0,0.0,0.0],[0.0,0.0,0.0],[0.0,0.0,0.0],[0.0,0.0,0.0]]",0.0,"[0.0,0.0,0.0]",0.0,"[0.0,0.0,0.0]",[],[],False,False,False,False,False,[],0.0017935748031979726,0.01974213266576557,6.505197937275353,0.03509112339775152,6.505197937275353,0.0,0.0,0,0,0,True,FRAME_JUMP,True
117,correction_1,FAILED,"[-0.049027230590581894,-0.1921277791261673,1.1109915971755981,2.8829104900360107,0.1589144766330719,-1.5430160760879517,0.03888116404414177,-0.030384451150894165,-0.034135155379772186,-0.030111011117696762,-0.03265158459544182,-0.05515950173139572,-0.141541987657547,-0.14049182832241058,-0.14468170702457428,-0.14709113538265228,0.3691023588180542,0.3657347559928894,0.3693138659000397,0.36373573541641235,0.36278319358825684,0.3633362948894501,0.3728930652141571,0.3710862100124359,0.3659187853336334,0.37116533517837524]","[-0.049019116908311844,-0.19217970967292786,1.1110317707061768,2.8825559616088867,0.15894357860088348,-1.5429998636245728,0.038880009204149246,-0.030385009944438934,-0.03416500985622406,-0.03003498911857605,-0.03258999437093735,-0.05515999346971512,-0.14153999090194702,-0.14048998057842255,-0.14468999207019806,-0.14710499346256256,0.36910131573677063,0.36573249101638794,0.36931121349334717,0.3636675179004669,0.3627399802207947,0.3633349537849426,0.3728812336921692,0.3710786998271942,0.3659687340259552,0.37119248509407043]","[-0.049019118701466774,-0.19217971644579906,1.1110317348816974,2.8825559180792415,0.1589435743175724,-1.5429998466092598,0.038880009204149246,-0.030385009944438934,-0.03416500985622406,-0.03003498911857605,-0.03258999437093735,-0.05515999346971512,-0.14153999090194702,-0.14048998057842255,-0.14468999207019806,-0.14710499346256256,0.36910131573677063,0.36573249101638794,0.36931121349334717,0.3636675179004669,0.3627399802207947,0.3633349537849426,0.3728812336921692,0.3710786998271942,0.3659687340259552,0.37119248509407043]","[8.113682270050049e-06,-5.193054676055908e-05,4.017353057861328e-05,-0.00035452842712402344,2.9101967811584473e-05,1.621246337890625e-05,-1.1548399925231934e-06,-5.587935447692871e-07,-2.985447645187378e-05,7.602199912071228e-05,6.159022450447083e-05,-4.917383193969727e-07,1.996755599975586e-06,1.8477439880371094e-06,-8.285045623779297e-06,-1.385807991027832e-05,-1.043081283569336e-06,-2.2649765014648438e-06,-2.652406692504883e-06,-6.821751594543457e-05,-4.32133674621582e-05,-1.341104507446289e-06,-1.1831521987915039e-05,-7.510185241699219e-06,4.9948692321777344e-05,2.714991569519043e-05]","[0.1209089607000351,-0.31799155473709106,1.0200164318084717]","[0.025914020836353302,0.023719599470496178,-0.6744750142097473,0.7374613881111145]","[5.5744476412655786e-05,-0.0003769464965444058,-6.929094524821267e-07]","[-3.8168505852809176e-05,0.0001606005971552804,-0.0003205301472917199]","[-0.1599999964237213,-0.30000001192092896,0.7400000095367432]","[0.7070000171661377,0.7070000171661377,0.0,0.0]","[-0.04902709275484085,-0.19212771952152252,1.1109914779663086]","[0.1470479518175125,0.7014914751052856,0.6965507864952087,-0.03321939706802368]","[""right_finger2_link3"",""right_finger2_link4"",""right_finger3_link3"",""right_finger3_link4"",""right_finger4_link3"",""right_finger4_link4""]","[[0.0023455352056771517,-0.23963354527950287,0.9864723682403564],[0.004614743869751692,-0.23974207043647766,0.9570599794387817],[-0.026672692969441414,-0.24457412958145142,0.9860191941261292],[-0.02578982524573803,-0.24474464356899261,0.956532895565033],[-0.05308757349848747,-0.23984719812870026,0.9865019917488098],[-0.0544913075864315,-0.23953630030155182,0.9570370316505432]]","[0.0,0.0,0.0,0.0,0.0,0.0]","[[0.0,0.0,0.0],[0.0,0.0,0.0],[0.0,0.0,0.0],[0.0,0.0,0.0],[0.0,0.0,0.0],[0.0,0.0,0.0]]",0.0,"[0.0,0.0,0.0]",0.0,"[0.0,0.0,0.0]",[],[],False,False,False,False,False,[],0.0017964918976435262,0.019742706651553657,6.503769963039797,0.035095318807969435,6.503769963039797,0.0,0.0,0,0,0,True,FRAME_JUMP,True
118,correction_1,FAILED,"[-0.04902717098593712,-0.19212748110294342,1.1109915971755981,2.8829126358032227,0.1589145064353943,-1.5430160760879517,0.038881197571754456,-0.0303846076130867,-0.03413520008325577,-0.030111227184534073,-0.03265183046460152,-0.05515943840146065,-0.14154182374477386,-0.140492245554924,-0.14468185603618622,-0.14709055423736572,0.3691025972366333,0.36573514342308044,0.369313508272171,0.36373528838157654,0.36278361082077026,0.3633362948894501,0.37289297580718994,0.371086061000824,0.36591842770576477,0.37116527557373047]","[-0.049019116908311844,-0.19217970967292786,1.1110317707061768,2.8825559616088867,0.15894357860088348,-1.5429998636245728,0.038880009204149246,-0.030385009944438934,-0.03416500985622406,-0.03003498911857605,-0.03258999437093735,-0.05515999346971512,-0.14153999090194702,-0.14048998057842255,-0.14468999207019806,-0.14710499346256256,0.36910131573677063,0.36573249101638794,0.36931121349334717,0.3636675179004669,0.3627399802207947,0.3633349537849426,0.3728812336921692,0.3710786998271942,0.3659687340259552,0.37119248509407043]","[-0.049019118701466774,-0.19217971644579906,1.1110317348816974,2.8825559180792415,0.1589435743175724,-1.5429998466092598,0.038880009204149246,-0.030385009944438934,-0.03416500985622406,-0.03003498911857605,-0.03258999437093735,-0.05515999346971512,-0.14153999090194702,-0.14048998057842255,-0.14468999207019806,-0.14710499346256256,0.36910131573677063,0.36573249101638794,0.36931121349334717,0.3636675179004669,0.3627399802207947,0.3633349537849426,0.3728812336921692,0.3710786998271942,0.3659687340259552,0.37119248509407043]","[8.054077625274658e-06,-5.2228569984436035e-05,4.017353057861328e-05,-0.0003566741943359375,2.9072165489196777e-05,1.621246337890625e-05,-1.1883676052093506e-06,-4.023313522338867e-07,-2.9809772968292236e-05,7.623806595802307e-05,6.183609366416931e-05,-5.550682544708252e-07,1.8328428268432617e-06,2.2649765014648438e-06,-8.13603401184082e-06,-1.4439225196838379e-05,-1.2814998626708984e-06,-2.652406692504883e-06,-2.294778823852539e-06,-6.777048110961914e-05,-4.363059997558594e-05,-1.341104507446289e-06,-1.1742115020751953e-05,-7.361173629760742e-06,5.030632019042969e-05,2.720952033996582e-05]","[0.12090855836868286,-0.3179929852485657,1.0200144052505493]","[0.025907205417752266,0.023712726309895515,-0.6744840741157532,0.7374534606933594]","[0.00011028668086510152,-6.050946831237525e-05,-0.00018822363927029073]","[0.0007823360501788557,-0.000245111295953393,-0.0009176451130770147]","[-0.1599999964237213,-0.30000001192092896,0.7400000095367432]","[0.7070000171661377,0.7070000171661377,0.0,0.0]","[-0.049027033150196075,-0.19212742149829865,1.1109914779663086]","[0.14704720675945282,0.7014915943145752,0.6965508460998535,-0.0332186184823513]","[""right_finger2_link3"",""right_finger2_link4"",""right_finger3_link3"",""right_finger3_link4"",""right_finger4_link3"",""right_finger4_link4""]","[[0.002345611806958914,-0.2396329641342163,0.9864722490310669],[0.004614831414073706,-0.23974141478538513,0.9570598602294922],[-0.02667265757918358,-0.24457357823848724,0.9860191941261292],[-0.025789804756641388,-0.24474404752254486,0.956532895565033],[-0.05308753252029419,-0.23984666168689728,0.9865018725395203],[-0.054491281509399414,-0.23953571915626526,0.9570369124412537]]","[0.0,0.0,0.0,0.0,0.0,0.0]","[[0.0,0.0,0.0],[0.0,0.0,0.0],[0.0,0.0,0.0],[0.0,0.0,0.0],[0.0,0.0,0.0],[0.0,0.0,0.0]]",0.0,"[0.0,0.0,0.0]",0.0,"[0.0,0.0,0.0]",[],[],False,False,False,False,False,[],0.001795556458663028,0.019744285815513497,6.502000764117192,0.035094474852789256,6.502000764117192,0.0,0.0,0,0,0,True,FRAME_JUMP,True
119,correction_1,FAILED,"[-0.04902689531445503,-0.19212719798088074,1.1109915971755981,2.8829054832458496,0.15891490876674652,-1.5430160760879517,0.038881756365299225,-0.030383573845028877,-0.0341360867023468,-0.030108366161584854,-0.0326494537293911,-0.055159568786621094,-0.14154157042503357,-0.1404922753572464,-0.14468175172805786,-0.14709123969078064,0.36910292506217957,0.3657357394695282,0.36931464076042175,0.3637336194515228,0.3627828061580658,0.3633362948894501,0.3728925585746765,0.3710858225822449,0.36591893434524536,0.3711659610271454]","[-0.049019116908311844,-0.19217970967292786,1.1110317707061768,2.8825559616088867,0.15894357860088348,-1.5429998636245728,0.038880009204149246,-0.030385009944438934,-0.03416500985622406,-0.03003498911857605,-0.03258999437093735,-0.05515999346971512,-0.14153999090194702,-0.14048998057842255,-0.14468999207019806,-0.14710499346256256,0.36910131573677063,0.36573249101638794,0.36931121349334717,0.3636675179004669,0.3627399802207947,0.3633349537849426,0.3728812336921692,0.3710786998271942,0.3659687340259552,0.37119248509407043]","[-0.049019118701466774,-0.19217971644579906,1.1110317348816974,2.8825559180792415,0.1589435743175724,-1.5429998466092598,0.038880009204149246,-0.030385009944438934,-0.03416500985622406,-0.03003498911857605,-0.03258999437093735,-0.05515999346971512,-0.14153999090194702,-0.14048998057842255,-0.14468999207019806,-0.14710499346256256,0.36910131573677063,0.36573249101638794,0.36931121349334717,0.3636675179004669,0.3627399802207947,0.3633349537849426,0.3728812336921692,0.3710786998271942,0.3659687340259552,0.37119248509407043]","[7.778406143188477e-06,-5.251169204711914e-05,4.017353057861328e-05,-0.0003495216369628906,2.866983413696289e-05,1.621246337890625e-05,-1.7471611499786377e-06,-1.4360994100570679e-06,-2.89231538772583e-05,7.337704300880432e-05,5.945935845375061e-05,-4.246830940246582e-07,1.5795230865478516e-06,2.294778823852539e-06,-8.240342140197754e-06,-1.3753771781921387e-05,-1.6093254089355469e-06,-3.248453140258789e-06,-3.427267074584961e-06,-6.61015510559082e-05,-4.2825937271118164e-05,-1.341104507446289e-06,-1.1324882507324219e-05,-7.12275505065918e-06,4.979968070983887e-05,2.6524066925048828e-05]","[0.1209094226360321,-0.31799349188804626,1.020006775856018]","[0.025921478867530823,0.02372560277581215,-0.6744862794876099,0.7374506592750549]","[0.00012164395593572408,2.858029074559454e-05,0.0006986861117184162]","[-0.003745773108676076,0.003623796161264181,-0.0002798608038574457]","[-0.1599999964237213,-0.30000001192092896,0.7400000095367432]","[0.7070000171661377,0.7070000171661377,0.0,0.0]","[-0.04902676120400429,-0.19212713837623596,1.1109914779663086]","[0.14704979956150055,0.7014911770820618,0.696550726890564,-0.03322095423936844]","[""right_finger2_link3"",""right_finger2_link4"",""right_finger3_link3"",""right_finger3_link4"",""right_finger4_link3"",""right_finger4_link4""]","[[0.0023459154181182384,-0.23963354527950287,0.9864726662635803],[0.004615131765604019,-0.23974214494228363,0.9570602774620056],[-0.02667233534157276,-0.24457420408725739,0.986019492149353],[-0.025789467617869377,-0.24474486708641052,0.9565331935882568],[-0.05308718979358673,-0.2398471236228943,0.9865021109580994],[-0.054490916430950165,-0.2395363450050354,0.9570371508598328]]","[0.0,0.0,0.0,0.0,0.0,0.0]","[[0.0,0.0,0.0],[0.0,0.0,0.0],[0.0,0.0,0.0],[0.0,0.0,0.0],[0.0,0.0,0.0],[0.0,0.0,0.0]]",0.0,"[0.0,0.0,0.0]",0.0,"[0.0,0.0,0.0]",[],[],False,False,False,False,False,[],0.0017895440100179627,0.01974483918126927,6.50304777630135,0.03508826375657082,6.50304777630135,0.0,0.0,0,0,0,True,FRAME_JUMP,True
120,correction_1,FAILED,"[-0.049027059227228165,-0.19212716817855835,1.1109915971755981,2.8829073905944824,0.15891584753990173,-1.5430160760879517,0.03888142108917236,-0.030384087935090065,-0.034135136753320694,-0.03011094406247139,-0.03265165537595749,-0.05515953525900841,-0.14154189825057983,-0.14049187302589417,-0.14468233287334442,-0.14709161221981049,0.36910319328308105,0.36573559045791626,0.3693145513534546,0.36373499035835266,0.3627845048904419,0.3633362948894501,0.37289300560951233,0.37108638882637024,0.3659188747406006,0.3711642324924469]","[-0.049019116908311844,-0.19217970967292786,1.1110317707061768,2.8825559616088867,0.15894357860088348,-1.5429998636245728,0.038880009204149246,-0.030385009944438934,-0.03416500985622406,-0.03003498911857605,-0.03258999437093735,-0.05515999346971512,-0.14153999090194702,-0.14048998057842255,-0.14468999207019806,-0.14710499346256256,0.36910131573677063,0.36573249101638794,0.36931121349334717,0.3636675179004669,0.3627399802207947,0.3633349537849426,0.3728812336921692,0.3710786998271942,0.3659687340259552,0.37119248509407043]","[-0.049019118701466774,-0.19217971644579906,1.1110317348816974,2.8825559180792415,0.1589435743175724,-1.5429998466092598,0.038880009204149246,-0.030385009944438934,-0.03416500985622406,-0.03003498911857605,-0.03258999437093735,-0.05515999346971512,-0.14153999090194702,-0.14048998057842255,-0.14468999207019806,-0.14710499346256256,0.36910131573677063,0.36573249101638794,0.36931121349334717,0.3636675179004669,0.3627399802207947,0.3633349537849426,0.3728812336921692,0.3710786998271942,0.3659687340259552,0.37119248509407043]","[7.9423189163208e-06,-5.2541494369506836e-05,4.017353057861328e-05,-0.0003514289855957031,2.7731060981750488e-05,1.621246337890625e-05,-1.4118850231170654e-06,-9.220093488693237e-07,-2.987310290336609e-05,7.595494389533997e-05,6.16610050201416e-05,-4.5821070671081543e-07,1.9073486328125e-06,1.8924474716186523e-06,-7.659196853637695e-06,-1.3381242752075195e-05,-1.8775463104248047e-06,-3.0994415283203125e-06,-3.337860107421875e-06,-6.747245788574219e-05,-4.45246696472168e-05,-1.341104507446289e-06,-1.1771917343139648e-05,-7.68899917602539e-06,4.985928535461426e-05,2.8252601623535156e-05]","[0.12090925872325897,-0.31799423694610596,1.0200115442276]","[0.02590496651828289,0.023711681365966797,-0.674484133720398,0.7374535202980042]","[8.209260704461485e-05,-0.0003786537272389978,0.00011908536544069648]","[-0.0005350737483240664,0.0003857017436530441,-0.0005752167198807001]","[-0.1599999964237213,-0.30000001192092896,0.7400000095367432]","[0.7070000171661377,0.7070000171661377,0.0,0.0]","[-0.04902692139148712,-0.19212710857391357,1.1109914779663086]","[0.14704953134059906,0.7014911770820618,0.696550726890564,-0.03321990743279457]","[""right_finger2_link3"",""right_finger2_link4"",""right_finger3_link3"",""right_finger3_link4"",""right_finger4_link3"",""right_finger4_link4""]","[[0.0023459158837795258,-0.23963326215744019,0.9864726662635803],[0.004615170881152153,-0.23974183201789856,0.9570602774620056],[-0.026672329753637314,-0.24457389116287231,0.9860194325447083],[-0.025789417326450348,-0.2447444647550583,0.9565331339836121],[-0.053087230771780014,-0.23984694480895996,0.9865021109580994],[-0.054490942507982254,-0.23953615128993988,0.9570371508598328]]","[0.0,0.0,0.0,0.0,0.0,0.0]","[[0.0,0.0,0.0],[0.0,0.0,0.0],[0.0,0.0,0.0],[0.0,0.0,0.0],[0.0,0.0,0.0],[0.0,0.0,0.0]]",0.0,"[0.0,0.0,0.0]",0.0,"[0.0,0.0,0.0]",[],[],False,False,False,False,False,[],0.001792564650404338,0.01974535853045277,6.501833215788684,0.03509263263061837,6.501833215788684,0.0,0.0,0,0,0,True,FRAME_JUMP,True
121,correction_1,FAILED,"[-0.04902699217200279,-0.19212712347507477,1.1109915971755981,2.882908821105957,0.15891554951667786,-1.5430160760879517,0.03888116404414177,-0.030384400859475136,-0.034134890884160995,-0.03011152520775795,-0.032651882618665695,-0.05515950173139572,-0.14154168963432312,-0.1404929757118225,-0.14468185603618622,-0.14709053933620453,0.36910301446914673,0.36573484539985657,0.36931389570236206,0.3637350797653198,0.36278408765792847,0.3633362948894501,0.37289294600486755,0.3710864186286926,0.36591896414756775,0.3711642324924469]","[-0.049019116908311844,-0.19217970967292786,1.1110317707061768,2.8825559616088867,0.15894357860088348,-1.5429998636245728,0.038880009204149246,-0.030385009944438934,-0.03416500985622406,-0.03003498911857605,-0.03258999437093735,-0.05515999346971512,-0.14153999090194702,-0.14048998057842255,-0.14468999207019806,-0.14710499346256256,0.36910131573677063,0.36573249101638794,0.36931121349334717,0.3636675179004669,0.3627399802207947,0.3633349537849426,0.3728812336921692,0.3710786998271942,0.3659687340259552,0.37119248509407043]","[-0.049019118701466774,-0.19217971644579906,1.1110317348816974,2.8825559180792415,0.1589435743175724,-1.5429998466092598,0.038880009204149246,-0.030385009944438934,-0.03416500985622406,-0.03003498911857605,-0.03258999437093735,-0.05515999346971512,-0.14153999090194702,-0.14048998057842255,-0.14468999207019806,-0.14710499346256256,0.36910131573677063,0.36573249101638794,0.36931121349334717,0.3636675179004669,0.3627399802207947,0.3633349537849426,0.3728812336921692,0.3710786998271942,0.3659687340259552,0.37119248509407043]","[7.875263690948486e-06,-5.258619785308838e-05,4.017353057861328e-05,-0.0003528594970703125,2.802908420562744e-05,1.621246337890625e-05,-1.1548399925231934e-06,-6.09084963798523e-07,-3.0118972063064575e-05,7.653608918190002e-05,6.188824772834778e-05,-4.917383193969727e-07,1.6987323760986328e-06,2.995133399963379e-06,-8.13603401184082e-06,-1.4454126358032227e-05,-1.6987323760986328e-06,-2.3543834686279297e-06,-2.682209014892578e-06,-6.756186485290527e-05,-4.410743713378906e-05,-1.341104507446289e-06,-1.1712312698364258e-05,-7.718801498413086e-06,4.976987838745117e-05,2.8252601623535156e-05]","[0.12090985476970673,-0.317996084690094,1.0200022459030151]","[0.02592085301876068,0.02372576668858528,-0.6744847297668457,0.7374520897865295]","[-9.341140685137361e-05,-0.00025341130094602704,0.00012459495337679982]","[-0.0010478566400706768,9.014761599246413e-05,-0.0009629377746023238]","[-0.1599999964237213,-0.30000001192092896,0.7400000095367432]","[0.7070000171661377,0.7070000171661377,0.0,0.0]","[-0.04902685806155205,-0.19212706387043,1.1109914779663086]","[0.14704887568950653,0.7014914155006409,0.6965508460998535,-0.03321951627731323]","[""right_finger2_link3"",""right_finger2_link4"",""right_finger3_link3"",""right_finger3_link4"",""right_finger4_link3"",""right_finger4_link4""]","[[0.0023459286894649267,-0.23963305354118347,0.9864726066589355],[0.004615180194377899,-0.23974162340164185,0.9570602178573608],[-0.026672376319766045,-0.2445736527442932,0.9860194325447083],[-0.02578950859606266,-0.2447441965341568,0.9565331339836121],[-0.05308721587061882,-0.23984673619270325,0.9865021109580994],[-0.05449093133211136,-0.23953591287136078,0.9570371508598328]]","[0.0,0.0,0.0,0.0,0.0,0.0]","[[0.0,0.0,0.0],[0.0,0.0,0.0],[0.0,0.0,0.0],[0.0,0.0,0.0],[0.0,0.0,0.0],[0.0,0.0,0.0]]",0.0,"[0.0,0.0,0.0]",0.0,"[0.0,0.0,0.0]",[],[],False,False,False,False,False,[],0.0017847071321814845,0.019747345607573574,6.5032126987970065,0.03508580112411964,6.5032126987970065,0.0,0.0,0,0,0,True,FRAME_JUMP,True
122,correction_1,FAILED,"[-0.04902699962258339,-0.19212694466114044,1.1109915971755981,2.882910966873169,0.1589154303073883,-1.5430160760879517,0.03888119012117386,-0.030384575948119164,-0.03413494676351547,-0.03011159971356392,-0.03265201672911644,-0.05515943095088005,-0.1415417492389679,-0.14049258828163147,-0.1446818858385086,-0.14709053933620453,0.3691033124923706,0.3657352328300476,0.3693137466907501,0.36373478174209595,0.36278393864631653,0.3633362948894501,0.37289291620254517,0.37108612060546875,0.36591869592666626,0.37116438150405884]","[-0.049019116908311844,-0.19217970967292786,1.1110317707061768,2.8825559616088867,0.15894357860088348,-1.5429998636245728,0.038880009204149246,-0.030385009944438934,-0.03416500985622406,-0.03003498911857605,-0.03258999437093735,-0.05515999346971512,-0.14153999090194702,-0.14048998057842255,-0.14468999207019806,-0.14710499346256256,0.36910131573677063,0.36573249101638794,0.36931121349334717,0.3636675179004669,0.3627399802207947,0.3633349537849426,0.3728812336921692,0.3710786998271942,0.3659687340259552,0.37119248509407043]","[-0.049019118701466774,-0.19217971644579906,1.1110317348816974,2.8825559180792415,0.1589435743175724,-1.5429998466092598,0.038880009204149246,-0.030385009944438934,-0.03416500985622406,-0.03003498911857605,-0.03258999437093735,-0.05515999346971512,-0.14153999090194702,-0.14048998057842255,-0.14468999207019806,-0.14710499346256256,0.36910131573677063,0.36573249101638794,0.36931121349334717,0.3636675179004669,0.3627399802207947,0.3633349537849426,0.3728812336921692,0.3710786998271942,0.3659687340259552,0.37119248509407043]","[7.88271427154541e-06,-5.276501178741455e-05,4.017353057861328e-05,-0.00035500526428222656,2.8148293495178223e-05,1.621246337890625e-05,-1.1809170246124268e-06,-4.33996319770813e-07,-3.0063092708587646e-05,7.661059498786926e-05,6.202235817909241e-05,-5.62518835067749e-07,1.7583370208740234e-06,2.60770320892334e-06,-8.106231689453125e-06,-1.4454126358032227e-05,-1.996755599975586e-06,-2.7418136596679688e-06,-2.5331974029541016e-06,-6.726384162902832e-05,-4.3958425521850586e-05,-1.341104507446289e-06,-1.1682510375976562e-05,-7.420778274536133e-06,5.003809928894043e-05,2.810359001159668e-05]","[0.12090945243835449,-0.3179975152015686,1.0200001001358032]","[0.025913266465067863,0.023718424141407013,-0.6744945049285889,0.7374435663223267]","[-9.348314779344946e-05,-6.337497325148433e-05,-0.00013618107186630368]","[0.0005844125407747924,2.3356771635008045e-05,-0.0010803587501868606]","[-0.1599999964237213,-0.30000001192092896,0.7400000095367432]","[0.7070000171661377,0.7070000171661377,0.0,0.0]","[-0.049026861786842346,-0.19212688505649567,1.1109914779663086]","[0.1470481902360916,0.7014914751052856,0.6965507864952087,-0.033218856900930405]","[""right_finger2_link3"",""right_finger2_link4"",""right_finger3_link3"",""right_finger3_link4"",""right_finger4_link3"",""right_finger4_link4""]","[[0.0023459200747311115,-0.23963266611099243,0.986472487449646],[0.004615171812474728,-0.23974116146564484,0.9570600986480713],[-0.026672355830669403,-0.2445732206106186,0.9860191941261292],[-0.025789476931095123,-0.2447437345981598,0.956532895565033],[-0.053087230771780014,-0.2398463487625122,0.9865019917488098],[-0.05449094623327255,-0.23953548073768616,0.9570370316505432]]","[0.0,0.0,0.0,0.0,0.0,0.0]","[[0.0,0.0,0.0],[0.0,0.0,0.0],[0.0,0.0,0.0],[0.0,0.0,0.0],[0.0,0.0,0.0],[0.0,0.0,0.0]]",0.0,"[0.0,0.0,0.0]",0.0,"[0.0,0.0,0.0]",[],[],False,False,False,False,False,[],0.0017837307421018078,0.019748932108825362,6.501296895388902,0.035084859346769484,6.501296895388902,0.0,0.0,0,0,0,True,FRAME_JUMP,True
